request_id,pickup_point,status,request_timestamp,target_cancelled,hour,day_of_week,month,is_weekend,time_band
619,Airport,Trip Completed,2016-11-07 11:51:00,0,11.0,Monday,11.0,0,Morning
867,Airport,Trip Completed,2016-11-07 17:57:00,0,17.0,Monday,11.0,0,Evening
1807,City,Trip Completed,2016-12-07 09:17:00,0,9.0,Wednesday,12.0,0,Morning
2532,Airport,Trip Completed,2016-12-07 21:08:00,0,21.0,Wednesday,12.0,0,Late evening
3112,City,Trip Completed,,0,,,,0,
3879,Airport,Trip Completed,,0,,,,0,
4270,Airport,Trip Completed,,0,,,,0,
5510,Airport,Trip Completed,,0,,,,0,
6248,City,Trip Completed,,0,,,,0,
267,City,Trip Completed,2016-11-07 06:46:00,0,6.0,Monday,11.0,0,Morning
1467,Airport,Trip Completed,2016-12-07 05:08:00,0,5.0,Wednesday,12.0,0,Night
1983,City,Trip Completed,2016-12-07 12:30:00,0,12.0,Wednesday,12.0,0,Afternoon
2784,Airport,Trip Completed,,0,,,,0,
3075,City,Trip Completed,,0,,,,0,
3379,City,Trip Completed,,0,,,,0,
3482,Airport,Trip Completed,,0,,,,0,
4652,City,Trip Completed,,0,,,,0,
5335,Airport,Trip Completed,,0,,,,0,
535,Airport,Trip Completed,2016-11-07 10:00:00,0,10.0,Monday,11.0,0,Morning
960,Airport,Trip Completed,2016-11-07 18:45:00,0,18.0,Monday,11.0,0,Evening
1934,Airport,Trip Completed,2016-12-07 11:17:00,0,11.0,Wednesday,12.0,0,Morning
2083,Airport,Trip Completed,2016-12-07 15:46:00,0,15.0,Wednesday,12.0,0,Afternoon
2211,Airport,Trip Completed,2016-12-07 18:00:00,0,18.0,Wednesday,12.0,0,Evening
3096,Airport,Trip Completed,,0,,,,0,
3881,Airport,Trip Completed,,0,,,,0,
5254,City,Trip Completed,,0,,,,0,
5434,City,Trip Completed,,0,,,,0,
5916,City,Trip Completed,,0,,,,0,
669,City,Trip Completed,2016-11-07 13:08:00,0,13.0,Monday,11.0,0,Afternoon
1567,Airport,Trip Completed,2016-12-07 06:21:00,0,6.0,Wednesday,12.0,0,Morning
1826,City,Trip Completed,2016-12-07 09:27:00,0,9.0,Wednesday,12.0,0,Morning
2102,City,Trip Completed,2016-12-07 16:09:00,0,16.0,Wednesday,12.0,0,Afternoon
2847,Airport,Trip Completed,,0,,,,0,
3722,Airport,Trip Completed,,0,,,,0,
4075,City,Trip Completed,,0,,,,0,
4686,City,Trip Completed,,0,,,,0,
5771,Airport,Trip Completed,,0,,,,0,
6106,Airport,Trip Completed,,0,,,,0,
312,City,Trip Completed,2016-11-07 07:27:00,0,7.0,Monday,11.0,0,Morning
577,Airport,Trip Completed,2016-11-07 11:03:00,0,11.0,Monday,11.0,0,Morning
1179,City,Trip Completed,2016-11-07 20:58:00,0,20.0,Monday,11.0,0,Evening
1756,Airport,Trip Completed,2016-12-07 08:40:00,0,8.0,Wednesday,12.0,0,Morning
2052,City,Trip Completed,2016-12-07 14:48:00,0,14.0,Wednesday,12.0,0,Afternoon
2559,City,Trip Completed,2016-12-07 21:32:00,0,21.0,Wednesday,12.0,0,Late evening
3014,City,Trip Completed,,0,,,,0,
3317,City,Trip Completed,,0,,,,0,
4297,City,Trip Completed,,0,,,,0,
5857,Airport,Trip Completed,,0,,,,0,
6690,Airport,Trip Completed,,0,,,,0,
1517,Airport,Trip Completed,2016-12-07 05:45:00,0,5.0,Wednesday,12.0,0,Night
1999,Airport,Trip Completed,2016-12-07 13:02:00,0,13.0,Wednesday,12.0,0,Afternoon
2960,Airport,Trip Completed,,0,,,,0,
3882,City,Trip Completed,,0,,,,0,
4081,Airport,Trip Completed,,0,,,,0,
4740,City,Trip Completed,,0,,,,0,
5270,City,Trip Completed,,0,,,,0,
6758,Airport,Trip Completed,,0,,,,0,
5741,City,Trip Completed,,0,,,,0,
6087,Airport,Trip Completed,,0,,,,0,
1039,City,Trip Completed,2016-11-07 19:31:00,0,19.0,Monday,11.0,0,Evening
1273,Airport,Trip Completed,2016-11-07 22:07:00,0,22.0,Monday,11.0,0,Late evening
2480,City,Trip Completed,2016-12-07 20:39:00,0,20.0,Wednesday,12.0,0,Evening
4105,City,Trip Completed,,0,,,,0,
4509,City,Trip Completed,,0,,,,0,
4986,Airport,Trip Completed,,0,,,,0,
5898,City,Trip Completed,,0,,,,0,
6142,Airport,Trip Completed,,0,,,,0,
380,Airport,Trip Completed,2016-11-07 08:18:00,0,8.0,Monday,11.0,0,Morning
1050,Airport,Trip Completed,2016-11-07 19:39:00,0,19.0,Monday,11.0,0,Evening
1769,City,Trip Completed,2016-12-07 08:57:00,0,8.0,Wednesday,12.0,0,Morning
2520,City,Trip Completed,2016-12-07 21:05:00,0,21.0,Wednesday,12.0,0,Late evening
3265,Airport,Trip Completed,,0,,,,0,
4648,City,Trip Completed,,0,,,,0,
449,Airport,Trip Completed,2016-11-07 09:08:00,0,9.0,Monday,11.0,0,Morning
846,Airport,Trip Completed,2016-11-07 17:46:00,0,17.0,Monday,11.0,0,Evening
1346,Airport,Trip Completed,2016-11-07 23:39:00,0,23.0,Monday,11.0,0,Late evening
1474,Airport,Trip Completed,2016-12-07 05:13:00,0,5.0,Wednesday,12.0,0,Night
2240,City,Trip Completed,2016-12-07 18:20:00,0,18.0,Wednesday,12.0,0,Evening
3072,Airport,Trip Completed,,0,,,,0,
3459,Airport,Trip Completed,,0,,,,0,
3774,Airport,Trip Completed,,0,,,,0,
4023,City,Trip Completed,,0,,,,0,
4117,City,Trip Completed,,0,,,,0,
4880,Airport,Trip Completed,,0,,,,0,
5568,Airport,Trip Completed,,0,,,,0,
5994,Airport,Trip Completed,,0,,,,0,
1809,Airport,Trip Completed,2016-12-07 09:13:00,0,9.0,Wednesday,12.0,0,Morning
2064,Airport,Trip Completed,2016-12-07 15:08:00,0,15.0,Wednesday,12.0,0,Afternoon
3210,City,Trip Completed,,0,,,,0,
4350,City,Trip Completed,,0,,,,0,
4713,City,Trip Completed,,0,,,,0,
5629,Airport,Trip Completed,,0,,,,0,
6157,Airport,Trip Completed,,0,,,,0,
2030,City,Trip Completed,2016-12-07 14:11:00,0,14.0,Wednesday,12.0,0,Afternoon
3226,City,Trip Completed,,0,,,,0,
3353,City,Trip Completed,,0,,,,0,
4293,City,Trip Completed,,0,,,,0,
4936,City,Trip Completed,,0,,,,0,
5661,Airport,Trip Completed,,0,,,,0,
5778,City,Trip Completed,,0,,,,0,
6425,Airport,Trip Completed,,0,,,,0,
45,Airport,Trip Completed,2016-11-07 03:17:00,0,3.0,Monday,11.0,0,Night
264,City,Trip Completed,2016-11-07 06:51:00,0,6.0,Monday,11.0,0,Morning
1183,City,Trip Completed,2016-11-07 21:05:00,0,21.0,Monday,11.0,0,Late evening
1536,Airport,Trip Completed,2016-12-07 05:59:00,0,5.0,Wednesday,12.0,0,Night
2437,City,Trip Completed,2016-12-07 20:18:00,0,20.0,Wednesday,12.0,0,Evening
2641,Airport,Trip Completed,2016-12-07 22:28:00,0,22.0,Wednesday,12.0,0,Late evening
4077,Airport,Trip Completed,,0,,,,0,
4610,City,Trip Completed,,0,,,,0,
5066,Airport,Trip Completed,,0,,,,0,
5666,Airport,Trip Completed,,0,,,,0,
5923,City,Trip Completed,,0,,,,0,
6367,City,Trip Completed,,0,,,,0,
155,City,Trip Completed,2016-11-07 05:32:00,0,5.0,Monday,11.0,0,Night
310,Airport,Trip Completed,2016-11-07 07:24:00,0,7.0,Monday,11.0,0,Morning
607,City,Trip Completed,2016-11-07 11:51:00,0,11.0,Monday,11.0,0,Morning
1012,City,Trip Completed,2016-11-07 19:15:00,0,19.0,Monday,11.0,0,Evening
1696,Airport,Trip Completed,2016-12-07 08:01:00,0,8.0,Wednesday,12.0,0,Morning
3076,City,Trip Completed,,0,,,,0,
4198,Airport,Trip Completed,,0,,,,0,
4627,City,Trip Completed,,0,,,,0,
5289,City,Trip Completed,,0,,,,0,
5495,Airport,Trip Completed,,0,,,,0,
6656,Airport,Trip Completed,,0,,,,0,
139,Airport,Trip Completed,2016-11-07 05:21:00,0,5.0,Monday,11.0,0,Night
215,City,Trip Completed,2016-11-07 06:15:00,0,6.0,Monday,11.0,0,Morning
1816,City,Trip Completed,2016-12-07 09:24:00,0,9.0,Wednesday,12.0,0,Morning
2505,Airport,Trip Completed,2016-12-07 21:03:00,0,21.0,Wednesday,12.0,0,Late evening
3346,City,Trip Completed,,0,,,,0,
5294,City,Trip Completed,,0,,,,0,
6226,Airport,Trip Completed,,0,,,,0,
6733,Airport,Trip Completed,,0,,,,0,
1027,Airport,Trip Completed,2016-11-07 19:18:00,0,19.0,Monday,11.0,0,Evening
2675,Airport,Trip Completed,2016-12-07 23:43:00,0,23.0,Wednesday,12.0,0,Late evening
3200,City,Trip Completed,,0,,,,0,
3865,City,Trip Completed,,0,,,,0,
4468,City,Trip Completed,,0,,,,0,
5163,Airport,Trip Completed,,0,,,,0,
6009,City,Trip Completed,,0,,,,0,
6448,Airport,Trip Completed,,0,,,,0,
591,City,Trip Completed,2016-11-07 11:25:00,0,11.0,Monday,11.0,0,Morning
709,City,Trip Completed,2016-11-07 14:16:00,0,14.0,Monday,11.0,0,Afternoon
1167,Airport,Trip Completed,2016-11-07 20:50:00,0,20.0,Monday,11.0,0,Evening
2661,Airport,Trip Completed,2016-12-07 23:23:00,0,23.0,Wednesday,12.0,0,Late evening
2808,City,Trip Completed,,0,,,,0,
3258,Airport,Trip Completed,,0,,,,0,
3413,Airport,Trip Completed,,0,,,,0,
3939,Airport,Trip Completed,,0,,,,0,
4125,City,Trip Completed,,0,,,,0,
4457,City,Trip Completed,,0,,,,0,
4728,City,Trip Completed,,0,,,,0,
5347,Airport,Trip Completed,,0,,,,0,
6147,City,Trip Completed,,0,,,,0,
6496,Airport,Trip Completed,,0,,,,0,
634,City,Trip Completed,2016-11-07 12:25:00,0,12.0,Monday,11.0,0,Afternoon
939,Airport,Trip Completed,2016-11-07 18:25:00,0,18.0,Monday,11.0,0,Evening
2628,Airport,Trip Completed,2016-12-07 22:10:00,0,22.0,Wednesday,12.0,0,Late evening
3021,City,Trip Completed,,0,,,,0,
4743,City,Trip Completed,,0,,,,0,
4981,City,Trip Completed,,0,,,,0,
5367,Airport,Trip Completed,,0,,,,0,
5471,Airport,Trip Completed,,0,,,,0,
5988,Airport,Trip Completed,,0,,,,0,
6477,Airport,Trip Completed,,0,,,,0,
499,City,Trip Completed,2016-11-07 09:39:00,0,9.0,Monday,11.0,0,Morning
1147,Airport,Trip Completed,2016-11-07 20:42:00,0,20.0,Monday,11.0,0,Evening
1410,Airport,Trip Completed,2016-12-07 03:14:00,0,3.0,Wednesday,12.0,0,Night
1804,Airport,Trip Completed,2016-12-07 09:12:00,0,9.0,Wednesday,12.0,0,Morning
1949,Airport,Trip Completed,2016-12-07 11:32:00,0,11.0,Wednesday,12.0,0,Morning
2713,City,Trip Completed,,0,,,,0,
2845,City,Trip Completed,,0,,,,0,
3943,Airport,Trip Completed,,0,,,,0,
4792,City,Trip Completed,,0,,,,0,
5207,Airport,Trip Completed,,0,,,,0,
5890,City,Trip Completed,,0,,,,0,
494,City,Trip Completed,2016-11-07 09:36:00,0,9.0,Monday,11.0,0,Morning
1485,City,Trip Completed,2016-12-07 05:21:00,0,5.0,Wednesday,12.0,0,Night
2042,City,Trip Completed,2016-12-07 14:30:00,0,14.0,Wednesday,12.0,0,Afternoon
2561,Airport,Trip Completed,2016-12-07 21:29:00,0,21.0,Wednesday,12.0,0,Late evening
3813,Airport,Trip Completed,,0,,,,0,
4260,Airport,Trip Completed,,0,,,,0,
4395,City,Trip Completed,,0,,,,0,
5919,City,Trip Completed,,0,,,,0,
6002,Airport,Trip Completed,,0,,,,0,
468,City,Trip Completed,2016-11-07 09:20:00,0,9.0,Monday,11.0,0,Morning
693,Airport,Trip Completed,2016-11-07 13:51:00,0,13.0,Monday,11.0,0,Afternoon
1178,City,Trip Completed,2016-11-07 21:05:00,0,21.0,Monday,11.0,0,Late evening
2103,City,Trip Completed,2016-12-07 16:08:00,0,16.0,Wednesday,12.0,0,Afternoon
2292,Airport,Trip Completed,2016-12-07 18:46:00,0,18.0,Wednesday,12.0,0,Evening
3339,City,Trip Completed,,0,,,,0,
3694,City,Trip Completed,,0,,,,0,
4469,City,Trip Completed,,0,,,,0,
6432,City,Trip Completed,,0,,,,0,
1895,City,Trip Completed,2016-12-07 10:20:00,0,10.0,Wednesday,12.0,0,Morning
1981,Airport,Trip Completed,2016-12-07 12:23:00,0,12.0,Wednesday,12.0,0,Afternoon
3744,Airport,Trip Completed,,0,,,,0,
4433,Airport,Trip Completed,,0,,,,0,
6039,Airport,Trip Completed,,0,,,,0,
6543,City,Trip Completed,,0,,,,0,
110,City,Trip Completed,2016-11-07 05:05:00,0,5.0,Monday,11.0,0,Night
362,City,Trip Completed,2016-11-07 08:01:00,0,8.0,Monday,11.0,0,Morning
666,Airport,Trip Completed,2016-11-07 13:02:00,0,13.0,Monday,11.0,0,Afternoon
926,City,Trip Completed,2016-11-07 18:28:00,0,18.0,Monday,11.0,0,Evening
1180,Airport,Trip Completed,2016-11-07 21:01:00,0,21.0,Monday,11.0,0,Late evening
1900,City,Trip Completed,2016-12-07 10:32:00,0,10.0,Wednesday,12.0,0,Morning
2506,City,Trip Completed,2016-12-07 21:01:00,0,21.0,Wednesday,12.0,0,Late evening
3064,City,Trip Completed,,0,,,,0,
3327,Airport,Trip Completed,,0,,,,0,
3601,City,Trip Completed,,0,,,,0,
4768,Airport,Trip Completed,,0,,,,0,
5142,City,Trip Completed,,0,,,,0,
5366,Airport,Trip Completed,,0,,,,0,
5575,City,Trip Completed,,0,,,,0,
5902,City,Trip Completed,,0,,,,0,
6694,Airport,Trip Completed,,0,,,,0,
523,Airport,Trip Completed,2016-11-07 09:48:00,0,9.0,Monday,11.0,0,Morning
747,City,Trip Completed,2016-11-07 15:53:00,0,15.0,Monday,11.0,0,Afternoon
1371,Airport,Trip Completed,2016-12-07 00:22:00,0,0.0,Wednesday,12.0,0,Night
1553,City,Trip Completed,2016-12-07 06:09:00,0,6.0,Wednesday,12.0,0,Morning
1692,Airport,Trip Completed,2016-12-07 07:52:00,0,7.0,Wednesday,12.0,0,Morning
2114,City,Trip Completed,2016-12-07 16:36:00,0,16.0,Wednesday,12.0,0,Afternoon
2742,City,Trip Completed,,0,,,,0,
4273,City,Trip Completed,,0,,,,0,
4668,City,Trip Completed,,0,,,,0,
5425,City,Trip Completed,,0,,,,0,
5488,City,Trip Completed,,0,,,,0,
5781,City,Trip Completed,,0,,,,0,
5966,Airport,Trip Completed,,0,,,,0,
6122,City,Trip Completed,,0,,,,0,
357,Airport,Trip Completed,2016-11-07 08:00:00,0,8.0,Monday,11.0,0,Morning
1068,City,Trip Completed,2016-11-07 19:52:00,0,19.0,Monday,11.0,0,Evening
2689,Airport,Trip Completed,,0,,,,0,
2791,City,Trip Completed,,0,,,,0,
3321,City,Trip Completed,,0,,,,0,
3423,Airport,Trip Completed,,0,,,,0,
3761,Airport,Trip Completed,,0,,,,0,
4140,City,Trip Completed,,0,,,,0,
4656,City,Trip Completed,,0,,,,0,
4931,Airport,Trip Completed,,0,,,,0,
5268,City,Trip Completed,,0,,,,0,
5811,City,Trip Completed,,0,,,,0,
6139,Airport,Trip Completed,,0,,,,0,
6333,Airport,Trip Completed,,0,,,,0,
773,City,Trip Completed,2016-11-07 16:23:00,0,16.0,Monday,11.0,0,Afternoon
1123,City,Trip Completed,2016-11-07 20:20:00,0,20.0,Monday,11.0,0,Evening
2667,Airport,Trip Completed,2016-12-07 23:35:00,0,23.0,Wednesday,12.0,0,Late evening
2833,City,Trip Completed,,0,,,,0,
3396,City,Trip Completed,,0,,,,0,
3590,City,Trip Completed,,0,,,,0,
3762,City,Trip Completed,,0,,,,0,
4566,City,Trip Completed,,0,,,,0,
4862,City,Trip Completed,,0,,,,0,
5564,Airport,Trip Completed,,0,,,,0,
6187,City,Trip Completed,,0,,,,0,
6642,City,Trip Completed,,0,,,,0,
322,City,Trip Completed,2016-11-07 07:31:00,0,7.0,Monday,11.0,0,Morning
793,City,Trip Completed,2016-11-07 17:04:00,0,17.0,Monday,11.0,0,Evening
898,Airport,Trip Completed,2016-11-07 18:14:00,0,18.0,Monday,11.0,0,Evening
1258,City,Trip Completed,2016-11-07 21:51:00,0,21.0,Monday,11.0,0,Late evening
2832,City,Trip Completed,,0,,,,0,
3139,City,Trip Completed,,0,,,,0,
3438,City,Trip Completed,,0,,,,0,
3966,Airport,Trip Completed,,0,,,,0,
6401,Airport,Trip Completed,,0,,,,0,
204,City,Trip Completed,2016-11-07 06:04:00,0,6.0,Monday,11.0,0,Morning
632,Airport,Trip Completed,2016-11-07 12:20:00,0,12.0,Monday,11.0,0,Afternoon
763,City,Trip Completed,2016-11-07 16:19:00,0,16.0,Monday,11.0,0,Afternoon
1786,Airport,Trip Completed,2016-12-07 09:03:00,0,9.0,Wednesday,12.0,0,Morning
1968,City,Trip Completed,2016-12-07 12:10:00,0,12.0,Wednesday,12.0,0,Afternoon
2088,Airport,Trip Completed,2016-12-07 15:51:00,0,15.0,Wednesday,12.0,0,Afternoon
2473,Airport,Trip Completed,2016-12-07 20:43:00,0,20.0,Wednesday,12.0,0,Evening
2869,Airport,Trip Completed,,0,,,,0,
3742,Airport,Trip Completed,,0,,,,0,
4440,Airport,Trip Completed,,0,,,,0,
5234,City,Trip Completed,,0,,,,0,
6354,Airport,Trip Completed,,0,,,,0,
6638,City,Trip Completed,,0,,,,0,
84,City,Trip Completed,2016-11-07 04:50:00,0,4.0,Monday,11.0,0,Night
1199,City,Trip Completed,2016-11-07 21:17:00,0,21.0,Monday,11.0,0,Late evening
1676,Airport,Trip Completed,2016-12-07 07:44:00,0,7.0,Wednesday,12.0,0,Morning
2774,City,Trip Completed,,0,,,,0,
3220,Airport,Trip Completed,,0,,,,0,
3718,Airport,Trip Completed,,0,,,,0,
4904,Airport,Trip Completed,,0,,,,0,
6527,Airport,Trip Completed,,0,,,,0,
6710,City,Trip Completed,,0,,,,0,
1584,Airport,Trip Completed,2016-12-07 06:26:00,0,6.0,Wednesday,12.0,0,Morning
1966,Airport,Trip Completed,2016-12-07 12:05:00,0,12.0,Wednesday,12.0,0,Afternoon
2827,City,Trip Completed,,0,,,,0,
2945,Airport,Trip Completed,,0,,,,0,
3365,City,Trip Completed,,0,,,,0,
3548,Airport,Trip Completed,,0,,,,0,
3753,City,Trip Completed,,0,,,,0,
4569,Airport,Trip Completed,,0,,,,0,
6309,Airport,Trip Completed,,0,,,,0,
6437,City,Trip Completed,,0,,,,0,
517,Airport,Trip Completed,2016-11-07 09:45:00,0,9.0,Monday,11.0,0,Morning
1406,Airport,Trip Completed,2016-12-07 03:02:00,0,3.0,Wednesday,12.0,0,Night
1643,Airport,Trip Completed,2016-12-07 07:18:00,0,7.0,Wednesday,12.0,0,Morning
2108,Airport,Trip Completed,2016-12-07 16:14:00,0,16.0,Wednesday,12.0,0,Afternoon
2647,City,Trip Completed,2016-12-07 22:46:00,0,22.0,Wednesday,12.0,0,Late evening
3129,City,Trip Completed,,0,,,,0,
3738,Airport,Trip Completed,,0,,,,0,
4422,Airport,Trip Completed,,0,,,,0,
4790,City,Trip Completed,,0,,,,0,
5496,City,Trip Completed,,0,,,,0,
6484,Airport,Trip Completed,,0,,,,0,
6731,Airport,Trip Completed,,0,,,,0,
629,Airport,Trip Completed,2016-11-07 12:14:00,0,12.0,Monday,11.0,0,Afternoon
745,Airport,Trip Completed,2016-11-07 15:48:00,0,15.0,Monday,11.0,0,Afternoon
1064,City,Trip Completed,2016-11-07 19:53:00,0,19.0,Monday,11.0,0,Evening
1886,Airport,Trip Completed,2016-12-07 10:10:00,0,10.0,Wednesday,12.0,0,Morning
5608,Airport,Trip Completed,,0,,,,0,
5877,City,Trip Completed,,0,,,,0,
6100,Airport,Trip Completed,,0,,,,0,
6659,Airport,Trip Completed,,0,,,,0,
2162,Airport,Trip Completed,2016-12-07 17:34:00,0,17.0,Wednesday,12.0,0,Evening
3294,Airport,Trip Completed,,0,,,,0,
3686,City,Trip Completed,,0,,,,0,
4784,City,Trip Completed,,0,,,,0,
5896,City,Trip Completed,,0,,,,0,
6190,City,Trip Completed,,0,,,,0,
6551,City,Trip Completed,,0,,,,0,
145,City,Trip Completed,2016-11-07 05:32:00,0,5.0,Monday,11.0,0,Night
735,City,Trip Completed,2016-11-07 15:27:00,0,15.0,Monday,11.0,0,Afternoon
918,Airport,Trip Completed,2016-11-07 18:22:00,0,18.0,Monday,11.0,0,Evening
1478,City,Trip Completed,2016-12-07 05:16:00,0,5.0,Wednesday,12.0,0,Night
1957,City,Trip Completed,2016-12-07 11:45:00,0,11.0,Wednesday,12.0,0,Morning
3097,City,Trip Completed,,0,,,,0,
3981,Airport,Trip Completed,,0,,,,0,
4175,City,Trip Completed,,0,,,,0,
6237,City,Trip Completed,,0,,,,0,
738,City,Trip Completed,2016-11-07 15:30:00,0,15.0,Monday,11.0,0,Afternoon
2731,City,Trip Completed,,0,,,,0,
2863,Airport,Trip Completed,,0,,,,0,
3528,Airport,Trip Completed,,0,,,,0,
4653,City,Trip Completed,,0,,,,0,
5042,City,Trip Completed,,0,,,,0,
360,Airport,Trip Completed,2016-11-07 08:02:00,0,8.0,Monday,11.0,0,Morning
771,Airport,Trip Completed,2016-11-07 16:19:00,0,16.0,Monday,11.0,0,Afternoon
1274,City,Trip Completed,2016-11-07 22:01:00,0,22.0,Monday,11.0,0,Late evening
1501,City,Trip Completed,2016-12-07 05:41:00,0,5.0,Wednesday,12.0,0,Night
1972,City,Trip Completed,2016-12-07 12:22:00,0,12.0,Wednesday,12.0,0,Afternoon
2871,City,Trip Completed,,0,,,,0,
3395,City,Trip Completed,,0,,,,0,
3572,City,Trip Completed,,0,,,,0,
4118,Airport,Trip Completed,,0,,,,0,
4739,City,Trip Completed,,0,,,,0,
6556,City,Trip Completed,,0,,,,0,
6677,Airport,Trip Completed,,0,,,,0,
1104,Airport,Trip Completed,2016-11-07 20:17:00,0,20.0,Monday,11.0,0,Evening
1596,Airport,Trip Completed,2016-12-07 06:39:00,0,6.0,Wednesday,12.0,0,Morning
1835,Airport,Trip Completed,2016-12-07 09:35:00,0,9.0,Wednesday,12.0,0,Morning
2110,Airport,Trip Completed,2016-12-07 16:19:00,0,16.0,Wednesday,12.0,0,Afternoon
2759,Airport,Trip Completed,,0,,,,0,
3010,Airport,Trip Completed,,0,,,,0,
3403,City,Trip Completed,,0,,,,0,
3856,Airport,Trip Completed,,0,,,,0,
4472,City,Trip Completed,,0,,,,0,
5199,City,Trip Completed,,0,,,,0,
5612,City,Trip Completed,,0,,,,0,
6614,Airport,Trip Completed,,0,,,,0,
191,Airport,Trip Completed,2016-11-07 05:55:00,0,5.0,Monday,11.0,0,Night
333,City,Trip Completed,2016-11-07 07:43:00,0,7.0,Monday,11.0,0,Morning
488,Airport,Trip Completed,2016-11-07 09:35:00,0,9.0,Monday,11.0,0,Morning
1780,City,Trip Completed,2016-12-07 08:58:00,0,8.0,Wednesday,12.0,0,Morning
2235,Airport,Trip Completed,2016-12-07 18:12:00,0,18.0,Wednesday,12.0,0,Evening
2516,City,Trip Completed,2016-12-07 21:05:00,0,21.0,Wednesday,12.0,0,Late evening
4209,City,Trip Completed,,0,,,,0,
4726,City,Trip Completed,,0,,,,0,
5088,Airport,Trip Completed,,0,,,,0,
5352,Airport,Trip Completed,,0,,,,0,
6024,Airport,Trip Completed,,0,,,,0,
6196,Airport,Trip Completed,,0,,,,0,
6297,City,Trip Completed,,0,,,,0,
125,City,Trip Completed,2016-11-07 05:12:00,0,5.0,Monday,11.0,0,Night
1611,City,Trip Completed,2016-12-07 06:49:00,0,6.0,Wednesday,12.0,0,Morning
1814,City,Trip Completed,2016-12-07 09:19:00,0,9.0,Wednesday,12.0,0,Morning
3088,City,Trip Completed,,0,,,,0,
3384,Airport,Trip Completed,,0,,,,0,
4218,Airport,Trip Completed,,0,,,,0,
5757,City,Trip Completed,,0,,,,0,
5958,Airport,Trip Completed,,0,,,,0,
6314,City,Trip Completed,,0,,,,0,
249,City,Trip Completed,2016-11-07 06:31:00,0,6.0,Monday,11.0,0,Morning
728,City,Trip Completed,2016-11-07 15:05:00,0,15.0,Monday,11.0,0,Afternoon
3042,City,Trip Completed,,0,,,,0,
3620,City,Trip Completed,,0,,,,0,
4276,City,Trip Completed,,0,,,,0,
4735,City,Trip Completed,,0,,,,0,
1353,Airport,Trip Completed,2016-11-07 23:51:00,0,23.0,Monday,11.0,0,Late evening
1568,City,Trip Completed,2016-12-07 06:18:00,0,6.0,Wednesday,12.0,0,Morning
2465,City,Trip Completed,2016-12-07 20:38:00,0,20.0,Wednesday,12.0,0,Evening
3688,City,Trip Completed,,0,,,,0,
4727,City,Trip Completed,,0,,,,0,
5348,City,Trip Completed,,0,,,,0,
6537,Airport,Trip Completed,,0,,,,0,
1941,Airport,Trip Completed,2016-12-07 11:29:00,0,11.0,Wednesday,12.0,0,Morning
3766,Airport,Trip Completed,,0,,,,0,
4243,Airport,Trip Completed,,0,,,,0,
4717,Airport,Trip Completed,,0,,,,0,
5682,City,Trip Completed,,0,,,,0,
6343,City,Trip Completed,,0,,,,0,
6726,Airport,Trip Completed,,0,,,,0,
238,City,Trip Completed,2016-11-07 06:27:00,0,6.0,Monday,11.0,0,Morning
2624,City,Trip Completed,2016-12-07 22:16:00,0,22.0,Wednesday,12.0,0,Late evening
2787,City,Trip Completed,,0,,,,0,
3992,City,Trip Completed,,0,,,,0,
4974,City,Trip Completed,,0,,,,0,
5478,Airport,Trip Completed,,0,,,,0,
5641,City,Trip Completed,,0,,,,0,
128,City,Trip Completed,2016-11-07 05:12:00,0,5.0,Monday,11.0,0,Night
627,City,Trip Completed,2016-11-07 12:12:00,0,12.0,Monday,11.0,0,Afternoon
1766,Airport,Trip Completed,2016-12-07 08:45:00,0,8.0,Wednesday,12.0,0,Morning
2089,City,Trip Completed,2016-12-07 15:49:00,0,15.0,Wednesday,12.0,0,Afternoon
3565,City,Trip Completed,,0,,,,0,
3954,Airport,Trip Completed,,0,,,,0,
4204,City,Trip Completed,,0,,,,0,
4651,City,Trip Completed,,0,,,,0,
5814,City,Trip Completed,,0,,,,0,
6062,City,Trip Completed,,0,,,,0,
118,Airport,Trip Completed,2016-11-07 05:11:00,0,5.0,Monday,11.0,0,Night
339,Airport,Trip Completed,2016-11-07 07:49:00,0,7.0,Monday,11.0,0,Morning
766,City,Trip Completed,2016-11-07 16:23:00,0,16.0,Monday,11.0,0,Afternoon
1133,Airport,Trip Completed,2016-11-07 20:27:00,0,20.0,Monday,11.0,0,Evening
2458,City,Trip Completed,2016-12-07 20:33:00,0,20.0,Wednesday,12.0,0,Evening
3060,Airport,Trip Completed,,0,,,,0,
3653,City,Trip Completed,,0,,,,0,
4321,City,Trip Completed,,0,,,,0,
5672,Airport,Trip Completed,,0,,,,0,
1698,City,Trip Completed,2016-12-07 07:56:00,0,7.0,Wednesday,12.0,0,Morning
2098,City,Trip Completed,2016-12-07 16:12:00,0,16.0,Wednesday,12.0,0,Afternoon
2733,City,Trip Completed,,0,,,,0,
2917,Airport,Trip Completed,,0,,,,0,
3151,Airport,Trip Completed,,0,,,,0,
3358,City,Trip Completed,,0,,,,0,
5435,City,Trip Completed,,0,,,,0,
5717,Airport,Trip Completed,,0,,,,0,
635,Airport,Trip Completed,2016-11-07 12:25:00,0,12.0,Monday,11.0,0,Afternoon
1275,Airport,Trip Completed,2016-11-07 22:05:00,0,22.0,Monday,11.0,0,Late evening
1562,Airport,Trip Completed,2016-12-07 06:16:00,0,6.0,Wednesday,12.0,0,Morning
2908,Airport,Trip Completed,,0,,,,0,
3414,City,Trip Completed,,0,,,,0,
3638,Airport,Trip Completed,,0,,,,0,
5132,Airport,Trip Completed,,0,,,,0,
5422,City,Trip Completed,,0,,,,0,
5724,City,Trip Completed,,0,,,,0,
6026,Airport,Trip Completed,,0,,,,0,
6416,City,Trip Completed,,0,,,,0,
995,Airport,Trip Completed,2016-11-07 19:11:00,0,19.0,Monday,11.0,0,Evening
1771,City,Trip Completed,2016-12-07 08:56:00,0,8.0,Wednesday,12.0,0,Morning
2729,Airport,Trip Completed,,0,,,,0,
3416,City,Trip Completed,,0,,,,0,
4286,City,Trip Completed,,0,,,,0,
5012,Airport,Trip Completed,,0,,,,0,
6761,Airport,Trip Completed,,0,,,,0,
5638,City,Trip Completed,,0,,,,0,
6191,Airport,Trip Completed,,0,,,,0,
443,City,Trip Completed,2016-11-07 09:05:00,0,9.0,Monday,11.0,0,Morning
1299,City,Trip Completed,2016-11-07 22:22:00,0,22.0,Monday,11.0,0,Late evening
1637,Airport,Trip Completed,2016-12-07 07:09:00,0,7.0,Wednesday,12.0,0,Morning
2099,Airport,Trip Completed,2016-12-07 16:03:00,0,16.0,Wednesday,12.0,0,Afternoon
2349,Airport,Trip Completed,2016-12-07 19:22:00,0,19.0,Wednesday,12.0,0,Evening
3081,City,Trip Completed,,0,,,,0,
3555,Airport,Trip Completed,,0,,,,0,
3798,City,Trip Completed,,0,,,,0,
3982,Airport,Trip Completed,,0,,,,0,
4082,Airport,Trip Completed,,0,,,,0,
4672,City,Trip Completed,,0,,,,0,
4937,City,Trip Completed,,0,,,,0,
5594,Airport,Trip Completed,,0,,,,0,
540,City,Trip Completed,2016-11-07 09:56:00,0,9.0,Monday,11.0,0,Morning
1533,City,Trip Completed,2016-12-07 05:56:00,0,5.0,Wednesday,12.0,0,Night
2359,City,Trip Completed,2016-12-07 19:31:00,0,19.0,Wednesday,12.0,0,Evening
2603,City,Trip Completed,2016-12-07 22:00:00,0,22.0,Wednesday,12.0,0,Late evening
2965,Airport,Trip Completed,,0,,,,0,
4002,City,Trip Completed,,0,,,,0,
4364,Airport,Trip Completed,,0,,,,0,
4614,Airport,Trip Completed,,0,,,,0,
5235,Airport,Trip Completed,,0,,,,0,
5979,Airport,Trip Completed,,0,,,,0,
6145,Airport,Trip Completed,,0,,,,0,
6363,Airport,Trip Completed,,0,,,,0,
2481,City,Trip Completed,2016-12-07 20:40:00,0,20.0,Wednesday,12.0,0,Evening
3328,Airport,Trip Completed,,0,,,,0,
3908,Airport,Trip Completed,,0,,,,0,
4416,City,Trip Completed,,0,,,,0,
4966,Airport,Trip Completed,,0,,,,0,
5243,City,Trip Completed,,0,,,,0,
5697,City,Trip Completed,,0,,,,0,
5864,Airport,Trip Completed,,0,,,,0,
6530,Airport,Trip Completed,,0,,,,0,
686,City,Trip Completed,2016-11-07 13:44:00,0,13.0,Monday,11.0,0,Afternoon
777,Airport,Trip Completed,2016-11-07 16:41:00,0,16.0,Monday,11.0,0,Afternoon
1455,Airport,Trip Completed,2016-12-07 04:56:00,0,4.0,Wednesday,12.0,0,Night
1906,Airport,Trip Completed,2016-12-07 10:38:00,0,10.0,Wednesday,12.0,0,Morning
2432,Airport,Trip Completed,2016-12-07 20:15:00,0,20.0,Wednesday,12.0,0,Evening
2977,Airport,Trip Completed,,0,,,,0,
3964,City,Trip Completed,,0,,,,0,
4182,Airport,Trip Completed,,0,,,,0,
4679,City,Trip Completed,,0,,,,0,
4997,City,Trip Completed,,0,,,,0,
5600,City,Trip Completed,,0,,,,0,
5910,Airport,Trip Completed,,0,,,,0,
6597,Airport,Trip Completed,,0,,,,0,
64,City,Trip Completed,2016-11-07 04:16:00,0,4.0,Monday,11.0,0,Night
687,Airport,Trip Completed,2016-11-07 13:41:00,0,13.0,Monday,11.0,0,Afternoon
1625,City,Trip Completed,2016-12-07 07:01:00,0,7.0,Wednesday,12.0,0,Morning
1958,Airport,Trip Completed,2016-12-07 11:41:00,0,11.0,Wednesday,12.0,0,Morning
2160,Airport,Trip Completed,2016-12-07 17:32:00,0,17.0,Wednesday,12.0,0,Evening
2517,Airport,Trip Completed,2016-12-07 21:04:00,0,21.0,Wednesday,12.0,0,Late evening
2894,City,Trip Completed,,0,,,,0,
3739,Airport,Trip Completed,,0,,,,0,
4737,City,Trip Completed,,0,,,,0,
5064,Airport,Trip Completed,,0,,,,0,
313,City,Trip Completed,2016-11-07 07:26:00,0,7.0,Monday,11.0,0,Morning
2107,City,Trip Completed,2016-12-07 16:18:00,0,16.0,Wednesday,12.0,0,Afternoon
2819,City,Trip Completed,,0,,,,0,
2932,Airport,Trip Completed,,0,,,,0,
3593,City,Trip Completed,,0,,,,0,
4760,City,Trip Completed,,0,,,,0,
6681,Airport,Trip Completed,,0,,,,0,
234,City,Trip Completed,2016-11-07 06:27:00,0,6.0,Monday,11.0,0,Morning
425,Airport,Trip Completed,2016-11-07 08:48:00,0,8.0,Monday,11.0,0,Morning
1528,City,Trip Completed,2016-12-07 05:58:00,0,5.0,Wednesday,12.0,0,Night
1671,Airport,Trip Completed,2016-12-07 07:41:00,0,7.0,Wednesday,12.0,0,Morning
2223,City,Trip Completed,2016-12-07 18:07:00,0,18.0,Wednesday,12.0,0,Evening
3268,Airport,Trip Completed,,0,,,,0,
3530,Airport,Trip Completed,,0,,,,0,
4765,Airport,Trip Completed,,0,,,,0,
531,City,Trip Completed,2016-11-07 10:01:00,0,10.0,Monday,11.0,0,Morning
1721,City,Trip Completed,2016-12-07 08:10:00,0,8.0,Wednesday,12.0,0,Morning
2665,Airport,Trip Completed,2016-12-07 23:30:00,0,23.0,Wednesday,12.0,0,Late evening
2951,City,Trip Completed,,0,,,,0,
3786,Airport,Trip Completed,,0,,,,0,
4049,City,Trip Completed,,0,,,,0,
4079,Airport,Trip Completed,,0,,,,0,
4233,Airport,Trip Completed,,0,,,,0,
4884,Airport,Trip Completed,,0,,,,0,
6350,City,Trip Completed,,0,,,,0,
1914,Airport,Trip Completed,2016-12-07 10:42:00,0,10.0,Wednesday,12.0,0,Morning
3205,City,Trip Completed,,0,,,,0,
3448,City,Trip Completed,,0,,,,0,
4628,City,Trip Completed,,0,,,,0,
5418,City,Trip Completed,,0,,,,0,
5654,City,Trip Completed,,0,,,,0,
614,City,Trip Completed,2016-11-07 11:49:00,0,11.0,Monday,11.0,0,Morning
1340,City,Trip Completed,2016-11-07 23:22:00,0,23.0,Monday,11.0,0,Late evening
1576,City,Trip Completed,2016-12-07 06:27:00,0,6.0,Wednesday,12.0,0,Morning
1974,Airport,Trip Completed,2016-12-07 12:19:00,0,12.0,Wednesday,12.0,0,Afternoon
2597,City,Trip Completed,2016-12-07 21:52:00,0,21.0,Wednesday,12.0,0,Late evening
4690,City,Trip Completed,,0,,,,0,
6267,Airport,Trip Completed,,0,,,,0,
660,Airport,Trip Completed,2016-11-07 12:55:00,0,12.0,Monday,11.0,0,Afternoon
943,Airport,Trip Completed,2016-11-07 18:34:00,0,18.0,Monday,11.0,0,Evening
1445,Airport,Trip Completed,2016-12-07 04:45:00,0,4.0,Wednesday,12.0,0,Night
3070,City,Trip Completed,,0,,,,0,
3440,City,Trip Completed,,0,,,,0,
4503,City,Trip Completed,,0,,,,0,
4771,Airport,Trip Completed,,0,,,,0,
4797,City,Trip Completed,,0,,,,0,
4898,Airport,Trip Completed,,0,,,,0,
172,Airport,Trip Completed,2016-11-07 05:41:00,0,5.0,Monday,11.0,0,Night
518,City,Trip Completed,2016-11-07 09:46:00,0,9.0,Monday,11.0,0,Morning
843,Airport,Trip Completed,2016-11-07 17:38:00,0,17.0,Monday,11.0,0,Evening
1070,City,Trip Completed,2016-11-07 19:58:00,0,19.0,Monday,11.0,0,Evening
2078,Airport,Trip Completed,2016-12-07 15:36:00,0,15.0,Wednesday,12.0,0,Afternoon
5382,City,Trip Completed,,0,,,,0,
4119,City,Trip Completed,,0,,,,0,
4623,City,Trip Completed,,0,,,,0,
620,City,Trip Completed,2016-11-07 12:04:00,0,12.0,Monday,11.0,0,Afternoon
1286,Airport,Trip Completed,2016-11-07 22:18:00,0,22.0,Monday,11.0,0,Late evening
2482,City,Trip Completed,2016-12-07 20:45:00,0,20.0,Wednesday,12.0,0,Evening
3672,Airport,Trip Completed,,0,,,,0,
3959,City,Trip Completed,,0,,,,0,
4659,City,Trip Completed,,0,,,,0,
5060,Airport,Trip Completed,,0,,,,0,
5942,City,Trip Completed,,0,,,,0,
1349,Airport,Trip Completed,2016-11-07 23:41:00,0,23.0,Monday,11.0,0,Late evening
2192,Airport,Trip Completed,2016-12-07 17:44:00,0,17.0,Wednesday,12.0,0,Evening
2323,City,Trip Completed,2016-12-07 19:06:00,0,19.0,Wednesday,12.0,0,Evening
2717,City,Trip Completed,,0,,,,0,
3338,Airport,Trip Completed,,0,,,,0,
4475,City,Trip Completed,,0,,,,0,
4786,City,Trip Completed,,0,,,,0,
5017,City,Trip Completed,,0,,,,0,
5580,City,Trip Completed,,0,,,,0,
6066,Airport,Trip Completed,,0,,,,0,
418,City,Trip Completed,2016-11-07 08:42:00,0,8.0,Monday,11.0,0,Morning
608,Airport,Trip Completed,2016-11-07 11:57:00,0,11.0,Monday,11.0,0,Morning
1842,City,Trip Completed,2016-12-07 09:40:00,0,9.0,Wednesday,12.0,0,Morning
4004,City,Trip Completed,,0,,,,0,
5791,City,Trip Completed,,0,,,,0,
6548,Airport,Trip Completed,,0,,,,0,
121,Airport,Trip Completed,2016-11-07 05:13:00,0,5.0,Monday,11.0,0,Night
571,Airport,Trip Completed,2016-11-07 10:44:00,0,10.0,Monday,11.0,0,Morning
2444,Airport,Trip Completed,2016-12-07 20:23:00,0,20.0,Wednesday,12.0,0,Evening
2815,City,Trip Completed,,0,,,,0,
3510,Airport,Trip Completed,,0,,,,0,
5013,City,Trip Completed,,0,,,,0,
5457,City,Trip Completed,,0,,,,0,
5940,City,Trip Completed,,0,,,,0,
6197,City,Trip Completed,,0,,,,0,
6660,Airport,Trip Completed,,0,,,,0,
584,Airport,Trip Completed,2016-11-07 11:14:00,0,11.0,Monday,11.0,0,Morning
1741,Airport,Trip Completed,2016-12-07 08:32:00,0,8.0,Wednesday,12.0,0,Morning
2031,City,Trip Completed,2016-12-07 14:17:00,0,14.0,Wednesday,12.0,0,Afternoon
3158,Airport,Trip Completed,,0,,,,0,
3955,Airport,Trip Completed,,0,,,,0,
4384,City,Trip Completed,,0,,,,0,
5224,City,Trip Completed,,0,,,,0,
5394,Airport,Trip Completed,,0,,,,0,
5511,Airport,Trip Completed,,0,,,,0,
744,City,Trip Completed,2016-11-07 15:41:00,0,15.0,Monday,11.0,0,Afternoon
1634,Airport,Trip Completed,2016-12-07 07:13:00,0,7.0,Wednesday,12.0,0,Morning
1911,Airport,Trip Completed,2016-12-07 10:43:00,0,10.0,Wednesday,12.0,0,Morning
2608,Airport,Trip Completed,2016-12-07 21:59:00,0,21.0,Wednesday,12.0,0,Late evening
3456,Airport,Trip Completed,,0,,,,0,
3561,City,Trip Completed,,0,,,,0,
5216,Airport,Trip Completed,,0,,,,0,
5573,City,Trip Completed,,0,,,,0,
5952,Airport,Trip Completed,,0,,,,0,
6093,Airport,Trip Completed,,0,,,,0,
6749,Airport,Trip Completed,,0,,,,0,
250,Airport,Trip Completed,2016-11-07 06:29:00,0,6.0,Monday,11.0,0,Morning
781,City,Trip Completed,2016-11-07 16:40:00,0,16.0,Monday,11.0,0,Afternoon
1681,Airport,Trip Completed,2016-12-07 07:53:00,0,7.0,Wednesday,12.0,0,Morning
3924,Airport,Trip Completed,,0,,,,0,
5271,City,Trip Completed,,0,,,,0,
5899,Airport,Trip Completed,,0,,,,0,
6273,City,Trip Completed,,0,,,,0,
630,Airport,Trip Completed,2016-11-07 12:16:00,0,12.0,Monday,11.0,0,Afternoon
679,City,Trip Completed,2016-11-07 13:22:00,0,13.0,Monday,11.0,0,Afternoon
782,Airport,Trip Completed,2016-11-07 16:46:00,0,16.0,Monday,11.0,0,Afternoon
1329,Airport,Trip Completed,2016-11-07 23:10:00,0,23.0,Monday,11.0,0,Late evening
1712,Airport,Trip Completed,2016-12-07 08:14:00,0,8.0,Wednesday,12.0,0,Morning
2033,City,Trip Completed,2016-12-07 14:17:00,0,14.0,Wednesday,12.0,0,Afternoon
3094,Airport,Trip Completed,,0,,,,0,
4709,Airport,Trip Completed,,0,,,,0,
4948,Airport,Trip Completed,,0,,,,0,
5597,City,Trip Completed,,0,,,,0,
6747,City,Trip Completed,,0,,,,0,
1480,Airport,Trip Completed,2016-12-07 05:15:00,0,5.0,Wednesday,12.0,0,Night
2013,City,Trip Completed,2016-12-07 13:35:00,0,13.0,Wednesday,12.0,0,Afternoon
2867,Airport,Trip Completed,,0,,,,0,
3377,Airport,Trip Completed,,0,,,,0,
4108,City,Trip Completed,,0,,,,0,
4368,City,Trip Completed,,0,,,,0,
4787,City,Trip Completed,,0,,,,0,
93,City,Trip Completed,2016-11-07 04:53:00,0,4.0,Monday,11.0,0,Night
402,Airport,Trip Completed,2016-11-07 08:31:00,0,8.0,Monday,11.0,0,Morning
582,City,Trip Completed,2016-11-07 10:56:00,0,10.0,Monday,11.0,0,Morning
733,City,Trip Completed,2016-11-07 15:25:00,0,15.0,Monday,11.0,0,Afternoon
951,Airport,Trip Completed,2016-11-07 18:38:00,0,18.0,Monday,11.0,0,Evening
1889,City,Trip Completed,2016-12-07 10:14:00,0,10.0,Wednesday,12.0,0,Morning
2046,Airport,Trip Completed,2016-12-07 14:40:00,0,14.0,Wednesday,12.0,0,Afternoon
2664,Airport,Trip Completed,2016-12-07 23:26:00,0,23.0,Wednesday,12.0,0,Late evening
2936,City,Trip Completed,,0,,,,0,
3740,Airport,Trip Completed,,0,,,,0,
4482,Airport,Trip Completed,,0,,,,0,
4718,City,Trip Completed,,0,,,,0,
4908,Airport,Trip Completed,,0,,,,0,
6278,Airport,Trip Completed,,0,,,,0,
514,City,Trip Completed,2016-11-07 09:45:00,0,9.0,Monday,11.0,0,Morning
703,City,Trip Completed,2016-11-07 14:11:00,0,14.0,Monday,11.0,0,Afternoon
947,City,Trip Completed,2016-11-07 18:37:00,0,18.0,Monday,11.0,0,Evening
2252,City,Trip Completed,2016-12-07 18:26:00,0,18.0,Wednesday,12.0,0,Evening
2896,City,Trip Completed,,0,,,,0,
3583,Airport,Trip Completed,,0,,,,0,
4263,Airport,Trip Completed,,0,,,,0,
4398,City,Trip Completed,,0,,,,0,
5029,City,Trip Completed,,0,,,,0,
5554,Airport,Trip Completed,,0,,,,0,
5746,City,Trip Completed,,0,,,,0,
5986,Airport,Trip Completed,,0,,,,0,
6140,Airport,Trip Completed,,0,,,,0,
6554,City,Trip Completed,,0,,,,0,
467,City,Trip Completed,2016-11-07 09:20:00,0,9.0,Monday,11.0,0,Morning
615,City,Trip Completed,2016-11-07 11:54:00,0,11.0,Monday,11.0,0,Morning
801,Airport,Trip Completed,2016-11-07 17:11:00,0,17.0,Monday,11.0,0,Evening
1587,Airport,Trip Completed,2016-12-07 06:31:00,0,6.0,Wednesday,12.0,0,Morning
1925,City,Trip Completed,2016-12-07 11:06:00,0,11.0,Wednesday,12.0,0,Morning
2527,City,Trip Completed,2016-12-07 21:11:00,0,21.0,Wednesday,12.0,0,Late evening
3065,Airport,Trip Completed,,0,,,,0,
5031,Airport,Trip Completed,,0,,,,0,
160,Airport,Trip Completed,2016-11-07 05:38:00,0,5.0,Monday,11.0,0,Night
2029,City,Trip Completed,2016-12-07 14:16:00,0,14.0,Wednesday,12.0,0,Afternoon
2543,City,Trip Completed,2016-12-07 21:16:00,0,21.0,Wednesday,12.0,0,Late evening
2941,Airport,Trip Completed,,0,,,,0,
4766,City,Trip Completed,,0,,,,0,
5349,Airport,Trip Completed,,0,,,,0,
5409,Airport,Trip Completed,,0,,,,0,
6698,Airport,Trip Completed,,0,,,,0,
81,Airport,Trip Completed,2016-11-07 04:47:00,0,4.0,Monday,11.0,0,Night
370,City,Trip Completed,2016-11-07 08:06:00,0,8.0,Monday,11.0,0,Morning
799,Airport,Trip Completed,2016-11-07 17:07:00,0,17.0,Monday,11.0,0,Evening
1300,City,Trip Completed,2016-11-07 22:31:00,0,22.0,Monday,11.0,0,Late evening
1805,Airport,Trip Completed,2016-12-07 09:11:00,0,9.0,Wednesday,12.0,0,Morning
2410,City,Trip Completed,2016-12-07 20:05:00,0,20.0,Wednesday,12.0,0,Evening
2723,Airport,Trip Completed,,0,,,,0,
3240,City,Trip Completed,,0,,,,0,
3424,City,Trip Completed,,0,,,,0,
4188,City,Trip Completed,,0,,,,0,
5617,City,Trip Completed,,0,,,,0,
5932,Airport,Trip Completed,,0,,,,0,
6699,City,Trip Completed,,0,,,,0,
285,City,Trip Completed,2016-11-07 07:02:00,0,7.0,Monday,11.0,0,Morning
754,City,Trip Completed,2016-11-07 16:06:00,0,16.0,Monday,11.0,0,Afternoon
1449,Airport,Trip Completed,2016-12-07 04:53:00,0,4.0,Wednesday,12.0,0,Night
2764,Airport,Trip Completed,,0,,,,0,
2859,City,Trip Completed,,0,,,,0,
3036,Airport,Trip Completed,,0,,,,0,
3934,Airport,Trip Completed,,0,,,,0,
4486,City,Trip Completed,,0,,,,0,
4996,City,Trip Completed,,0,,,,0,
5133,Airport,Trip Completed,,0,,,,0,
5887,City,Trip Completed,,0,,,,0,
6402,Airport,Trip Completed,,0,,,,0,
462,City,Trip Completed,2016-11-07 09:14:00,0,9.0,Monday,11.0,0,Morning
817,City,Trip Completed,2016-11-07 17:32:00,0,17.0,Monday,11.0,0,Evening
1790,Airport,Trip Completed,2016-12-07 09:06:00,0,9.0,Wednesday,12.0,0,Morning
2014,City,Trip Completed,2016-12-07 13:36:00,0,13.0,Wednesday,12.0,0,Afternoon
2165,City,Trip Completed,2016-12-07 17:31:00,0,17.0,Wednesday,12.0,0,Evening
2627,City,Trip Completed,2016-12-07 22:08:00,0,22.0,Wednesday,12.0,0,Late evening
2968,City,Trip Completed,,0,,,,0,
3282,Airport,Trip Completed,,0,,,,0,
3544,City,Trip Completed,,0,,,,0,
5552,Airport,Trip Completed,,0,,,,0,
6657,Airport,Trip Completed,,0,,,,0,
88,Airport,Trip Completed,2016-11-07 04:54:00,0,4.0,Monday,11.0,0,Night
201,City,Trip Completed,2016-11-07 06:09:00,0,6.0,Monday,11.0,0,Morning
847,Airport,Trip Completed,2016-11-07 17:49:00,0,17.0,Monday,11.0,0,Evening
1585,Airport,Trip Completed,2016-12-07 06:30:00,0,6.0,Wednesday,12.0,0,Morning
2116,City,Trip Completed,2016-12-07 16:33:00,0,16.0,Wednesday,12.0,0,Afternoon
2800,Airport,Trip Completed,,0,,,,0,
3066,City,Trip Completed,,0,,,,0,
3640,City,Trip Completed,,0,,,,0,
4162,City,Trip Completed,,0,,,,0,
4892,Airport,Trip Completed,,0,,,,0,
5038,City,Trip Completed,,0,,,,0,
6417,City,Trip Completed,,0,,,,0,
376,City,Trip Completed,2016-11-07 08:11:00,0,8.0,Monday,11.0,0,Morning
899,City,Trip Completed,2016-11-07 18:09:00,0,18.0,Monday,11.0,0,Evening
1112,Airport,Trip Completed,2016-11-07 20:15:00,0,20.0,Monday,11.0,0,Evening
1444,City,Trip Completed,2016-12-07 04:43:00,0,4.0,Wednesday,12.0,0,Night
1993,City,Trip Completed,2016-12-07 12:50:00,0,12.0,Wednesday,12.0,0,Afternoon
2417,City,Trip Completed,2016-12-07 19:59:00,0,19.0,Wednesday,12.0,0,Evening
3318,City,Trip Completed,,0,,,,0,
3529,Airport,Trip Completed,,0,,,,0,
4322,Airport,Trip Completed,,0,,,,0,
5861,Airport,Trip Completed,,0,,,,0,
6519,City,Trip Completed,,0,,,,0,
34,City,Trip Completed,2016-11-07 02:20:00,0,2.0,Monday,11.0,0,Night
637,Airport,Trip Completed,2016-11-07 12:24:00,0,12.0,Monday,11.0,0,Afternoon
1005,City,Trip Completed,2016-11-07 19:07:00,0,19.0,Monday,11.0,0,Evening
1293,City,Trip Completed,2016-11-07 22:28:00,0,22.0,Monday,11.0,0,Late evening
1664,Airport,Trip Completed,2016-12-07 07:35:00,0,7.0,Wednesday,12.0,0,Morning
1915,City,Trip Completed,2016-12-07 10:45:00,0,10.0,Wednesday,12.0,0,Morning
3262,Airport,Trip Completed,,0,,,,0,
3546,City,Trip Completed,,0,,,,0,
3977,Airport,Trip Completed,,0,,,,0,
4300,City,Trip Completed,,0,,,,0,
4680,City,Trip Completed,,0,,,,0,
4812,City,Trip Completed,,0,,,,0,
5972,Airport,Trip Completed,,0,,,,0,
645,City,Trip Completed,2016-11-07 12:39:00,0,12.0,Monday,11.0,0,Afternoon
732,Airport,Trip Completed,2016-11-07 15:18:00,0,15.0,Monday,11.0,0,Afternoon
1215,Airport,Trip Completed,2016-11-07 21:33:00,0,21.0,Monday,11.0,0,Late evening
1450,Airport,Trip Completed,2016-12-07 04:46:00,0,4.0,Wednesday,12.0,0,Night
2044,Airport,Trip Completed,2016-12-07 14:39:00,0,14.0,Wednesday,12.0,0,Afternoon
2420,Airport,Trip Completed,2016-12-07 20:07:00,0,20.0,Wednesday,12.0,0,Evening
3944,City,Trip Completed,,0,,,,0,
4369,City,Trip Completed,,0,,,,0,
5070,Airport,Trip Completed,,0,,,,0,
5822,Airport,Trip Completed,,0,,,,0,
6723,City,Trip Completed,,0,,,,0,
3,Airport,Trip Completed,2016-11-07 00:24:00,0,0.0,Monday,11.0,0,Night
70,City,Trip Completed,2016-11-07 04:34:00,0,4.0,Monday,11.0,0,Night
256,Airport,Trip Completed,2016-11-07 06:44:00,0,6.0,Monday,11.0,0,Morning
702,Airport,Trip Completed,2016-11-07 14:07:00,0,14.0,Monday,11.0,0,Afternoon
769,Airport,Trip Completed,2016-11-07 16:21:00,0,16.0,Monday,11.0,0,Afternoon
1277,City,Trip Completed,2016-11-07 22:04:00,0,22.0,Monday,11.0,0,Late evening
2062,Airport,Trip Completed,2016-12-07 15:00:00,0,15.0,Wednesday,12.0,0,Afternoon
2399,Airport,Trip Completed,2016-12-07 19:51:00,0,19.0,Wednesday,12.0,0,Evening
2645,Airport,Trip Completed,2016-12-07 22:46:00,0,22.0,Wednesday,12.0,0,Late evening
3468,City,Trip Completed,,0,,,,0,
3826,Airport,Trip Completed,,0,,,,0,
5384,Airport,Trip Completed,,0,,,,0,
6460,City,Trip Completed,,0,,,,0,
269,City,Trip Completed,2016-11-07 06:44:00,0,6.0,Monday,11.0,0,Morning
336,Airport,Trip Completed,2016-11-07 07:50:00,0,7.0,Monday,11.0,0,Morning
1241,Airport,Trip Completed,2016-11-07 21:38:00,0,21.0,Monday,11.0,0,Late evening
1651,Airport,Trip Completed,2016-12-07 07:21:00,0,7.0,Wednesday,12.0,0,Morning
1963,City,Trip Completed,2016-12-07 11:58:00,0,11.0,Wednesday,12.0,0,Morning
2368,City,Trip Completed,2016-12-07 19:32:00,0,19.0,Wednesday,12.0,0,Evening
3004,Airport,Trip Completed,,0,,,,0,
3310,City,Trip Completed,,0,,,,0,
3391,City,Trip Completed,,0,,,,0,
4194,Airport,Trip Completed,,0,,,,0,
5728,City,Trip Completed,,0,,,,0,
6091,City,Trip Completed,,0,,,,0,
6748,Airport,Trip Completed,,0,,,,0,
286,City,Trip Completed,2016-11-07 06:58:00,0,6.0,Monday,11.0,0,Morning
547,Airport,Trip Completed,2016-11-07 10:01:00,0,10.0,Monday,11.0,0,Morning
574,City,Trip Completed,2016-11-07 10:58:00,0,10.0,Monday,11.0,0,Morning
936,Airport,Trip Completed,2016-11-07 18:28:00,0,18.0,Monday,11.0,0,Evening
1514,Airport,Trip Completed,2016-12-07 05:41:00,0,5.0,Wednesday,12.0,0,Night
1656,City,Trip Completed,2016-12-07 07:26:00,0,7.0,Wednesday,12.0,0,Morning
2405,Airport,Trip Completed,2016-12-07 20:01:00,0,20.0,Wednesday,12.0,0,Evening
3372,Airport,Trip Completed,,0,,,,0,
4215,Airport,Trip Completed,,0,,,,0,
6486,City,Trip Completed,,0,,,,0,
520,City,Trip Completed,2016-11-07 09:47:00,0,9.0,Monday,11.0,0,Morning
1285,City,Trip Completed,2016-11-07 22:13:00,0,22.0,Monday,11.0,0,Late evening
3394,City,Trip Completed,,0,,,,0,
3520,City,Trip Completed,,0,,,,0,
4998,City,Trip Completed,,0,,,,0,
5377,City,Trip Completed,,0,,,,0,
5759,City,Trip Completed,,0,,,,0,
422,City,Trip Completed,2016-11-07 08:42:00,0,8.0,Monday,11.0,0,Morning
578,Airport,Trip Completed,2016-11-07 11:03:00,0,11.0,Monday,11.0,0,Morning
3035,City,Trip Completed,,0,,,,0,
3728,Airport,Trip Completed,,0,,,,0,
4097,City,Trip Completed,,0,,,,0,
5184,City,Trip Completed,,0,,,,0,
5404,City,Trip Completed,,0,,,,0,
5525,Airport,Trip Completed,,0,,,,0,
6392,Airport,Trip Completed,,0,,,,0,
603,Airport,Trip Completed,2016-11-07 11:43:00,0,11.0,Monday,11.0,0,Morning
1956,City,Trip Completed,2016-12-07 11:45:00,0,11.0,Wednesday,12.0,0,Morning
2914,Airport,Trip Completed,,0,,,,0,
3434,Airport,Trip Completed,,0,,,,0,
3454,City,Trip Completed,,0,,,,0,
3809,City,Trip Completed,,0,,,,0,
3947,Airport,Trip Completed,,0,,,,0,
4319,Airport,Trip Completed,,0,,,,0,
4716,City,Trip Completed,,0,,,,0,
5790,Airport,Trip Completed,,0,,,,0,
6205,Airport,Trip Completed,,0,,,,0,
6727,Airport,Trip Completed,,0,,,,0,
51,City,Trip Completed,2016-11-07 03:34:00,0,3.0,Monday,11.0,0,Night
446,City,Trip Completed,2016-11-07 09:07:00,0,9.0,Monday,11.0,0,Morning
1252,City,Trip Completed,2016-11-07 21:51:00,0,21.0,Monday,11.0,0,Late evening
1380,Airport,Trip Completed,2016-12-07 01:01:00,0,1.0,Wednesday,12.0,0,Night
1638,City,Trip Completed,2016-12-07 07:15:00,0,7.0,Wednesday,12.0,0,Morning
2152,Airport,Trip Completed,2016-12-07 17:25:00,0,17.0,Wednesday,12.0,0,Evening
3125,City,Trip Completed,,0,,,,0,
3366,City,Trip Completed,,0,,,,0,
4632,Airport,Trip Completed,,0,,,,0,
5924,City,Trip Completed,,0,,,,0,
6133,Airport,Trip Completed,,0,,,,0,
6316,Airport,Trip Completed,,0,,,,0,
6609,City,Trip Completed,,0,,,,0,
246,Airport,Trip Completed,2016-11-07 06:35:00,0,6.0,Monday,11.0,0,Morning
980,Airport,Trip Completed,2016-11-07 19:00:00,0,19.0,Monday,11.0,0,Evening
1677,City,Trip Completed,2016-12-07 07:38:00,0,7.0,Wednesday,12.0,0,Morning
4620,City,Trip Completed,,0,,,,0,
4848,Airport,Trip Completed,,0,,,,0,
5402,Airport,Trip Completed,,0,,,,0,
5971,Airport,Trip Completed,,0,,,,0,
6113,City,Trip Completed,,0,,,,0,
6508,City,Trip Completed,,0,,,,0,
746,Airport,Trip Completed,2016-11-07 15:47:00,0,15.0,Monday,11.0,0,Afternoon
1488,Airport,Trip Completed,2016-12-07 05:31:00,0,5.0,Wednesday,12.0,0,Night
1838,City,Trip Completed,2016-12-07 09:40:00,0,9.0,Wednesday,12.0,0,Morning
2839,Airport,Trip Completed,,0,,,,0,
4391,City,Trip Completed,,0,,,,0,
4701,City,Trip Completed,,0,,,,0,
5171,Airport,Trip Completed,,0,,,,0,
5962,City,Trip Completed,,0,,,,0,
6118,City,Trip Completed,,0,,,,0,
6450,City,Trip Completed,,0,,,,0,
257,Airport,Trip Completed,2016-11-07 06:38:00,0,6.0,Monday,11.0,0,Morning
708,Airport,Trip Completed,2016-11-07 14:16:00,0,14.0,Monday,11.0,0,Afternoon
891,Airport,Trip Completed,2016-11-07 18:10:00,0,18.0,Monday,11.0,0,Evening
1748,City,Trip Completed,2016-12-07 08:33:00,0,8.0,Wednesday,12.0,0,Morning
2625,City,Trip Completed,2016-12-07 22:09:00,0,22.0,Wednesday,12.0,0,Late evening
3989,City,Trip Completed,,0,,,,0,
5285,Airport,Trip Completed,,0,,,,0,
6461,City,Trip Completed,,0,,,,0,
1563,Airport,Trip Completed,2016-12-07 06:16:00,0,6.0,Wednesday,12.0,0,Morning
2207,Airport,Trip Completed,2016-12-07 17:56:00,0,17.0,Wednesday,12.0,0,Evening
2879,City,Trip Completed,,0,,,,0,
3644,Airport,Trip Completed,,0,,,,0,
3996,Airport,Trip Completed,,0,,,,0,
4355,City,Trip Completed,,0,,,,0,
4758,City,Trip Completed,,0,,,,0,
6001,Airport,Trip Completed,,0,,,,0,
1181,Airport,Trip Completed,2016-11-07 21:04:00,0,21.0,Monday,11.0,0,Late evening
1297,City,Trip Completed,2016-11-07 22:22:00,0,22.0,Monday,11.0,0,Late evening
1429,City,Trip Completed,2016-12-07 04:41:00,0,4.0,Wednesday,12.0,0,Night
2104,City,Trip Completed,2016-12-07 16:07:00,0,16.0,Wednesday,12.0,0,Afternoon
2736,City,Trip Completed,,0,,,,0,
3615,City,Trip Completed,,0,,,,0,
4719,Airport,Trip Completed,,0,,,,0,
4748,City,Trip Completed,,0,,,,0,
870,City,Trip Completed,2016-11-07 17:57:00,0,17.0,Monday,11.0,0,Evening
2124,Airport,Trip Completed,2016-12-07 16:53:00,0,16.0,Wednesday,12.0,0,Afternoon
2457,Airport,Trip Completed,2016-12-07 20:31:00,0,20.0,Wednesday,12.0,0,Evening
2621,City,Trip Completed,2016-12-07 22:05:00,0,22.0,Wednesday,12.0,0,Late evening
3168,City,Trip Completed,,0,,,,0,
3285,Airport,Trip Completed,,0,,,,0,
3315,City,Trip Completed,,0,,,,0,
5585,City,Trip Completed,,0,,,,0,
6235,City,Trip Completed,,0,,,,0,
913,Airport,Trip Completed,2016-11-07 18:18:00,0,18.0,Monday,11.0,0,Evening
1852,City,Trip Completed,2016-12-07 09:43:00,0,9.0,Wednesday,12.0,0,Morning
3117,Airport,Trip Completed,,0,,,,0,
3392,Airport,Trip Completed,,0,,,,0,
4722,City,Trip Completed,,0,,,,0,
692,Airport,Trip Completed,2016-11-07 13:49:00,0,13.0,Monday,11.0,0,Afternoon
1351,Airport,Trip Completed,2016-11-07 23:44:00,0,23.0,Monday,11.0,0,Late evening
1800,City,Trip Completed,2016-12-07 09:09:00,0,9.0,Wednesday,12.0,0,Morning
2434,City,Trip Completed,2016-12-07 20:16:00,0,20.0,Wednesday,12.0,0,Evening
3212,City,Trip Completed,,0,,,,0,
3340,City,Trip Completed,,0,,,,0,
3598,Airport,Trip Completed,,0,,,,0,
53,Airport,Trip Completed,2016-11-07 03:30:00,0,3.0,Monday,11.0,0,Night
3558,Airport,Trip Completed,,0,,,,0,
4257,City,Trip Completed,,0,,,,0,
4869,City,Trip Completed,,0,,,,0,
5548,City,Trip Completed,,0,,,,0,
5630,Airport,Trip Completed,,0,,,,0,
6645,City,Trip Completed,,0,,,,0,
156,Airport,Trip Completed,2016-11-07 05:35:00,0,5.0,Monday,11.0,0,Night
350,City,Trip Completed,2016-11-07 07:53:00,0,7.0,Monday,11.0,0,Morning
976,Airport,Trip Completed,2016-11-07 18:54:00,0,18.0,Monday,11.0,0,Evening
1344,City,Trip Completed,2016-11-07 23:35:00,0,23.0,Monday,11.0,0,Late evening
1524,City,Trip Completed,2016-12-07 05:50:00,0,5.0,Wednesday,12.0,0,Night
2143,Airport,Trip Completed,2016-12-07 17:15:00,0,17.0,Wednesday,12.0,0,Evening
2353,City,Trip Completed,2016-12-07 19:31:00,0,19.0,Wednesday,12.0,0,Evening
3028,Airport,Trip Completed,,0,,,,0,
3913,Airport,Trip Completed,,0,,,,0,
4274,City,Trip Completed,,0,,,,0,
4673,City,Trip Completed,,0,,,,0,
6198,Airport,Trip Completed,,0,,,,0,
569,Airport,Trip Completed,2016-11-07 10:37:00,0,10.0,Monday,11.0,0,Morning
1626,Airport,Trip Completed,2016-12-07 06:58:00,0,6.0,Wednesday,12.0,0,Morning
3505,City,Trip Completed,,0,,,,0,
3758,City,Trip Completed,,0,,,,0,
4649,City,Trip Completed,,0,,,,0,
4745,Airport,Trip Completed,,0,,,,0,
5354,Airport,Trip Completed,,0,,,,0,
5953,City,Trip Completed,,0,,,,0,
6577,City,Trip Completed,,0,,,,0,
1565,Airport,Trip Completed,2016-12-07 06:21:00,0,6.0,Wednesday,12.0,0,Morning
1973,Airport,Trip Completed,2016-12-07 12:17:00,0,12.0,Wednesday,12.0,0,Afternoon
2363,Airport,Trip Completed,2016-12-07 19:31:00,0,19.0,Wednesday,12.0,0,Evening
2994,City,Trip Completed,,0,,,,0,
3201,Airport,Trip Completed,,0,,,,0,
3511,City,Trip Completed,,0,,,,0,
3956,Airport,Trip Completed,,0,,,,0,
4359,City,Trip Completed,,0,,,,0,
4798,City,Trip Completed,,0,,,,0,
5955,Airport,Trip Completed,,0,,,,0,
6117,Airport,Trip Completed,,0,,,,0,
6252,City,Trip Completed,,0,,,,0,
101,Airport,Trip Completed,2016-11-07 05:08:00,0,5.0,Monday,11.0,0,Night
351,City,Trip Completed,2016-11-07 07:53:00,0,7.0,Monday,11.0,0,Morning
871,City,Trip Completed,2016-11-07 17:57:00,0,17.0,Monday,11.0,0,Evening
1330,Airport,Trip Completed,2016-11-07 23:11:00,0,23.0,Monday,11.0,0,Late evening
3227,Airport,Trip Completed,,0,,,,0,
4921,City,Trip Completed,,0,,,,0,
5373,City,Trip Completed,,0,,,,0,
6612,Airport,Trip Completed,,0,,,,0,
50,City,Trip Completed,2016-11-07 03:22:00,0,3.0,Monday,11.0,0,Night
102,Airport,Trip Completed,2016-11-07 05:01:00,0,5.0,Monday,11.0,0,Night
211,City,Trip Completed,2016-11-07 06:08:00,0,6.0,Monday,11.0,0,Morning
510,City,Trip Completed,2016-11-07 09:40:00,0,9.0,Monday,11.0,0,Morning
1548,Airport,Trip Completed,2016-12-07 06:10:00,0,6.0,Wednesday,12.0,0,Morning
2208,City,Trip Completed,2016-12-07 17:59:00,0,17.0,Wednesday,12.0,0,Evening
4030,City,Trip Completed,,0,,,,0,
4370,City,Trip Completed,,0,,,,0,
5834,Airport,Trip Completed,,0,,,,0,
639,City,Trip Completed,2016-11-07 12:28:00,0,12.0,Monday,11.0,0,Afternoon
1451,Airport,Trip Completed,2016-12-07 04:53:00,0,4.0,Wednesday,12.0,0,Night
2335,City,Trip Completed,2016-12-07 19:15:00,0,19.0,Wednesday,12.0,0,Evening
2572,Airport,Trip Completed,2016-12-07 21:35:00,0,21.0,Wednesday,12.0,0,Late evening
3326,Airport,Trip Completed,,0,,,,0,
3916,City,Trip Completed,,0,,,,0,
4514,City,Trip Completed,,0,,,,0,
6604,City,Trip Completed,,0,,,,0,
373,Airport,Trip Completed,2016-11-07 08:09:00,0,8.0,Monday,11.0,0,Morning
1338,Airport,Trip Completed,2016-11-07 23:23:00,0,23.0,Monday,11.0,0,Late evening
1830,City,Trip Completed,2016-12-07 09:33:00,0,9.0,Wednesday,12.0,0,Morning
2274,City,Trip Completed,2016-12-07 18:33:00,0,18.0,Wednesday,12.0,0,Evening
3224,Airport,Trip Completed,,0,,,,0,
5321,City,Trip Completed,,0,,,,0,
5520,City,Trip Completed,,0,,,,0,
5842,City,Trip Completed,,0,,,,0,
6429,Airport,Trip Completed,,0,,,,0,
6704,Airport,Trip Completed,,0,,,,0,
2057,Airport,Trip Completed,2016-12-07 15:02:00,0,15.0,Wednesday,12.0,0,Afternoon
3723,Airport,Trip Completed,,0,,,,0,
4492,City,Trip Completed,,0,,,,0,
5153,Airport,Trip Completed,,0,,,,0,
6531,City,Trip Completed,,0,,,,0,
521,City,Trip Completed,2016-11-07 09:48:00,0,9.0,Monday,11.0,0,Morning
1850,City,Trip Completed,2016-12-07 09:45:00,0,9.0,Wednesday,12.0,0,Morning
2851,Airport,Trip Completed,,0,,,,0,
5380,Airport,Trip Completed,,0,,,,0,
5917,Airport,Trip Completed,,0,,,,0,
148,Airport,Trip Completed,2016-11-07 05:36:00,0,5.0,Monday,11.0,0,Night
1113,City,Trip Completed,2016-11-07 20:18:00,0,20.0,Monday,11.0,0,Evening
1758,Airport,Trip Completed,2016-12-07 08:44:00,0,8.0,Wednesday,12.0,0,Morning
2395,Airport,Trip Completed,2016-12-07 19:55:00,0,19.0,Wednesday,12.0,0,Evening
2708,Airport,Trip Completed,,0,,,,0,
2995,City,Trip Completed,,0,,,,0,
3993,City,Trip Completed,,0,,,,0,
4724,City,Trip Completed,,0,,,,0,
5144,Airport,Trip Completed,,0,,,,0,
5572,City,Trip Completed,,0,,,,0,
5740,Airport,Trip Completed,,0,,,,0,
5938,City,Trip Completed,,0,,,,0,
6299,City,Trip Completed,,0,,,,0,
6695,Airport,Trip Completed,,0,,,,0,
507,Airport,Trip Completed,2016-11-07 09:40:00,0,9.0,Monday,11.0,0,Morning
1135,Airport,Trip Completed,2016-11-07 20:37:00,0,20.0,Monday,11.0,0,Evening
1479,City,Trip Completed,2016-12-07 05:16:00,0,5.0,Wednesday,12.0,0,Night
3275,City,Trip Completed,,0,,,,0,
4078,City,Trip Completed,,0,,,,0,
4176,Airport,Trip Completed,,0,,,,0,
4776,City,Trip Completed,,0,,,,0,
4899,Airport,Trip Completed,,0,,,,0,
35,City,Trip Completed,2016-11-07 02:36:00,0,2.0,Monday,11.0,0,Night
161,Airport,Trip Completed,2016-11-07 05:36:00,0,5.0,Monday,11.0,0,Night
831,Airport,Trip Completed,2016-11-07 17:30:00,0,17.0,Monday,11.0,0,Evening
1080,Airport,Trip Completed,2016-11-07 19:59:00,0,19.0,Monday,11.0,0,Evening
2496,City,Trip Completed,2016-12-07 20:53:00,0,20.0,Wednesday,12.0,0,Evening
3141,City,Trip Completed,,0,,,,0,
3297,City,Trip Completed,,0,,,,0,
3602,Airport,Trip Completed,,0,,,,0,
4150,City,Trip Completed,,0,,,,0,
4361,City,Trip Completed,,0,,,,0,
4642,City,Trip Completed,,0,,,,0,
4752,City,Trip Completed,,0,,,,0,
4849,City,Trip Completed,,0,,,,0,
6199,City,Trip Completed,,0,,,,0,
241,City,Trip Completed,2016-11-07 06:31:00,0,6.0,Monday,11.0,0,Morning
1339,Airport,Trip Completed,2016-11-07 23:25:00,0,23.0,Monday,11.0,0,Late evening
1454,City,Trip Completed,2016-12-07 04:54:00,0,4.0,Wednesday,12.0,0,Night
4342,City,Trip Completed,,0,,,,0,
6766,City,Trip Completed,,0,,,,0,
6213,City,Trip Completed,,0,,,,0,
41,City,Trip Completed,2016-11-07 02:47:00,0,2.0,Monday,11.0,0,Night
279,Airport,Trip Completed,2016-11-07 06:58:00,0,6.0,Monday,11.0,0,Morning
952,City,Trip Completed,2016-11-07 18:39:00,0,18.0,Monday,11.0,0,Evening
1200,Airport,Trip Completed,2016-11-07 21:13:00,0,21.0,Monday,11.0,0,Late evening
1775,City,Trip Completed,2016-12-07 08:57:00,0,8.0,Wednesday,12.0,0,Morning
1953,Airport,Trip Completed,2016-12-07 11:38:00,0,11.0,Wednesday,12.0,0,Morning
3270,City,Trip Completed,,0,,,,0,
3497,Airport,Trip Completed,,0,,,,0,
3897,Airport,Trip Completed,,0,,,,0,
4601,City,Trip Completed,,0,,,,0,
4621,Airport,Trip Completed,,0,,,,0,
5061,City,Trip Completed,,0,,,,0,
5359,City,Trip Completed,,0,,,,0,
6179,Airport,Trip Completed,,0,,,,0,
469,Airport,Trip Completed,2016-11-07 09:24:00,0,9.0,Monday,11.0,0,Morning
914,City,Trip Completed,2016-11-07 18:17:00,0,18.0,Monday,11.0,0,Evening
1386,Airport,Trip Completed,2016-12-07 01:30:00,0,1.0,Wednesday,12.0,0,Night
1935,City,Trip Completed,2016-12-07 11:16:00,0,11.0,Wednesday,12.0,0,Morning
3243,Airport,Trip Completed,,0,,,,0,
3449,City,Trip Completed,,0,,,,0,
4500,City,Trip Completed,,0,,,,0,
5328,Airport,Trip Completed,,0,,,,0,
5576,City,Trip Completed,,0,,,,0,
6112,Airport,Trip Completed,,0,,,,0,
6438,Airport,Trip Completed,,0,,,,0,
707,Airport,Trip Completed,2016-11-07 14:17:00,0,14.0,Monday,11.0,0,Afternoon
1136,Airport,Trip Completed,2016-11-07 20:32:00,0,20.0,Monday,11.0,0,Evening
2961,Airport,Trip Completed,,0,,,,0,
3428,City,Trip Completed,,0,,,,0,
4045,Airport,Trip Completed,,0,,,,0,
5399,City,Trip Completed,,0,,,,0,
5730,City,Trip Completed,,0,,,,0,
180,Airport,Trip Completed,2016-11-07 05:48:00,0,5.0,Monday,11.0,0,Night
1694,City,Trip Completed,2016-12-07 07:54:00,0,7.0,Wednesday,12.0,0,Morning
2294,City,Trip Completed,2016-12-07 18:47:00,0,18.0,Wednesday,12.0,0,Evening
3630,City,Trip Completed,,0,,,,0,
3978,City,Trip Completed,,0,,,,0,
4426,City,Trip Completed,,0,,,,0,
5115,Airport,Trip Completed,,0,,,,0,
5558,Airport,Trip Completed,,0,,,,0,
5827,Airport,Trip Completed,,0,,,,0,
6063,Airport,Trip Completed,,0,,,,0,
6691,Airport,Trip Completed,,0,,,,0,
170,City,Trip Completed,2016-11-07 05:45:00,0,5.0,Monday,11.0,0,Night
1326,Airport,Trip Completed,2016-11-07 23:06:00,0,23.0,Monday,11.0,0,Late evening
1476,City,Trip Completed,2016-12-07 05:16:00,0,5.0,Wednesday,12.0,0,Night
2937,Airport,Trip Completed,,0,,,,0,
3973,City,Trip Completed,,0,,,,0,
4644,City,Trip Completed,,0,,,,0,
5086,Airport,Trip Completed,,0,,,,0,
6572,Airport,Trip Completed,,0,,,,0,
6755,Airport,Trip Completed,,0,,,,0,
1483,City,Trip Completed,2016-12-07 05:22:00,0,5.0,Wednesday,12.0,0,Night
1844,City,Trip Completed,2016-12-07 09:40:00,0,9.0,Wednesday,12.0,0,Morning
2120,Airport,Trip Completed,2016-12-07 16:44:00,0,16.0,Wednesday,12.0,0,Afternoon
2411,City,Trip Completed,2016-12-07 20:04:00,0,20.0,Wednesday,12.0,0,Evening
2903,Airport,Trip Completed,,0,,,,0,
3289,City,Trip Completed,,0,,,,0,
3859,Airport,Trip Completed,,0,,,,0,
4313,City,Trip Completed,,0,,,,0,
5325,City,Trip Completed,,0,,,,0,
5906,City,Trip Completed,,0,,,,0,
6049,City,Trip Completed,,0,,,,0,
664,Airport,Trip Completed,2016-11-07 12:58:00,0,12.0,Monday,11.0,0,Afternoon
750,City,Trip Completed,2016-11-07 15:52:00,0,15.0,Monday,11.0,0,Afternoon
1950,City,Trip Completed,2016-12-07 11:33:00,0,11.0,Wednesday,12.0,0,Morning
2989,Airport,Trip Completed,,0,,,,0,
3266,Airport,Trip Completed,,0,,,,0,
4358,Airport,Trip Completed,,0,,,,0,
4720,Airport,Trip Completed,,0,,,,0,
5019,City,Trip Completed,,0,,,,0,
5925,City,Trip Completed,,0,,,,0,
112,Airport,Trip Completed,2016-11-07 05:01:00,0,5.0,Monday,11.0,0,Night
213,City,Trip Completed,2016-11-07 06:15:00,0,6.0,Monday,11.0,0,Morning
1818,Airport,Trip Completed,2016-12-07 09:29:00,0,9.0,Wednesday,12.0,0,Morning
2018,Airport,Trip Completed,2016-12-07 13:39:00,0,13.0,Wednesday,12.0,0,Afternoon
3231,Airport,Trip Completed,,0,,,,0,
3378,Airport,Trip Completed,,0,,,,0,
3896,City,Trip Completed,,0,,,,0,
4828,City,Trip Completed,,0,,,,0,
5944,City,Trip Completed,,0,,,,0,
6245,Airport,Trip Completed,,0,,,,0,
3957,City,Trip Completed,,0,,,,0,
4066,Airport,Trip Completed,,0,,,,0,
4691,City,Trip Completed,,0,,,,0,
6153,Airport,Trip Completed,,0,,,,0,
260,City,Trip Completed,2016-11-07 06:45:00,0,6.0,Monday,11.0,0,Morning
1077,Airport,Trip Completed,2016-11-07 19:55:00,0,19.0,Monday,11.0,0,Evening
1316,City,Trip Completed,2016-11-07 22:54:00,0,22.0,Monday,11.0,0,Late evening
1754,City,Trip Completed,2016-12-07 08:42:00,0,8.0,Wednesday,12.0,0,Morning
2086,City,Trip Completed,2016-12-07 15:44:00,0,15.0,Wednesday,12.0,0,Afternoon
3044,Airport,Trip Completed,,0,,,,0,
3295,City,Trip Completed,,0,,,,0,
3347,Airport,Trip Completed,,0,,,,0,
3801,Airport,Trip Completed,,0,,,,0,
4249,City,Trip Completed,,0,,,,0,
5096,Airport,Trip Completed,,0,,,,0,
5892,City,Trip Completed,,0,,,,0,
6281,Airport,Trip Completed,,0,,,,0,
6497,City,Trip Completed,,0,,,,0,
13,City,Trip Completed,2016-11-07 01:08:00,0,1.0,Monday,11.0,0,Night
1907,City,Trip Completed,2016-12-07 10:36:00,0,10.0,Wednesday,12.0,0,Morning
3074,City,Trip Completed,,0,,,,0,
3441,City,Trip Completed,,0,,,,0,
3651,City,Trip Completed,,0,,,,0,
4093,City,Trip Completed,,0,,,,0,
4339,City,Trip Completed,,0,,,,0,
4753,City,Trip Completed,,0,,,,0,
5933,City,Trip Completed,,0,,,,0,
1184,City,Trip Completed,2016-11-07 21:01:00,0,21.0,Monday,11.0,0,Late evening
1402,Airport,Trip Completed,2016-12-07 02:48:00,0,2.0,Wednesday,12.0,0,Night
1597,City,Trip Completed,2016-12-07 06:40:00,0,6.0,Wednesday,12.0,0,Morning
2702,City,Trip Completed,,0,,,,0,
2996,City,Trip Completed,,0,,,,0,
4857,Airport,Trip Completed,,0,,,,0,
6661,City,Trip Completed,,0,,,,0,
134,Airport,Trip Completed,2016-11-07 05:13:00,0,5.0,Monday,11.0,0,Night
598,City,Trip Completed,2016-11-07 11:36:00,0,11.0,Monday,11.0,0,Morning
726,Airport,Trip Completed,2016-11-07 15:00:00,0,15.0,Monday,11.0,0,Afternoon
832,Airport,Trip Completed,2016-11-07 17:38:00,0,17.0,Monday,11.0,0,Evening
2065,City,Trip Completed,2016-12-07 15:06:00,0,15.0,Wednesday,12.0,0,Afternoon
2701,Airport,Trip Completed,,0,,,,0,
3429,City,Trip Completed,,0,,,,0,
3645,City,Trip Completed,,0,,,,0,
4958,City,Trip Completed,,0,,,,0,
5474,City,Trip Completed,,0,,,,0,
6088,City,Trip Completed,,0,,,,0,
6714,Airport,Trip Completed,,0,,,,0,
1024,Airport,Trip Completed,2016-11-07 19:20:00,0,19.0,Monday,11.0,0,Evening
1452,City,Trip Completed,2016-12-07 04:52:00,0,4.0,Wednesday,12.0,0,Night
2507,City,Trip Completed,2016-12-07 21:05:00,0,21.0,Wednesday,12.0,0,Late evening
3052,Airport,Trip Completed,,0,,,,0,
4702,Airport,Trip Completed,,0,,,,0,
4830,Airport,Trip Completed,,0,,,,0,
5920,Airport,Trip Completed,,0,,,,0,
533,Airport,Trip Completed,2016-11-07 09:55:00,0,9.0,Monday,11.0,0,Morning
1368,City,Trip Completed,2016-12-07 00:07:00,0,0.0,Wednesday,12.0,0,Night
2499,Airport,Trip Completed,2016-12-07 20:55:00,0,20.0,Wednesday,12.0,0,Evening
2962,City,Trip Completed,,0,,,,0,
3617,Airport,Trip Completed,,0,,,,0,
5370,City,Trip Completed,,0,,,,0,
47,City,Trip Completed,2016-11-07 03:22:00,0,3.0,Monday,11.0,0,Night
270,City,Trip Completed,2016-11-07 06:54:00,0,6.0,Monday,11.0,0,Morning
1007,City,Trip Completed,2016-11-07 19:14:00,0,19.0,Monday,11.0,0,Evening
2372,City,Trip Completed,2016-12-07 19:35:00,0,19.0,Wednesday,12.0,0,Evening
3584,Airport,Trip Completed,,0,,,,0,
4645,Airport,Trip Completed,,0,,,,0,
5219,City,Trip Completed,,0,,,,0,
5559,Airport,Trip Completed,,0,,,,0,
631,Airport,Trip Completed,2016-11-07 12:19:00,0,12.0,Monday,11.0,0,Afternoon
775,City,Trip Completed,2016-11-07 16:29:00,0,16.0,Monday,11.0,0,Afternoon
1006,Airport,Trip Completed,2016-11-07 19:08:00,0,19.0,Monday,11.0,0,Evening
1995,City,Trip Completed,2016-12-07 12:51:00,0,12.0,Wednesday,12.0,0,Afternoon
2248,City,Trip Completed,2016-12-07 18:23:00,0,18.0,Wednesday,12.0,0,Evening
2540,Airport,Trip Completed,2016-12-07 21:15:00,0,21.0,Wednesday,12.0,0,Late evening
3037,Airport,Trip Completed,,0,,,,0,
3419,Airport,Trip Completed,,0,,,,0,
3987,City,Trip Completed,,0,,,,0,
4458,City,Trip Completed,,0,,,,0,
4987,Airport,Trip Completed,,0,,,,0,
5868,City,Trip Completed,,0,,,,0,
6413,Airport,Trip Completed,,0,,,,0,
6533,City,Trip Completed,,0,,,,0,
90,Airport,Trip Completed,2016-11-07 04:53:00,0,4.0,Monday,11.0,0,Night
532,City,Trip Completed,2016-11-07 09:53:00,0,9.0,Monday,11.0,0,Morning
1110,City,Trip Completed,2016-11-07 20:17:00,0,20.0,Monday,11.0,0,Evening
1759,Airport,Trip Completed,2016-12-07 08:46:00,0,8.0,Wednesday,12.0,0,Morning
2147,City,Trip Completed,2016-12-07 17:21:00,0,17.0,Wednesday,12.0,0,Evening
3254,Airport,Trip Completed,,0,,,,0,
3381,Airport,Trip Completed,,0,,,,0,
3656,City,Trip Completed,,0,,,,0,
3948,Airport,Trip Completed,,0,,,,0,
4520,City,Trip Completed,,0,,,,0,
4723,Airport,Trip Completed,,0,,,,0,
5176,City,Trip Completed,,0,,,,0,
6338,City,Trip Completed,,0,,,,0,
6557,Airport,Trip Completed,,0,,,,0,
504,City,Trip Completed,2016-11-07 09:40:00,0,9.0,Monday,11.0,0,Morning
640,Airport,Trip Completed,2016-11-07 12:27:00,0,12.0,Monday,11.0,0,Afternoon
1206,City,Trip Completed,2016-11-07 21:24:00,0,21.0,Monday,11.0,0,Late evening
1851,Airport,Trip Completed,2016-12-07 09:48:00,0,9.0,Wednesday,12.0,0,Morning
2412,Airport,Trip Completed,2016-12-07 19:59:00,0,19.0,Wednesday,12.0,0,Evening
3300,Airport,Trip Completed,,0,,,,0,
3648,City,Trip Completed,,0,,,,0,
6020,City,Trip Completed,,0,,,,0,
6682,City,Trip Completed,,0,,,,0,
878,City,Trip Completed,2016-11-07 18:09:00,0,18.0,Monday,11.0,0,Evening
1014,Airport,Trip Completed,2016-11-07 19:14:00,0,19.0,Monday,11.0,0,Evening
1628,Airport,Trip Completed,2016-12-07 07:05:00,0,7.0,Wednesday,12.0,0,Morning
2416,City,Trip Completed,2016-12-07 20:06:00,0,20.0,Wednesday,12.0,0,Evening
2974,Airport,Trip Completed,,0,,,,0,
3273,Airport,Trip Completed,,0,,,,0,
4210,City,Trip Completed,,0,,,,0,
4454,City,Trip Completed,,0,,,,0,
4732,Airport,Trip Completed,,0,,,,0,
5024,City,Trip Completed,,0,,,,0,
5799,Airport,Trip Completed,,0,,,,0,
6676,Airport,Trip Completed,,0,,,,0,
343,City,Trip Completed,2016-11-07 07:57:00,0,7.0,Monday,11.0,0,Morning
1002,Airport,Trip Completed,2016-11-07 19:14:00,0,19.0,Monday,11.0,0,Evening
1571,Airport,Trip Completed,2016-12-07 06:28:00,0,6.0,Wednesday,12.0,0,Morning
1954,Airport,Trip Completed,2016-12-07 11:43:00,0,11.0,Wednesday,12.0,0,Morning
3436,Airport,Trip Completed,,0,,,,0,
5193,Airport,Trip Completed,,0,,,,0,
5555,City,Trip Completed,,0,,,,0,
5674,Airport,Trip Completed,,0,,,,0,
6596,City,Trip Completed,,0,,,,0,
123,City,Trip Completed,2016-11-07 05:12:00,0,5.0,Monday,11.0,0,Night
479,Airport,Trip Completed,2016-11-07 09:27:00,0,9.0,Monday,11.0,0,Morning
657,City,Trip Completed,2016-11-07 12:55:00,0,12.0,Monday,11.0,0,Afternoon
975,Airport,Trip Completed,2016-11-07 18:54:00,0,18.0,Monday,11.0,0,Evening
1307,Airport,Trip Completed,2016-11-07 22:42:00,0,22.0,Monday,11.0,0,Late evening
1672,City,Trip Completed,2016-12-07 07:37:00,0,7.0,Wednesday,12.0,0,Morning
1942,Airport,Trip Completed,2016-12-07 11:26:00,0,11.0,Wednesday,12.0,0,Morning
3382,City,Trip Completed,,0,,,,0,
4284,Airport,Trip Completed,,0,,,,0,
6734,Airport,Trip Completed,,0,,,,0,
281,City,Trip Completed,2016-11-07 07:01:00,0,7.0,Monday,11.0,0,Morning
1902,City,Trip Completed,2016-12-07 10:34:00,0,10.0,Wednesday,12.0,0,Morning
2691,Airport,Trip Completed,,0,,,,0,
4430,City,Trip Completed,,0,,,,0,
4779,City,Trip Completed,,0,,,,0,
5097,City,Trip Completed,,0,,,,0,
405,City,Trip Completed,2016-11-07 08:29:00,0,8.0,Monday,11.0,0,Morning
585,City,Trip Completed,2016-11-07 11:16:00,0,11.0,Monday,11.0,0,Morning
729,Airport,Trip Completed,2016-11-07 15:14:00,0,15.0,Monday,11.0,0,Afternoon
1046,Airport,Trip Completed,2016-11-07 19:31:00,0,19.0,Monday,11.0,0,Evening
1663,Airport,Trip Completed,2016-12-07 07:33:00,0,7.0,Wednesday,12.0,0,Morning
4027,City,Trip Completed,,0,,,,0,
2876,City,Trip Completed,,0,,,,0,
3767,Airport,Trip Completed,,0,,,,0,
5948,City,Trip Completed,,0,,,,0,
6027,Airport,Trip Completed,,0,,,,0,
701,City,Trip Completed,2016-11-07 14:01:00,0,14.0,Monday,11.0,0,Afternoon
1529,City,Trip Completed,2016-12-07 05:56:00,0,5.0,Wednesday,12.0,0,Night
2060,Airport,Trip Completed,2016-12-07 15:04:00,0,15.0,Wednesday,12.0,0,Afternoon
2262,City,Trip Completed,2016-12-07 18:30:00,0,18.0,Wednesday,12.0,0,Evening
4425,City,Trip Completed,,0,,,,0,
4710,City,Trip Completed,,0,,,,0,
5732,Airport,Trip Completed,,0,,,,0,
142,City,Trip Completed,2016-11-07 05:25:00,0,5.0,Monday,11.0,0,Night
430,City,Trip Completed,2016-11-07 08:49:00,0,8.0,Monday,11.0,0,Morning
612,Airport,Trip Completed,2016-11-07 11:47:00,0,11.0,Monday,11.0,0,Morning
927,Airport,Trip Completed,2016-11-07 18:22:00,0,18.0,Monday,11.0,0,Evening
1010,City,Trip Completed,2016-11-07 19:14:00,0,19.0,Monday,11.0,0,Evening
1845,Airport,Trip Completed,2016-12-07 09:41:00,0,9.0,Wednesday,12.0,0,Morning
2234,Airport,Trip Completed,2016-12-07 18:19:00,0,18.0,Wednesday,12.0,0,Evening
2633,Airport,Trip Completed,2016-12-07 22:18:00,0,22.0,Wednesday,12.0,0,Late evening
4012,Airport,Trip Completed,,0,,,,0,
5039,City,Trip Completed,,0,,,,0,
6760,Airport,Trip Completed,,0,,,,0,
5681,City,Trip Completed,,0,,,,0,
6253,Airport,Trip Completed,,0,,,,0,
6558,Airport,Trip Completed,,0,,,,0,
565,City,Trip Completed,2016-11-07 10:19:00,0,10.0,Monday,11.0,0,Morning
599,Airport,Trip Completed,2016-11-07 11:38:00,0,11.0,Monday,11.0,0,Morning
1772,Airport,Trip Completed,2016-12-07 08:54:00,0,8.0,Wednesday,12.0,0,Morning
3357,Airport,Trip Completed,,0,,,,0,
4408,City,Trip Completed,,0,,,,0,
1363,Airport,Trip Completed,2016-11-07 00:00:00,0,0.0,Monday,11.0,0,Night
625,Airport,Trip Completed,2016-11-07 12:05:00,0,12.0,Monday,11.0,0,Afternoon
1636,Airport,Trip Completed,2016-12-07 07:17:00,0,7.0,Wednesday,12.0,0,Morning
2253,Airport,Trip Completed,2016-12-07 18:22:00,0,18.0,Wednesday,12.0,0,Evening
3471,Airport,Trip Completed,,0,,,,0,
4402,City,Trip Completed,,0,,,,0,
458,Airport,Trip Completed,2016-11-07 09:12:00,0,9.0,Monday,11.0,0,Morning
681,City,Trip Completed,2016-11-07 13:32:00,0,13.0,Monday,11.0,0,Afternoon
1084,Airport,Trip Completed,2016-11-07 19:59:00,0,19.0,Monday,11.0,0,Evening
1896,Airport,Trip Completed,2016-12-07 10:23:00,0,10.0,Wednesday,12.0,0,Morning
3132,Airport,Trip Completed,,0,,,,0,
3940,City,Trip Completed,,0,,,,0,
4943,Airport,Trip Completed,,0,,,,0,
5537,Airport,Trip Completed,,0,,,,0,
6310,City,Trip Completed,,0,,,,0,
6587,Airport,Trip Completed,,0,,,,0,
6756,City,Trip Completed,,0,,,,0,
97,City,Trip Completed,2016-11-07 05:01:00,0,5.0,Monday,11.0,0,Night
1266,Airport,Trip Completed,2016-11-07 22:00:00,0,22.0,Monday,11.0,0,Late evening
2118,Airport,Trip Completed,2016-12-07 16:41:00,0,16.0,Wednesday,12.0,0,Afternoon
2906,Airport,Trip Completed,,0,,,,0,
3432,Airport,Trip Completed,,0,,,,0,
5921,City,Trip Completed,,0,,,,0,
6192,Airport,Trip Completed,,0,,,,0,
6705,Airport,Trip Completed,,0,,,,0,
242,Airport,Trip Completed,2016-11-07 06:31:00,0,6.0,Monday,11.0,0,Morning
1359,City,Trip Completed,2016-11-07 23:51:00,0,23.0,Monday,11.0,0,Late evening
1865,Airport,Trip Completed,2016-12-07 09:50:00,0,9.0,Wednesday,12.0,0,Morning
2024,Airport,Trip Completed,2016-12-07 13:55:00,0,13.0,Wednesday,12.0,0,Afternoon
2768,Airport,Trip Completed,,0,,,,0,
3067,City,Trip Completed,,0,,,,0,
3316,Airport,Trip Completed,,0,,,,0,
4084,Airport,Trip Completed,,0,,,,0,
4858,City,Trip Completed,,0,,,,0,
5566,Airport,Trip Completed,,0,,,,0,
6384,Airport,Trip Completed,,0,,,,0,
2001,Airport,Trip Completed,2016-12-07 13:01:00,0,13.0,Wednesday,12.0,0,Afternoon
3483,City,Trip Completed,,0,,,,0,
3990,Airport,Trip Completed,,0,,,,0,
4531,City,Trip Completed,,0,,,,0,
5518,City,Trip Completed,,0,,,,0,
5869,City,Trip Completed,,0,,,,0,
60,City,Trip Completed,2016-11-07 03:57:00,0,3.0,Monday,11.0,0,Night
282,City,Trip Completed,2016-11-07 06:56:00,0,6.0,Monday,11.0,0,Morning
1614,Airport,Trip Completed,2016-12-07 06:55:00,0,6.0,Wednesday,12.0,0,Morning
2331,Airport,Trip Completed,2016-12-07 19:13:00,0,19.0,Wednesday,12.0,0,Evening
2825,Airport,Trip Completed,,0,,,,0,
3411,Airport,Trip Completed,,0,,,,0,
4143,Airport,Trip Completed,,0,,,,0,
4637,City,Trip Completed,,0,,,,0,
4729,Airport,Trip Completed,,0,,,,0,
5318,Airport,Trip Completed,,0,,,,0,
6619,City,Trip Completed,,0,,,,0,
444,Airport,Trip Completed,2016-11-07 09:09:00,0,9.0,Monday,11.0,0,Morning
1260,Airport,Trip Completed,2016-11-07 21:59:00,0,21.0,Monday,11.0,0,Late evening
1976,Airport,Trip Completed,2016-12-07 12:18:00,0,12.0,Wednesday,12.0,0,Afternoon
2096,Airport,Trip Completed,2016-12-07 16:01:00,0,16.0,Wednesday,12.0,0,Afternoon
2732,City,Trip Completed,,0,,,,0,
5383,City,Trip Completed,,0,,,,0,
4156,City,Trip Completed,,0,,,,0,
4761,City,Trip Completed,,0,,,,0,
6446,Airport,Trip Completed,,0,,,,0,
6610,City,Trip Completed,,0,,,,0,
638,City,Trip Completed,2016-11-07 12:30:00,0,12.0,Monday,11.0,0,Afternoon
1644,Airport,Trip Completed,2016-12-07 07:16:00,0,7.0,Wednesday,12.0,0,Morning
2040,Airport,Trip Completed,2016-12-07 14:25:00,0,14.0,Wednesday,12.0,0,Afternoon
2794,City,Trip Completed,,0,,,,0,
3172,Airport,Trip Completed,,0,,,,0,
6559,Airport,Trip Completed,,0,,,,0,
243,City,Trip Completed,2016-11-07 06:34:00,0,6.0,Monday,11.0,0,Morning
296,Airport,Trip Completed,2016-11-07 07:12:00,0,7.0,Monday,11.0,0,Morning
677,City,Trip Completed,2016-11-07 13:26:00,0,13.0,Monday,11.0,0,Afternoon
1360,City,Trip Completed,2016-11-07 23:54:00,0,23.0,Monday,11.0,0,Late evening
1916,Airport,Trip Completed,2016-12-07 10:43:00,0,10.0,Wednesday,12.0,0,Morning
2397,City,Trip Completed,2016-12-07 19:45:00,0,19.0,Wednesday,12.0,0,Evening
3624,Airport,Trip Completed,,0,,,,0,
4799,City,Trip Completed,,0,,,,0,
5241,City,Trip Completed,,0,,,,0,
6380,Airport,Trip Completed,,0,,,,0,
998,Airport,Trip Completed,2016-11-07 19:01:00,0,19.0,Monday,11.0,0,Evening
1281,Airport,Trip Completed,2016-11-07 22:12:00,0,22.0,Monday,11.0,0,Late evening
2045,Airport,Trip Completed,2016-12-07 14:43:00,0,14.0,Wednesday,12.0,0,Afternoon
2424,City,Trip Completed,2016-12-07 20:03:00,0,20.0,Wednesday,12.0,0,Evening
3162,Airport,Trip Completed,,0,,,,0,
3222,City,Trip Completed,,0,,,,0,
4098,City,Trip Completed,,0,,,,0,
4905,Airport,Trip Completed,,0,,,,0,
5622,Airport,Trip Completed,,0,,,,0,
318,City,Trip Completed,2016-11-07 07:28:00,0,7.0,Monday,11.0,0,Morning
557,City,Trip Completed,2016-11-07 10:15:00,0,10.0,Monday,11.0,0,Morning
2034,Airport,Trip Completed,2016-12-07 14:16:00,0,14.0,Wednesday,12.0,0,Afternoon
2392,City,Trip Completed,2016-12-07 19:50:00,0,19.0,Wednesday,12.0,0,Evening
4542,Airport,Trip Completed,,0,,,,0,
5500,City,Trip Completed,,0,,,,0,
6382,Airport,Trip Completed,,0,,,,0,
6575,City,Trip Completed,,0,,,,0,
1827,Airport,Trip Completed,2016-12-07 09:35:00,0,9.0,Wednesday,12.0,0,Morning
2095,City,Trip Completed,2016-12-07 15:56:00,0,15.0,Wednesday,12.0,0,Afternoon
3092,Airport,Trip Completed,,0,,,,0,
4813,City,Trip Completed,,0,,,,0,
5164,City,Trip Completed,,0,,,,0,
6702,City,Trip Completed,,0,,,,0,
429,City,Trip Completed,2016-11-07 08:54:00,0,8.0,Monday,11.0,0,Morning
2681,Airport,Trip Completed,2016-12-07 00:10:00,0,0.0,Wednesday,12.0,0,Night
3160,City,Trip Completed,,0,,,,0,
3400,City,Trip Completed,,0,,,,0,
3889,Airport,Trip Completed,,0,,,,0,
4151,City,Trip Completed,,0,,,,0,
4738,Airport,Trip Completed,,0,,,,0,
4963,Airport,Trip Completed,,0,,,,0,
311,Airport,Trip Completed,2016-11-07 07:27:00,0,7.0,Monday,11.0,0,Morning
928,City,Trip Completed,2016-11-07 18:29:00,0,18.0,Monday,11.0,0,Evening
1468,City,Trip Completed,2016-12-07 05:09:00,0,5.0,Wednesday,12.0,0,Night
2677,City,Trip Completed,2016-12-07 23:54:00,0,23.0,Wednesday,12.0,0,Late evening
2916,City,Trip Completed,,0,,,,0,
4663,City,Trip Completed,,0,,,,0,
6741,City,Trip Completed,,0,,,,0,
48,City,Trip Completed,2016-11-07 03:14:00,0,3.0,Monday,11.0,0,Night
838,City,Trip Completed,2016-11-07 17:43:00,0,17.0,Monday,11.0,0,Evening
1657,Airport,Trip Completed,2016-12-07 07:29:00,0,7.0,Wednesday,12.0,0,Morning
2032,Airport,Trip Completed,2016-12-07 14:14:00,0,14.0,Wednesday,12.0,0,Afternoon
3507,City,Trip Completed,,0,,,,0,
3780,City,Trip Completed,,0,,,,0,
6180,City,Trip Completed,,0,,,,0,
6615,City,Trip Completed,,0,,,,0,
797,City,Trip Completed,2016-11-07 17:16:00,0,17.0,Monday,11.0,0,Evening
1564,City,Trip Completed,2016-12-07 06:18:00,0,6.0,Wednesday,12.0,0,Morning
2075,City,Trip Completed,2016-12-07 15:31:00,0,15.0,Wednesday,12.0,0,Afternoon
2822,City,Trip Completed,,0,,,,0,
3387,City,Trip Completed,,0,,,,0,
4315,City,Trip Completed,,0,,,,0,
5549,Airport,Trip Completed,,0,,,,0,
6284,City,Trip Completed,,0,,,,0,
6403,Airport,Trip Completed,,0,,,,0,
6684,Airport,Trip Completed,,0,,,,0,
451,City,Trip Completed,2016-11-07 09:10:00,0,9.0,Monday,11.0,0,Morning
588,City,Trip Completed,2016-11-07 11:20:00,0,11.0,Monday,11.0,0,Morning
671,Airport,Trip Completed,2016-11-07 13:16:00,0,13.0,Monday,11.0,0,Afternoon
1369,Airport,Trip Completed,2016-12-07 00:15:00,0,0.0,Wednesday,12.0,0,Night
1688,City,Trip Completed,2016-12-07 07:51:00,0,7.0,Wednesday,12.0,0,Morning
2861,City,Trip Completed,,0,,,,0,
3354,City,Trip Completed,,0,,,,0,
5141,Airport,Trip Completed,,0,,,,0,
5460,Airport,Trip Completed,,0,,,,0,
5904,City,Trip Completed,,0,,,,0,
5973,Airport,Trip Completed,,0,,,,0,
704,Airport,Trip Completed,2016-11-07 14:12:00,0,14.0,Monday,11.0,0,Afternoon
785,City,Trip Completed,2016-11-07 16:49:00,0,16.0,Monday,11.0,0,Afternoon
2631,Airport,Trip Completed,2016-12-07 22:18:00,0,22.0,Wednesday,12.0,0,Late evening
2911,Airport,Trip Completed,,0,,,,0,
3360,Airport,Trip Completed,,0,,,,0,
3667,Airport,Trip Completed,,0,,,,0,
4624,Airport,Trip Completed,,0,,,,0,
604,City,Trip Completed,2016-11-07 11:44:00,0,11.0,Monday,11.0,0,Morning
1464,Airport,Trip Completed,2016-12-07 05:03:00,0,5.0,Wednesday,12.0,0,Night
1810,City,Trip Completed,2016-12-07 09:18:00,0,9.0,Wednesday,12.0,0,Morning
2009,City,Trip Completed,2016-12-07 13:25:00,0,13.0,Wednesday,12.0,0,Afternoon
2166,City,Trip Completed,2016-12-07 17:30:00,0,17.0,Wednesday,12.0,0,Evening
5379,City,Trip Completed,,0,,,,0,
1367,City,Trip Completed,2016-11-07 00:05:00,0,0.0,Monday,11.0,0,Night
447,City,Trip Completed,2016-11-07 09:07:00,0,9.0,Monday,11.0,0,Morning
1682,City,Trip Completed,2016-12-07 07:47:00,0,7.0,Wednesday,12.0,0,Morning
2043,Airport,Trip Completed,2016-12-07 14:30:00,0,14.0,Wednesday,12.0,0,Afternoon
2796,Airport,Trip Completed,,0,,,,0,
3945,City,Trip Completed,,0,,,,0,
4196,City,Trip Completed,,0,,,,0,
5174,City,Trip Completed,,0,,,,0,
5480,City,Trip Completed,,0,,,,0,
5883,Airport,Trip Completed,,0,,,,0,
6013,Airport,Trip Completed,,0,,,,0,
438,City,Trip Completed,2016-11-07 09:05:00,0,9.0,Monday,11.0,0,Morning
636,City,Trip Completed,2016-11-07 12:25:00,0,12.0,Monday,11.0,0,Afternoon
1938,Airport,Trip Completed,2016-12-07 11:21:00,0,11.0,Wednesday,12.0,0,Morning
2129,Airport,Trip Completed,2016-12-07 17:06:00,0,17.0,Wednesday,12.0,0,Evening
3337,Airport,Trip Completed,,0,,,,0,
3472,City,Trip Completed,,0,,,,0,
3991,City,Trip Completed,,0,,,,0,
4221,Airport,Trip Completed,,0,,,,0,
5719,Airport,Trip Completed,,0,,,,0,
143,Airport,Trip Completed,2016-11-07 05:24:00,0,5.0,Monday,11.0,0,Night
784,City,Trip Completed,2016-11-07 16:50:00,0,16.0,Monday,11.0,0,Afternoon
1020,Airport,Trip Completed,2016-11-07 19:17:00,0,19.0,Monday,11.0,0,Evening
2934,City,Trip Completed,,0,,,,0,
4073,City,Trip Completed,,0,,,,0,
4751,City,Trip Completed,,0,,,,0,
5275,City,Trip Completed,,0,,,,0,
1262,Airport,Trip Completed,2016-11-07 22:00:00,0,22.0,Monday,11.0,0,Late evening
1600,City,Trip Completed,2016-12-07 06:39:00,0,6.0,Wednesday,12.0,0,Morning
2016,City,Trip Completed,2016-12-07 13:34:00,0,13.0,Wednesday,12.0,0,Afternoon
2370,Airport,Trip Completed,2016-12-07 19:37:00,0,19.0,Wednesday,12.0,0,Evening
3192,Airport,Trip Completed,,0,,,,0,
3367,Airport,Trip Completed,,0,,,,0,
3952,City,Trip Completed,,0,,,,0,
4517,Airport,Trip Completed,,0,,,,0,
4944,City,Trip Completed,,0,,,,0,
6037,Airport,Trip Completed,,0,,,,0,
6385,Airport,Trip Completed,,0,,,,0,
398,City,Trip Completed,2016-11-07 08:26:00,0,8.0,Monday,11.0,0,Morning
2163,Airport,Trip Completed,2016-12-07 17:30:00,0,17.0,Wednesday,12.0,0,Evening
3985,Airport,Trip Completed,,0,,,,0,
4780,City,Trip Completed,,0,,,,0,
5453,City,Trip Completed,,0,,,,0,
5807,City,Trip Completed,,0,,,,0,
6074,Airport,Trip Completed,,0,,,,0,
6651,City,Trip Completed,,0,,,,0,
223,Airport,Trip Completed,2016-11-07 06:13:00,0,6.0,Monday,11.0,0,Morning
680,City,Trip Completed,2016-11-07 13:30:00,0,13.0,Monday,11.0,0,Afternoon
887,Airport,Trip Completed,2016-11-07 18:10:00,0,18.0,Monday,11.0,0,Evening
1689,Airport,Trip Completed,2016-12-07 07:51:00,0,7.0,Wednesday,12.0,0,Morning
1939,City,Trip Completed,2016-12-07 11:18:00,0,11.0,Wednesday,12.0,0,Morning
2182,City,Trip Completed,2016-12-07 17:42:00,0,17.0,Wednesday,12.0,0,Evening
3223,Airport,Trip Completed,,0,,,,0,
3819,Airport,Trip Completed,,0,,,,0,
4823,Airport,Trip Completed,,0,,,,0,
5431,Airport,Trip Completed,,0,,,,0,
6353,Airport,Trip Completed,,0,,,,0,
163,City,Trip Completed,2016-11-07 05:35:00,0,5.0,Monday,11.0,0,Night
706,Airport,Trip Completed,2016-11-07 14:12:00,0,14.0,Monday,11.0,0,Afternoon
1214,Airport,Trip Completed,2016-11-07 21:30:00,0,21.0,Monday,11.0,0,Late evening
1399,City,Trip Completed,2016-12-07 02:35:00,0,2.0,Wednesday,12.0,0,Night
1574,Airport,Trip Completed,2016-12-07 06:26:00,0,6.0,Wednesday,12.0,0,Morning
1870,City,Trip Completed,2016-12-07 10:01:00,0,10.0,Wednesday,12.0,0,Morning
2267,Airport,Trip Completed,2016-12-07 18:33:00,0,18.0,Wednesday,12.0,0,Evening
2658,Airport,Trip Completed,2016-12-07 23:18:00,0,23.0,Wednesday,12.0,0,Late evening
3048,Airport,Trip Completed,,0,,,,0,
3301,Airport,Trip Completed,,0,,,,0,
3477,City,Trip Completed,,0,,,,0,
4371,City,Trip Completed,,0,,,,0,
445,City,Trip Completed,2016-11-07 09:06:00,0,9.0,Monday,11.0,0,Morning
1100,Airport,Trip Completed,2016-11-07 20:10:00,0,20.0,Monday,11.0,0,Evening
1961,City,Trip Completed,2016-12-07 11:53:00,0,11.0,Wednesday,12.0,0,Morning
3215,Airport,Trip Completed,,0,,,,0,
3997,Airport,Trip Completed,,0,,,,0,
4385,City,Trip Completed,,0,,,,0,
4736,City,Trip Completed,,0,,,,0,
5291,Airport,Trip Completed,,0,,,,0,
5350,City,Trip Completed,,0,,,,0,
5768,City,Trip Completed,,0,,,,0,
675,City,Trip Completed,2016-11-07 13:24:00,0,13.0,Monday,11.0,0,Afternoon
1996,Airport,Trip Completed,2016-12-07 12:57:00,0,12.0,Wednesday,12.0,0,Afternoon
2510,City,Trip Completed,2016-12-07 21:01:00,0,21.0,Wednesday,12.0,0,Late evening
3969,Airport,Trip Completed,,0,,,,0,
4397,City,Trip Completed,,0,,,,0,
5326,City,Trip Completed,,0,,,,0,
5987,City,Trip Completed,,0,,,,0,
6152,Airport,Trip Completed,,0,,,,0,
6317,City,Trip Completed,,0,,,,0,
602,City,Trip Completed,2016-11-07 11:38:00,0,11.0,Monday,11.0,0,Morning
981,City,Trip Completed,2016-11-07 19:01:00,0,19.0,Monday,11.0,0,Evening
1317,Airport,Trip Completed,2016-11-07 22:57:00,0,22.0,Monday,11.0,0,Late evening
2112,Airport,Trip Completed,2016-12-07 16:32:00,0,16.0,Wednesday,12.0,0,Afternoon
2365,City,Trip Completed,2016-12-07 19:34:00,0,19.0,Wednesday,12.0,0,Evening
2849,City,Trip Completed,,0,,,,0,
4573,City,Trip Completed,,0,,,,0,
5095,City,Trip Completed,,0,,,,0,
741,Airport,Trip Completed,2016-11-07 15:39:00,0,15.0,Monday,11.0,0,Afternoon
1873,City,Trip Completed,2016-12-07 09:59:00,0,9.0,Wednesday,12.0,0,Morning
2134,Airport,Trip Completed,2016-12-07 17:14:00,0,17.0,Wednesday,12.0,0,Evening
3461,Airport,Trip Completed,,0,,,,0,
3711,Airport,Trip Completed,,0,,,,0,
5001,Airport,Trip Completed,,0,,,,0,
248,City,Trip Completed,2016-11-07 06:38:00,0,6.0,Monday,11.0,0,Morning
1321,Airport,Trip Completed,2016-11-07 23:01:00,0,23.0,Monday,11.0,0,Late evening
1997,City,Trip Completed,2016-12-07 13:02:00,0,13.0,Wednesday,12.0,0,Afternoon
2544,City,Trip Completed,2016-12-07 21:22:00,0,21.0,Wednesday,12.0,0,Late evening
3863,City,Trip Completed,,0,,,,0,
4336,City,Trip Completed,,0,,,,0,
4754,City,Trip Completed,,0,,,,0,
6620,City,Trip Completed,,0,,,,0,
500,Airport,Trip Completed,2016-11-07 09:38:00,0,9.0,Monday,11.0,0,Morning
1518,City,Trip Completed,2016-12-07 05:50:00,0,5.0,Wednesday,12.0,0,Night
3082,City,Trip Completed,,0,,,,0,
3478,Airport,Trip Completed,,0,,,,0,
4539,City,Trip Completed,,0,,,,0,
4791,City,Trip Completed,,0,,,,0,
5263,City,Trip Completed,,0,,,,0,
1679,City,Trip Completed,2016-12-07 07:46:00,0,7.0,Wednesday,12.0,0,Morning
2276,Airport,Trip Completed,2016-12-07 18:38:00,0,18.0,Wednesday,12.0,0,Evening
2747,Airport,Trip Completed,,0,,,,0,
3370,City,Trip Completed,,0,,,,0,
3741,Airport,Trip Completed,,0,,,,0,
4266,Airport,Trip Completed,,0,,,,0,
5596,City,Trip Completed,,0,,,,0,
5961,Airport,Trip Completed,,0,,,,0,
6418,City,Trip Completed,,0,,,,0,
759,City,Trip Completed,2016-11-07 16:16:00,0,16.0,Monday,11.0,0,Afternoon
2524,Airport,Trip Completed,2016-12-07 21:09:00,0,21.0,Wednesday,12.0,0,Late evening
2769,Airport,Trip Completed,,0,,,,0,
5071,Airport,Trip Completed,,0,,,,0,
5287,City,Trip Completed,,0,,,,0,
33,Airport,Trip Completed,2016-11-07 02:17:00,0,2.0,Monday,11.0,0,Night
2692,City,Trip Completed,,0,,,,0,
2835,City,Trip Completed,,0,,,,0,
3122,Airport,Trip Completed,,0,,,,0,
3465,City,Trip Completed,,0,,,,0,
3857,City,Trip Completed,,0,,,,0,
4343,Airport,Trip Completed,,0,,,,0,
4417,City,Trip Completed,,0,,,,0,
5756,City,Trip Completed,,0,,,,0,
5907,Airport,Trip Completed,,0,,,,0,
699,Airport,Trip Completed,2016-11-07 14:02:00,0,14.0,Monday,11.0,0,Afternoon
821,City,Trip Completed,2016-11-07 17:34:00,0,17.0,Monday,11.0,0,Evening
2085,City,Trip Completed,2016-12-07 15:41:00,0,15.0,Wednesday,12.0,0,Afternoon
2346,Airport,Trip Completed,2016-12-07 19:17:00,0,19.0,Wednesday,12.0,0,Evening
2704,City,Trip Completed,,0,,,,0,
2901,Airport,Trip Completed,,0,,,,0,
3475,City,Trip Completed,,0,,,,0,
3743,Airport,Trip Completed,,0,,,,0,
5209,Airport,Trip Completed,,0,,,,0,
6674,Airport,Trip Completed,,0,,,,0,
714,City,Trip Completed,2016-11-07 14:28:00,0,14.0,Monday,11.0,0,Afternoon
792,Airport,Trip Completed,2016-11-07 17:01:00,0,17.0,Monday,11.0,0,Evening
1341,Airport,Trip Completed,2016-11-07 23:26:00,0,23.0,Monday,11.0,0,Late evening
1745,City,Trip Completed,2016-12-07 08:22:00,0,8.0,Wednesday,12.0,0,Morning
1971,City,Trip Completed,2016-12-07 12:08:00,0,12.0,Wednesday,12.0,0,Afternoon
2632,City,Trip Completed,2016-12-07 22:19:00,0,22.0,Wednesday,12.0,0,Late evening
2935,City,Trip Completed,,0,,,,0,
3142,Airport,Trip Completed,,0,,,,0,
4516,City,Trip Completed,,0,,,,0,
4605,Airport,Trip Completed,,0,,,,0,
5936,Airport,Trip Completed,,0,,,,0,
6621,City,Trip Completed,,0,,,,0,
752,Airport,Trip Completed,2016-11-07 16:03:00,0,16.0,Monday,11.0,0,Afternoon
1336,City,Trip Completed,2016-11-07 23:17:00,0,23.0,Monday,11.0,0,Late evening
1836,Airport,Trip Completed,2016-12-07 09:37:00,0,9.0,Wednesday,12.0,0,Morning
2447,Airport,Trip Completed,2016-12-07 20:24:00,0,20.0,Wednesday,12.0,0,Evening
3517,Airport,Trip Completed,,0,,,,0,
3831,Airport,Trip Completed,,0,,,,0,
4136,City,Trip Completed,,0,,,,0,
4700,Airport,Trip Completed,,0,,,,0,
5484,City,Trip Completed,,0,,,,0,
5900,City,Trip Completed,,0,,,,0,
6634,Airport,Trip Completed,,0,,,,0,
426,City,Trip Completed,2016-11-07 08:48:00,0,8.0,Monday,11.0,0,Morning
1320,City,Trip Completed,2016-11-07 22:52:00,0,22.0,Monday,11.0,0,Late evening
1588,City,Trip Completed,2016-12-07 06:32:00,0,6.0,Wednesday,12.0,0,Morning
2375,Airport,Trip Completed,2016-12-07 19:38:00,0,19.0,Wednesday,12.0,0,Evening
4411,Airport,Trip Completed,,0,,,,0,
4769,Airport,Trip Completed,,0,,,,0,
5149,City,Trip Completed,,0,,,,0,
5659,City,Trip Completed,,0,,,,0,
545,City,Trip Completed,2016-11-07 10:06:00,0,10.0,Monday,11.0,0,Morning
778,City,Trip Completed,2016-11-07 16:39:00,0,16.0,Monday,11.0,0,Afternoon
1289,City,Trip Completed,2016-11-07 22:26:00,0,22.0,Monday,11.0,0,Late evening
1654,Airport,Trip Completed,2016-12-07 07:23:00,0,7.0,Wednesday,12.0,0,Morning
1945,Airport,Trip Completed,2016-12-07 11:33:00,0,11.0,Wednesday,12.0,0,Morning
2460,City,Trip Completed,2016-12-07 20:29:00,0,20.0,Wednesday,12.0,0,Evening
2877,Airport,Trip Completed,,0,,,,0,
3264,City,Trip Completed,,0,,,,0,
3927,City,Trip Completed,,0,,,,0,
5774,City,Trip Completed,,0,,,,0,
923,City,Trip Completed,2016-11-07 18:26:00,0,18.0,Monday,11.0,0,Evening
1439,City,Trip Completed,2016-12-07 04:45:00,0,4.0,Wednesday,12.0,0,Night
2130,City,Trip Completed,2016-12-07 17:04:00,0,17.0,Wednesday,12.0,0,Evening
2797,City,Trip Completed,,0,,,,0,
3135,Airport,Trip Completed,,0,,,,0,
3525,Airport,Trip Completed,,0,,,,0,
3925,Airport,Trip Completed,,0,,,,0,
4087,City,Trip Completed,,0,,,,0,
4706,City,Trip Completed,,0,,,,0,
5448,Airport,Trip Completed,,0,,,,0,
5645,City,Trip Completed,,0,,,,0,
5862,City,Trip Completed,,0,,,,0,
6079,Airport,Trip Completed,,0,,,,0,
6648,Airport,Trip Completed,,0,,,,0,
863,City,Trip Completed,2016-11-07 17:55:00,0,17.0,Monday,11.0,0,Evening
1324,City,Trip Completed,2016-11-07 22:59:00,0,22.0,Monday,11.0,0,Late evening
1666,City,Trip Completed,2016-12-07 07:37:00,0,7.0,Wednesday,12.0,0,Morning
1797,Airport,Trip Completed,2016-12-07 09:15:00,0,9.0,Wednesday,12.0,0,Morning
2279,Airport,Trip Completed,2016-12-07 18:38:00,0,18.0,Wednesday,12.0,0,Evening
2997,City,Trip Completed,,0,,,,0,
3343,Airport,Trip Completed,,0,,,,0,
3625,Airport,Trip Completed,,0,,,,0,
4310,City,Trip Completed,,0,,,,0,
4750,Airport,Trip Completed,,0,,,,0,
5185,Airport,Trip Completed,,0,,,,0,
5978,Airport,Trip Completed,,0,,,,0,
6073,City,Trip Completed,,0,,,,0,
455,City,Trip Completed,2016-11-07 09:17:00,0,9.0,Monday,11.0,0,Morning
651,Airport,Trip Completed,2016-11-07 12:45:00,0,12.0,Monday,11.0,0,Afternoon
742,City,Trip Completed,2016-11-07 15:38:00,0,15.0,Monday,11.0,0,Afternoon
828,Airport,Trip Completed,2016-11-07 17:35:00,0,17.0,Monday,11.0,0,Evening
1701,City,Trip Completed,2016-12-07 07:58:00,0,7.0,Wednesday,12.0,0,Morning
1985,City,Trip Completed,2016-12-07 12:24:00,0,12.0,Wednesday,12.0,0,Afternoon
2277,City,Trip Completed,2016-12-07 18:39:00,0,18.0,Wednesday,12.0,0,Evening
3108,Airport,Trip Completed,,0,,,,0,
3880,Airport,Trip Completed,,0,,,,0,
4252,City,Trip Completed,,0,,,,0,
4646,Airport,Trip Completed,,0,,,,0,
5560,Airport,Trip Completed,,0,,,,0,
483,City,Trip Completed,2016-11-07 09:26:00,0,9.0,Monday,11.0,0,Morning
628,Airport,Trip Completed,2016-11-07 12:19:00,0,12.0,Monday,11.0,0,Afternoon
2285,City,Trip Completed,2016-12-07 18:34:00,0,18.0,Wednesday,12.0,0,Evening
4024,Airport,Trip Completed,,0,,,,0,
2952,City,Trip Completed,,0,,,,0,
4631,Airport,Trip Completed,,0,,,,0,
5200,Airport,Trip Completed,,0,,,,0,
5711,City,Trip Completed,,0,,,,0,
6399,Airport,Trip Completed,,0,,,,0,
6453,City,Trip Completed,,0,,,,0,
788,City,Trip Completed,2016-11-07 16:53:00,0,16.0,Monday,11.0,0,Afternoon
1550,Airport,Trip Completed,2016-12-07 06:08:00,0,6.0,Wednesday,12.0,0,Morning
2069,Airport,Trip Completed,2016-12-07 15:20:00,0,15.0,Wednesday,12.0,0,Afternoon
2593,City,Trip Completed,2016-12-07 21:43:00,0,21.0,Wednesday,12.0,0,Late evening
2943,City,Trip Completed,,0,,,,0,
3649,City,Trip Completed,,0,,,,0,
3942,Airport,Trip Completed,,0,,,,0,
5512,Airport,Trip Completed,,0,,,,0,
5752,City,Trip Completed,,0,,,,0,
6362,City,Trip Completed,,0,,,,0,
1151,Airport,Trip Completed,2016-11-07 20:40:00,0,20.0,Monday,11.0,0,Evening
1812,Airport,Trip Completed,2016-12-07 09:16:00,0,9.0,Wednesday,12.0,0,Morning
1946,Airport,Trip Completed,2016-12-07 11:28:00,0,11.0,Wednesday,12.0,0,Morning
2646,City,Trip Completed,2016-12-07 22:46:00,0,22.0,Wednesday,12.0,0,Late evening
3255,Airport,Trip Completed,,0,,,,0,
3431,Airport,Trip Completed,,0,,,,0,
3634,City,Trip Completed,,0,,,,0,
4592,City,Trip Completed,,0,,,,0,
5705,City,Trip Completed,,0,,,,0,
6056,Airport,Trip Completed,,0,,,,0,
325,City,Trip Completed,2016-11-07 07:34:00,0,7.0,Monday,11.0,0,Morning
1015,City,Trip Completed,2016-11-07 19:15:00,0,19.0,Monday,11.0,0,Evening
1308,City,Trip Completed,2016-11-07 22:41:00,0,22.0,Monday,11.0,0,Late evening
1667,City,Trip Completed,2016-12-07 07:42:00,0,7.0,Wednesday,12.0,0,Morning
2436,Airport,Trip Completed,2016-12-07 20:15:00,0,20.0,Wednesday,12.0,0,Evening
2865,City,Trip Completed,,0,,,,0,
3397,City,Trip Completed,,0,,,,0,
4040,Airport,Trip Completed,,0,,,,0,
4094,City,Trip Completed,,0,,,,0,
4568,Airport,Trip Completed,,0,,,,0,
5105,City,Trip Completed,,0,,,,0,
573,Airport,Trip Completed,2016-11-07 10:57:00,0,10.0,Monday,11.0,0,Morning
789,City,Trip Completed,2016-11-07 16:54:00,0,16.0,Monday,11.0,0,Afternoon
1525,City,Trip Completed,2016-12-07 05:48:00,0,5.0,Wednesday,12.0,0,Night
2786,Airport,Trip Completed,,0,,,,0,
3143,Airport,Trip Completed,,0,,,,0,
3917,City,Trip Completed,,0,,,,0,
4375,City,Trip Completed,,0,,,,0,
6345,City,Trip Completed,,0,,,,0,
169,City,Trip Completed,2016-11-07 05:45:00,0,5.0,Monday,11.0,0,Night
537,City,Trip Completed,2016-11-07 10:05:00,0,10.0,Monday,11.0,0,Morning
682,City,Trip Completed,2016-11-07 13:32:00,0,13.0,Monday,11.0,0,Afternoon
1384,City,Trip Completed,2016-12-07 01:15:00,0,1.0,Wednesday,12.0,0,Night
2167,Airport,Trip Completed,2016-12-07 17:30:00,0,17.0,Wednesday,12.0,0,Evening
2295,City,Trip Completed,2016-12-07 18:48:00,0,18.0,Wednesday,12.0,0,Evening
3109,City,Trip Completed,,0,,,,0,
3293,City,Trip Completed,,0,,,,0,
3444,City,Trip Completed,,0,,,,0,
3660,Airport,Trip Completed,,0,,,,0,
4693,City,Trip Completed,,0,,,,0,
5214,Airport,Trip Completed,,0,,,,0,
5570,City,Trip Completed,,0,,,,0,
6003,Airport,Trip Completed,,0,,,,0,
6663,Airport,Trip Completed,,0,,,,0,
616,Airport,Trip Completed,2016-11-07 12:05:00,0,12.0,Monday,11.0,0,Afternoon
1056,City,Trip Completed,2016-11-07 19:49:00,0,19.0,Monday,11.0,0,Evening
1903,City,Trip Completed,2016-12-07 10:36:00,0,10.0,Wednesday,12.0,0,Morning
2643,City,Trip Completed,2016-12-07 22:37:00,0,22.0,Wednesday,12.0,0,Late evening
3291,City,Trip Completed,,0,,,,0,
3965,Airport,Trip Completed,,0,,,,0,
4007,City,Trip Completed,,0,,,,0,
4234,City,Trip Completed,,0,,,,0,
4388,Airport,Trip Completed,,0,,,,0,
4964,City,Trip Completed,,0,,,,0,
5544,City,Trip Completed,,0,,,,0,
6217,City,Trip Completed,,0,,,,0,
1345,Airport,Trip Completed,2016-11-07 23:37:00,0,23.0,Monday,11.0,0,Late evening
1874,Airport,Trip Completed,2016-12-07 09:56:00,0,9.0,Wednesday,12.0,0,Morning
2413,City,Trip Completed,2016-12-07 20:02:00,0,20.0,Wednesday,12.0,0,Evening
3068,City,Trip Completed,,0,,,,0,
3452,City,Trip Completed,,0,,,,0,
4031,City,Trip Completed,,0,,,,0,
4438,Airport,Trip Completed,,0,,,,0,
5521,Airport,Trip Completed,,0,,,,0,
5832,City,Trip Completed,,0,,,,0,
5990,Airport,Trip Completed,,0,,,,0,
6254,City,Trip Completed,,0,,,,0,
320,City,Trip Completed,2016-11-07 07:32:00,0,7.0,Monday,11.0,0,Morning
717,City,Trip Completed,2016-11-07 14:52:00,0,14.0,Monday,11.0,0,Afternoon
2074,City,Trip Completed,2016-12-07 15:32:00,0,15.0,Wednesday,12.0,0,Afternoon
4576,Airport,Trip Completed,,0,,,,0,
5503,City,Trip Completed,,0,,,,0,
173,City,Trip Completed,2016-11-07 05:45:00,0,5.0,Monday,11.0,0,Night
698,City,Trip Completed,2016-11-07 14:00:00,0,14.0,Monday,11.0,0,Afternoon
2039,Airport,Trip Completed,2016-12-07 14:29:00,0,14.0,Wednesday,12.0,0,Afternoon
2467,Airport,Trip Completed,2016-12-07 20:34:00,0,20.0,Wednesday,12.0,0,Evening
2676,Airport,Trip Completed,2016-12-07 23:53:00,0,23.0,Wednesday,12.0,0,Late evening
3038,City,Trip Completed,,0,,,,0,
4003,Airport,Trip Completed,,0,,,,0,
4126,City,Trip Completed,,0,,,,0,
4611,City,Trip Completed,,0,,,,0,
4975,City,Trip Completed,,0,,,,0,
5664,City,Trip Completed,,0,,,,0,
6006,Airport,Trip Completed,,0,,,,0,
6329,City,Trip Completed,,0,,,,0,
2779,Airport,Trip Completed,,0,,,,0,
4216,Airport,Trip Completed,,0,,,,0,
4711,Airport,Trip Completed,,0,,,,0,
4825,City,Trip Completed,,0,,,,0,
6175,City,Trip Completed,,0,,,,0,
2445,City,Trip Completed,2016-12-07 20:18:00,0,20.0,Wednesday,12.0,0,Evening
2714,Airport,Trip Completed,,0,,,,0,
3089,Airport,Trip Completed,,0,,,,0,
3462,Airport,Trip Completed,,0,,,,0,
4462,Airport,Trip Completed,,0,,,,0,
4698,City,Trip Completed,,0,,,,0,
5098,Airport,Trip Completed,,0,,,,0,
6711,City,Trip Completed,,0,,,,0,
146,Airport,Trip Completed,2016-11-07 05:29:00,0,5.0,Monday,11.0,0,Night
652,Airport,Trip Completed,2016-11-07 12:43:00,0,12.0,Monday,11.0,0,Afternoon
1947,Airport,Trip Completed,2016-12-07 11:33:00,0,11.0,Wednesday,12.0,0,Morning
2236,Airport,Trip Completed,2016-12-07 18:16:00,0,18.0,Wednesday,12.0,0,Evening
3393,City,Trip Completed,,0,,,,0,
4577,Airport,Trip Completed,,0,,,,0,
4932,City,Trip Completed,,0,,,,0,
5419,City,Trip Completed,,0,,,,0,
5766,City,Trip Completed,,0,,,,0,
6261,Airport,Trip Completed,,0,,,,0,
800,Airport,Trip Completed,2016-11-07 17:13:00,0,17.0,Monday,11.0,0,Evening
1484,Airport,Trip Completed,2016-12-07 05:19:00,0,5.0,Wednesday,12.0,0,Night
1989,Airport,Trip Completed,2016-12-07 12:30:00,0,12.0,Wednesday,12.0,0,Afternoon
3850,Airport,Trip Completed,,0,,,,0,
4441,City,Trip Completed,,0,,,,0,
4783,Airport,Trip Completed,,0,,,,0,
392,Airport,Trip Completed,2016-11-07 08:23:00,0,8.0,Monday,11.0,0,Morning
653,City,Trip Completed,2016-11-07 12:47:00,0,12.0,Monday,11.0,0,Afternoon
1283,City,Trip Completed,2016-11-07 22:09:00,0,22.0,Monday,11.0,0,Late evening
1860,City,Trip Completed,2016-12-07 09:55:00,0,9.0,Wednesday,12.0,0,Morning
1910,Airport,Trip Completed,2016-12-07 10:41:00,0,10.0,Wednesday,12.0,0,Morning
2259,Airport,Trip Completed,2016-12-07 18:30:00,0,18.0,Wednesday,12.0,0,Evening
2752,Airport,Trip Completed,,0,,,,0,
3385,City,Trip Completed,,0,,,,0,
4915,Airport,Trip Completed,,0,,,,0,
5957,Airport,Trip Completed,,0,,,,0,
5992,City,Trip Completed,,0,,,,0,
6160,Airport,Trip Completed,,0,,,,0,
21,Airport,Trip Completed,2016-11-07 01:29:00,0,1.0,Monday,11.0,0,Night
106,City,Trip Completed,2016-11-07 05:06:00,0,5.0,Monday,11.0,0,Night
512,Airport,Trip Completed,2016-11-07 09:47:00,0,9.0,Monday,11.0,0,Morning
760,City,Trip Completed,2016-11-07 16:16:00,0,16.0,Monday,11.0,0,Afternoon
1098,City,Trip Completed,2016-11-07 20:15:00,0,20.0,Monday,11.0,0,Evening
1314,Airport,Trip Completed,2016-11-07 22:44:00,0,22.0,Monday,11.0,0,Late evening
2746,Airport,Trip Completed,,0,,,,0,
3140,Airport,Trip Completed,,0,,,,0,
3314,City,Trip Completed,,0,,,,0,
4157,Airport,Trip Completed,,0,,,,0,
5340,Airport,Trip Completed,,0,,,,0,
6257,Airport,Trip Completed,,0,,,,0,
564,Airport,Trip Completed,2016-11-07 10:20:00,0,10.0,Monday,11.0,0,Morning
1271,Airport,Trip Completed,2016-11-07 22:00:00,0,22.0,Monday,11.0,0,Late evening
1647,Airport,Trip Completed,2016-12-07 07:13:00,0,7.0,Wednesday,12.0,0,Morning
2767,Airport,Trip Completed,,0,,,,0,
3646,Airport,Trip Completed,,0,,,,0,
4865,Airport,Trip Completed,,0,,,,0,
6055,Airport,Trip Completed,,0,,,,0,
6679,Airport,Trip Completed,,0,,,,0,
283,Airport,Trip Completed,2016-11-07 07:01:00,0,7.0,Monday,11.0,0,Morning
489,City,Trip Completed,2016-11-07 09:29:00,0,9.0,Monday,11.0,0,Morning
1559,Airport,Trip Completed,2016-12-07 06:09:00,0,6.0,Wednesday,12.0,0,Morning
2545,Airport,Trip Completed,2016-12-07 21:20:00,0,21.0,Wednesday,12.0,0,Late evening
3333,City,Trip Completed,,0,,,,0,
4037,Airport,Trip Completed,,0,,,,0,
4578,Airport,Trip Completed,,0,,,,0,
4664,City,Trip Completed,,0,,,,0,
4756,City,Trip Completed,,0,,,,0,
5843,Airport,Trip Completed,,0,,,,0,
6045,City,Trip Completed,,0,,,,0,
6735,Airport,Trip Completed,,0,,,,0,
335,City,Trip Completed,2016-11-07 07:39:00,0,7.0,Monday,11.0,0,Morning
558,City,Trip Completed,2016-11-07 10:15:00,0,10.0,Monday,11.0,0,Morning
844,City,Trip Completed,2016-11-07 17:38:00,0,17.0,Monday,11.0,0,Evening
1186,City,Trip Completed,2016-11-07 21:05:00,0,21.0,Monday,11.0,0,Late evening
1705,City,Trip Completed,2016-12-07 08:08:00,0,8.0,Wednesday,12.0,0,Morning
2469,Airport,Trip Completed,2016-12-07 20:43:00,0,20.0,Wednesday,12.0,0,Evening
2975,Airport,Trip Completed,,0,,,,0,
3641,City,Trip Completed,,0,,,,0,
4476,Airport,Trip Completed,,0,,,,0,
4969,City,Trip Completed,,0,,,,0,
5737,City,Trip Completed,,0,,,,0,
6102,City,Trip Completed,,0,,,,0,
6721,City,Trip Completed,,0,,,,0,
11,City,Trip Completed,2016-11-07 01:00:00,0,1.0,Monday,11.0,0,Night
519,City,Trip Completed,2016-11-07 09:43:00,0,9.0,Monday,11.0,0,Morning
1994,Airport,Trip Completed,2016-12-07 12:49:00,0,12.0,Wednesday,12.0,0,Afternoon
2483,Airport,Trip Completed,2016-12-07 20:46:00,0,20.0,Wednesday,12.0,0,Evening
2635,City,Trip Completed,2016-12-07 22:26:00,0,22.0,Wednesday,12.0,0,Late evening
3545,City,Trip Completed,,0,,,,0,
4730,City,Trip Completed,,0,,,,0,
4976,Airport,Trip Completed,,0,,,,0,
5789,Airport,Trip Completed,,0,,,,0,
6030,Airport,Trip Completed,,0,,,,0,
6616,Airport,Trip Completed,,0,,,,0,
165,Airport,Trip Completed,2016-11-07 05:39:00,0,5.0,Monday,11.0,0,Night
1706,City,Trip Completed,2016-12-07 08:11:00,0,8.0,Wednesday,12.0,0,Morning
1821,Airport,Trip Completed,2016-12-07 09:31:00,0,9.0,Wednesday,12.0,0,Morning
2629,City,Trip Completed,2016-12-07 22:13:00,0,22.0,Wednesday,12.0,0,Late evening
5227,Airport,Trip Completed,,0,,,,0,
5374,City,Trip Completed,,0,,,,0,
5823,City,Trip Completed,,0,,,,0,
6007,City,Trip Completed,,0,,,,0,
6736,Airport,Trip Completed,,0,,,,0,
590,City,Trip Completed,2016-11-07 11:20:00,0,11.0,Monday,11.0,0,Morning
779,Airport,Trip Completed,2016-11-07 16:40:00,0,16.0,Monday,11.0,0,Afternoon
1085,City,Trip Completed,2016-11-07 20:03:00,0,20.0,Monday,11.0,0,Evening
1435,City,Trip Completed,2016-12-07 04:46:00,0,4.0,Wednesday,12.0,0,Night
2007,City,Trip Completed,2016-12-07 13:24:00,0,13.0,Wednesday,12.0,0,Afternoon
2381,City,Trip Completed,2016-12-07 19:41:00,0,19.0,Wednesday,12.0,0,Evening
2912,Airport,Trip Completed,,0,,,,0,
3453,Airport,Trip Completed,,0,,,,0,
4180,Airport,Trip Completed,,0,,,,0,
5122,City,Trip Completed,,0,,,,0,
5531,Airport,Trip Completed,,0,,,,0,
6582,City,Trip Completed,,0,,,,0,
406,Airport,Trip Completed,2016-11-07 08:36:00,0,8.0,Monday,11.0,0,Morning
740,Airport,Trip Completed,2016-11-07 15:35:00,0,15.0,Monday,11.0,0,Afternoon
1312,City,Trip Completed,2016-11-07 22:48:00,0,22.0,Monday,11.0,0,Late evening
1540,Airport,Trip Completed,2016-12-07 06:04:00,0,6.0,Wednesday,12.0,0,Morning
1962,City,Trip Completed,2016-12-07 11:59:00,0,11.0,Wednesday,12.0,0,Morning
2173,Airport,Trip Completed,2016-12-07 17:34:00,0,17.0,Wednesday,12.0,0,Evening
3375,City,Trip Completed,,0,,,,0,
3540,City,Trip Completed,,0,,,,0,
4671,City,Trip Completed,,0,,,,0,
5336,Airport,Trip Completed,,0,,,,0,
5734,City,Trip Completed,,0,,,,0,
197,City,Trip Completed,2016-11-07 06:00:00,0,6.0,Monday,11.0,0,Morning
819,Airport,Trip Completed,2016-11-07 17:29:00,0,17.0,Monday,11.0,0,Evening
1527,Airport,Trip Completed,2016-12-07 05:52:00,0,5.0,Wednesday,12.0,0,Night
3229,Airport,Trip Completed,,0,,,,0,
4638,City,Trip Completed,,0,,,,0,
5075,City,Trip Completed,,0,,,,0,
5455,City,Trip Completed,,0,,,,0,
5738,City,Trip Completed,,0,,,,0,
6167,Airport,Trip Completed,,0,,,,0,
220,Airport,Trip Completed,2016-11-07 06:11:00,0,6.0,Monday,11.0,0,Morning
909,Airport,Trip Completed,2016-11-07 18:16:00,0,18.0,Monday,11.0,0,Evening
1306,Airport,Trip Completed,2016-11-07 22:39:00,0,22.0,Monday,11.0,0,Late evening
2998,City,Trip Completed,,0,,,,0,
3415,City,Trip Completed,,0,,,,0,
3789,City,Trip Completed,,0,,,,0,
4227,Airport,Trip Completed,,0,,,,0,
6490,City,Trip Completed,,0,,,,0,
6712,Airport,Trip Completed,,0,,,,0,
583,Airport,Trip Completed,2016-11-07 11:08:00,0,11.0,Monday,11.0,0,Morning
772,City,Trip Completed,2016-11-07 16:25:00,0,16.0,Monday,11.0,0,Afternoon
1142,City,Trip Completed,2016-11-07 20:42:00,0,20.0,Monday,11.0,0,Evening
1436,City,Trip Completed,2016-12-07 04:46:00,0,4.0,Wednesday,12.0,0,Night
1986,City,Trip Completed,2016-12-07 12:32:00,0,12.0,Wednesday,12.0,0,Afternoon
2508,Airport,Trip Completed,2016-12-07 21:04:00,0,21.0,Wednesday,12.0,0,Late evening
2788,City,Trip Completed,,0,,,,0,
2956,Airport,Trip Completed,,0,,,,0,
4518,City,Trip Completed,,0,,,,0,
4681,City,Trip Completed,,0,,,,0,
5041,City,Trip Completed,,0,,,,0,
6176,City,Trip Completed,,0,,,,0,
542,Airport,Trip Completed,2016-11-07 10:06:00,0,10.0,Monday,11.0,0,Morning
605,Airport,Trip Completed,2016-11-07 11:42:00,0,11.0,Monday,11.0,0,Morning
1908,Airport,Trip Completed,2016-12-07 10:35:00,0,10.0,Wednesday,12.0,0,Morning
3662,City,Trip Completed,,0,,,,0,
4254,City,Trip Completed,,0,,,,0,
5337,City,Trip Completed,,0,,,,0,
5430,City,Trip Completed,,0,,,,0,
6630,Airport,Trip Completed,,0,,,,0,
297,Airport,Trip Completed,2016-11-07 07:13:00,0,7.0,Monday,11.0,0,Morning
501,City,Trip Completed,2016-11-07 09:37:00,0,9.0,Monday,11.0,0,Morning
826,City,Trip Completed,2016-11-07 17:32:00,0,17.0,Monday,11.0,0,Evening
2339,City,Trip Completed,2016-12-07 19:19:00,0,19.0,Wednesday,12.0,0,Evening
3025,City,Trip Completed,,0,,,,0,
4803,City,Trip Completed,,0,,,,0,
5893,City,Trip Completed,,0,,,,0,
876,Airport,Trip Completed,2016-11-07 17:58:00,0,17.0,Monday,11.0,0,Evening
1318,City,Trip Completed,2016-11-07 22:51:00,0,22.0,Monday,11.0,0,Late evening
1477,Airport,Trip Completed,2016-12-07 05:16:00,0,5.0,Wednesday,12.0,0,Night
2084,Airport,Trip Completed,2016-12-07 15:46:00,0,15.0,Wednesday,12.0,0,Afternoon
2354,Airport,Trip Completed,2016-12-07 19:25:00,0,19.0,Wednesday,12.0,0,Evening
3407,Airport,Trip Completed,,0,,,,0,
3703,Airport,Trip Completed,,0,,,,0,
4085,Airport,Trip Completed,,0,,,,0,
4625,City,Trip Completed,,0,,,,0,
4866,City,Trip Completed,,0,,,,0,
1278,City,Trip Completed,2016-11-07 22:03:00,0,22.0,Monday,11.0,0,Late evening
2037,City,Trip Completed,2016-12-07 14:13:00,0,14.0,Wednesday,12.0,0,Afternoon
2567,Airport,Trip Completed,2016-12-07 21:37:00,0,21.0,Wednesday,12.0,0,Late evening
2829,City,Trip Completed,,0,,,,0,
2918,Airport,Trip Completed,,0,,,,0,
3362,Airport,Trip Completed,,0,,,,0,
5615,City,Trip Completed,,0,,,,0,
2008,Airport,Trip Completed,2016-12-07 13:23:00,0,13.0,Wednesday,12.0,0,Afternoon
3031,Airport,Trip Completed,,0,,,,0,
3500,Airport,Trip Completed,,0,,,,0,
5079,City,Trip Completed,,0,,,,0,
5967,City,Trip Completed,,0,,,,0,
6375,City,Trip Completed,,0,,,,0,
1551,City,Trip Completed,2016-12-07 06:10:00,0,6.0,Wednesday,12.0,0,Morning
2041,City,Trip Completed,2016-12-07 14:24:00,0,14.0,Wednesday,12.0,0,Afternoon
2666,City,Trip Completed,2016-12-07 23:40:00,0,23.0,Wednesday,12.0,0,Late evening
3348,City,Trip Completed,,0,,,,0,
3518,Airport,Trip Completed,,0,,,,0,
4205,City,Trip Completed,,0,,,,0,
6346,Airport,Trip Completed,,0,,,,0,
6433,City,Trip Completed,,0,,,,0,
1471,City,Trip Completed,2016-12-07 05:09:00,0,5.0,Wednesday,12.0,0,Night
1808,Airport,Trip Completed,2016-12-07 09:13:00,0,9.0,Wednesday,12.0,0,Morning
2017,City,Trip Completed,2016-12-07 13:43:00,0,13.0,Wednesday,12.0,0,Afternoon
4483,City,Trip Completed,,0,,,,0,
4639,Airport,Trip Completed,,0,,,,0,
4901,Airport,Trip Completed,,0,,,,0,
5357,City,Trip Completed,,0,,,,0,
6214,Airport,Trip Completed,,0,,,,0,
575,Airport,Trip Completed,2016-11-07 10:59:00,0,10.0,Monday,11.0,0,Morning
753,Airport,Trip Completed,2016-11-07 15:58:00,0,15.0,Monday,11.0,0,Afternoon
999,City,Trip Completed,2016-11-07 19:06:00,0,19.0,Monday,11.0,0,Evening
1534,Airport,Trip Completed,2016-12-07 05:59:00,0,5.0,Wednesday,12.0,0,Night
1773,Airport,Trip Completed,2016-12-07 08:57:00,0,8.0,Wednesday,12.0,0,Morning
1890,City,Trip Completed,2016-12-07 10:08:00,0,10.0,Wednesday,12.0,0,Morning
2609,Airport,Trip Completed,2016-12-07 22:00:00,0,22.0,Wednesday,12.0,0,Late evening
2864,City,Trip Completed,,0,,,,0,
3134,City,Trip Completed,,0,,,,0,
3302,City,Trip Completed,,0,,,,0,
3999,Airport,Trip Completed,,0,,,,0,
4450,City,Trip Completed,,0,,,,0,
6376,City,Trip Completed,,0,,,,0,
6622,Airport,Trip Completed,,0,,,,0,
87,City,Trip Completed,2016-11-07 04:46:00,0,4.0,Monday,11.0,0,Night
859,City,Trip Completed,2016-11-07 17:49:00,0,17.0,Monday,11.0,0,Evening
1170,City,Trip Completed,2016-11-07 20:55:00,0,20.0,Monday,11.0,0,Evening
2511,City,Trip Completed,2016-12-07 21:07:00,0,21.0,Wednesday,12.0,0,Late evening
3427,Airport,Trip Completed,,0,,,,0,
5385,Airport,Trip Completed,,0,,,,0,
4643,Airport,Trip Completed,,0,,,,0,
4850,Airport,Trip Completed,,0,,,,0,
5689,City,Trip Completed,,0,,,,0,
600,City,Trip Completed,2016-11-07 11:38:00,0,11.0,Monday,11.0,0,Morning
2053,Airport,Trip Completed,2016-12-07 14:50:00,0,14.0,Wednesday,12.0,0,Afternoon
2256,Airport,Trip Completed,2016-12-07 18:25:00,0,18.0,Wednesday,12.0,0,Evening
2947,City,Trip Completed,,0,,,,0,
3834,City,Trip Completed,,0,,,,0,
4414,Airport,Trip Completed,,0,,,,0,
5901,City,Trip Completed,,0,,,,0,
214,City,Trip Completed,2016-11-07 06:13:00,0,6.0,Monday,11.0,0,Morning
423,City,Trip Completed,2016-11-07 08:36:00,0,8.0,Monday,11.0,0,Morning
1138,City,Trip Completed,2016-11-07 20:30:00,0,20.0,Monday,11.0,0,Evening
1977,Airport,Trip Completed,2016-12-07 12:24:00,0,12.0,Wednesday,12.0,0,Afternoon
2328,City,Trip Completed,2016-12-07 19:12:00,0,19.0,Wednesday,12.0,0,Evening
2990,City,Trip Completed,,0,,,,0,
3658,Airport,Trip Completed,,0,,,,0,
4471,City,Trip Completed,,0,,,,0,
4767,Airport,Trip Completed,,0,,,,0,
5505,City,Trip Completed,,0,,,,0,
5850,City,Trip Completed,,0,,,,0,
484,City,Trip Completed,2016-11-07 09:24:00,0,9.0,Monday,11.0,0,Morning
855,City,Trip Completed,2016-11-07 17:50:00,0,17.0,Monday,11.0,0,Evening
2709,Airport,Trip Completed,,0,,,,0,
5556,City,Trip Completed,,0,,,,0,
5648,Airport,Trip Completed,,0,,,,0,
114,City,Trip Completed,2016-11-07 05:10:00,0,5.0,Monday,11.0,0,Night
470,City,Trip Completed,2016-11-07 09:22:00,0,9.0,Monday,11.0,0,Morning
1446,City,Trip Completed,2016-12-07 04:45:00,0,4.0,Wednesday,12.0,0,Night
3466,City,Trip Completed,,0,,,,0,
4775,Airport,Trip Completed,,0,,,,0,
1065,Airport,Trip Completed,2016-11-07 19:51:00,0,19.0,Monday,11.0,0,Evening
1457,Airport,Trip Completed,2016-12-07 04:58:00,0,4.0,Wednesday,12.0,0,Night
3363,City,Trip Completed,,0,,,,0,
3994,Airport,Trip Completed,,0,,,,0,
4340,City,Trip Completed,,0,,,,0,
4902,City,Trip Completed,,0,,,,0,
5360,Airport,Trip Completed,,0,,,,0,
5665,City,Trip Completed,,0,,,,0,
5977,City,Trip Completed,,0,,,,0,
6742,City,Trip Completed,,0,,,,0,
280,Airport,Trip Completed,2016-11-07 07:05:00,0,7.0,Monday,11.0,0,Morning
475,Airport,Trip Completed,2016-11-07 09:24:00,0,9.0,Monday,11.0,0,Morning
1350,City,Trip Completed,2016-11-07 23:40:00,0,23.0,Monday,11.0,0,Late evening
2707,Airport,Trip Completed,,0,,,,0,
2928,Airport,Trip Completed,,0,,,,0,
4534,City,Trip Completed,,0,,,,0,
4715,City,Trip Completed,,0,,,,0,
4814,Airport,Trip Completed,,0,,,,0,
5878,City,Trip Completed,,0,,,,0,
6076,Airport,Trip Completed,,0,,,,0,
609,City,Trip Completed,2016-11-07 11:52:00,0,11.0,Monday,11.0,0,Morning
1414,Airport,Trip Completed,2016-12-07 03:25:00,0,3.0,Wednesday,12.0,0,Night
1713,Airport,Trip Completed,2016-12-07 08:08:00,0,8.0,Wednesday,12.0,0,Morning
1991,City,Trip Completed,2016-12-07 12:32:00,0,12.0,Wednesday,12.0,0,Afternoon
2082,Airport,Trip Completed,2016-12-07 15:42:00,0,15.0,Wednesday,12.0,0,Afternoon
2798,City,Trip Completed,,0,,,,0,
3763,City,Trip Completed,,0,,,,0,
4091,Airport,Trip Completed,,0,,,,0,
4372,City,Trip Completed,,0,,,,0,
4609,City,Trip Completed,,0,,,,0,
4949,Airport,Trip Completed,,0,,,,0,
6004,Airport,Trip Completed,,0,,,,0,
304,City,Trip Completed,2016-11-07 07:21:00,0,7.0,Monday,11.0,0,Morning
700,City,Trip Completed,2016-11-07 14:05:00,0,14.0,Monday,11.0,0,Afternoon
1708,Airport,Trip Completed,2016-12-07 08:10:00,0,8.0,Wednesday,12.0,0,Morning
1918,City,Trip Completed,2016-12-07 10:56:00,0,10.0,Wednesday,12.0,0,Morning
2067,Airport,Trip Completed,2016-12-07 15:13:00,0,15.0,Wednesday,12.0,0,Afternoon
3632,City,Trip Completed,,0,,,,0,
4332,City,Trip Completed,,0,,,,0,
4875,City,Trip Completed,,0,,,,0,
5108,City,Trip Completed,,0,,,,0,
5683,Airport,Trip Completed,,0,,,,0,
5976,Airport,Trip Completed,,0,,,,0,
6229,City,Trip Completed,,0,,,,0,
6478,Airport,Trip Completed,,0,,,,0,
1295,City,Trip Completed,2016-11-07 22:25:00,0,22.0,Monday,11.0,0,Late evening
1829,Airport,Trip Completed,2016-12-07 09:33:00,0,9.0,Wednesday,12.0,0,Morning
2135,City,Trip Completed,2016-12-07 17:12:00,0,17.0,Wednesday,12.0,0,Evening
2719,City,Trip Completed,,0,,,,0,
3016,Airport,Trip Completed,,0,,,,0,
4065,City,Trip Completed,,0,,,,0,
4911,City,Trip Completed,,0,,,,0,
5338,Airport,Trip Completed,,0,,,,0,
6086,City,Trip Completed,,0,,,,0,
6457,Airport,Trip Completed,,0,,,,0,
330,Airport,Trip Completed,2016-11-07 07:39:00,0,7.0,Monday,11.0,0,Morning
626,Airport,Trip Completed,2016-11-07 12:10:00,0,12.0,Monday,11.0,0,Afternoon
857,City,Trip Completed,2016-11-07 17:52:00,0,17.0,Monday,11.0,0,Evening
2679,Airport,Trip Completed,2016-12-07 23:54:00,0,23.0,Wednesday,12.0,0,Late evening
3098,Airport,Trip Completed,,0,,,,0,
3344,Airport,Trip Completed,,0,,,,0,
4428,City,Trip Completed,,0,,,,0,
5198,Airport,Trip Completed,,0,,,,0,
5368,City,Trip Completed,,0,,,,0,
5513,Airport,Trip Completed,,0,,,,0,
5742,City,Trip Completed,,0,,,,0,
6107,Airport,Trip Completed,,0,,,,0,
6729,City,Trip Completed,,0,,,,0,
904,Airport,Trip Completed,2016-11-07 18:11:00,0,18.0,Monday,11.0,0,Evening
1459,Airport,Trip Completed,2016-12-07 04:59:00,0,4.0,Wednesday,12.0,0,Night
2636,Airport,Trip Completed,2016-12-07 22:18:00,0,22.0,Wednesday,12.0,0,Late evening
2816,City,Trip Completed,,0,,,,0,
3341,Airport,Trip Completed,,0,,,,0,
3657,Airport,Trip Completed,,0,,,,0,
5032,City,Trip Completed,,0,,,,0,
6763,City,Trip Completed,,0,,,,0,
5649,Airport,Trip Completed,,0,,,,0,
6430,City,Trip Completed,,0,,,,0,
182,Airport,Trip Completed,2016-11-07 05:46:00,0,5.0,Monday,11.0,0,Night
621,Airport,Trip Completed,2016-11-07 12:07:00,0,12.0,Monday,11.0,0,Afternoon
967,Airport,Trip Completed,2016-11-07 18:42:00,0,18.0,Monday,11.0,0,Evening
1422,Airport,Trip Completed,2016-12-07 04:07:00,0,4.0,Wednesday,12.0,0,Night
1891,City,Trip Completed,2016-12-07 10:19:00,0,10.0,Wednesday,12.0,0,Morning
2307,City,Trip Completed,2016-12-07 18:58:00,0,18.0,Wednesday,12.0,0,Evening
3245,Airport,Trip Completed,,0,,,,0,
3319,Airport,Trip Completed,,0,,,,0,
3970,Airport,Trip Completed,,0,,,,0,
4303,City,Trip Completed,,0,,,,0,
5358,Airport,Trip Completed,,0,,,,0,
5793,Airport,Trip Completed,,0,,,,0,
6203,Airport,Trip Completed,,0,,,,0,
642,City,Trip Completed,2016-11-07 12:34:00,0,12.0,Monday,11.0,0,Afternoon
1119,Airport,Trip Completed,2016-11-07 20:31:00,0,20.0,Monday,11.0,0,Evening
1861,City,Trip Completed,2016-12-07 09:56:00,0,9.0,Wednesday,12.0,0,Morning
2168,Airport,Trip Completed,2016-12-07 17:29:00,0,17.0,Wednesday,12.0,0,Evening
2853,Airport,Trip Completed,,0,,,,0,
3299,City,Trip Completed,,0,,,,0,
4285,City,Trip Completed,,0,,,,0,
5210,City,Trip Completed,,0,,,,0,
5400,Airport,Trip Completed,,0,,,,0,
5553,Airport,Trip Completed,,0,,,,0,
6031,Airport,Trip Completed,,0,,,,0,
919,Airport,Trip Completed,2016-11-07 18:25:00,0,18.0,Monday,11.0,0,Evening
1097,City,Trip Completed,2016-11-07 20:11:00,0,20.0,Monday,11.0,0,Evening
1447,Airport,Trip Completed,2016-12-07 04:46:00,0,4.0,Wednesday,12.0,0,Night
2105,City,Trip Completed,2016-12-07 16:08:00,0,16.0,Wednesday,12.0,0,Afternoon
2598,Airport,Trip Completed,2016-12-07 21:50:00,0,21.0,Wednesday,12.0,0,Late evening
3469,Airport,Trip Completed,,0,,,,0,
3932,Airport,Trip Completed,,0,,,,0,
5344,Airport,Trip Completed,,0,,,,0,
6707,Airport,Trip Completed,,0,,,,0,
10,City,Trip Completed,2016-11-07 00:54:00,0,0.0,Monday,11.0,0,Night
387,Airport,Trip Completed,2016-11-07 08:19:00,0,8.0,Monday,11.0,0,Morning
586,City,Trip Completed,2016-11-07 11:13:00,0,11.0,Monday,11.0,0,Morning
710,City,Trip Completed,2016-11-07 14:13:00,0,14.0,Monday,11.0,0,Afternoon
1658,Airport,Trip Completed,2016-12-07 07:29:00,0,7.0,Wednesday,12.0,0,Morning
2227,City,Trip Completed,2016-12-07 18:08:00,0,18.0,Wednesday,12.0,0,Evening
2668,Airport,Trip Completed,2016-12-07 23:35:00,0,23.0,Wednesday,12.0,0,Late evening
3312,Airport,Trip Completed,,0,,,,0,
4212,City,Trip Completed,,0,,,,0,
6250,City,Trip Completed,,0,,,,0,
6692,City,Trip Completed,,0,,,,0,
1960,Airport,Trip Completed,2016-12-07 11:47:00,0,11.0,Wednesday,12.0,0,Morning
3460,City,Trip Completed,,0,,,,0,
4250,City,Trip Completed,,0,,,,0,
4504,Airport,Trip Completed,,0,,,,0,
5089,City,Trip Completed,,0,,,,0,
5950,City,Trip Completed,,0,,,,0,
205,Airport,Trip Completed,2016-11-07 06:10:00,0,6.0,Monday,11.0,0,Morning
853,Airport,Trip Completed,2016-11-07 17:48:00,0,17.0,Monday,11.0,0,Evening
1196,City,Trip Completed,2016-11-07 21:14:00,0,21.0,Monday,11.0,0,Late evening
1598,Airport,Trip Completed,2016-12-07 06:38:00,0,6.0,Wednesday,12.0,0,Morning
2406,City,Trip Completed,2016-12-07 19:56:00,0,19.0,Wednesday,12.0,0,Evening
4299,City,Trip Completed,,0,,,,0,
4721,City,Trip Completed,,0,,,,0,
4886,City,Trip Completed,,0,,,,0,
5851,Airport,Trip Completed,,0,,,,0,
6303,Airport,Trip Completed,,0,,,,0,
292,City,Trip Completed,2016-11-07 07:14:00,0,7.0,Monday,11.0,0,Morning
384,Airport,Trip Completed,2016-11-07 08:18:00,0,8.0,Monday,11.0,0,Morning
1296,Airport,Trip Completed,2016-11-07 22:27:00,0,22.0,Monday,11.0,0,Late evening
1978,City,Trip Completed,2016-12-07 12:20:00,0,12.0,Wednesday,12.0,0,Afternoon
3303,City,Trip Completed,,0,,,,0,
3953,Airport,Trip Completed,,0,,,,0,
4199,City,Trip Completed,,0,,,,0,
4773,Airport,Trip Completed,,0,,,,0,
5217,City,Trip Completed,,0,,,,0,
5870,Airport,Trip Completed,,0,,,,0,
5964,City,Trip Completed,,0,,,,0,
6082,City,Trip Completed,,0,,,,0,
206,City,Trip Completed,2016-11-07 06:07:00,0,6.0,Monday,11.0,0,Morning
595,City,Trip Completed,2016-11-07 11:31:00,0,11.0,Monday,11.0,0,Morning
2310,City,Trip Completed,2016-12-07 18:56:00,0,18.0,Wednesday,12.0,0,Evening
2880,Airport,Trip Completed,,0,,,,0,
3585,City,Trip Completed,,0,,,,0,
4515,City,Trip Completed,,0,,,,0,
5636,City,Trip Completed,,0,,,,0,
6132,Airport,Trip Completed,,0,,,,0,
6540,City,Trip Completed,,0,,,,0,
301,City,Trip Completed,2016-11-07 07:17:00,0,7.0,Monday,11.0,0,Morning
1057,Airport,Trip Completed,2016-11-07 19:53:00,0,19.0,Monday,11.0,0,Evening
1408,Airport,Trip Completed,2016-12-07 03:13:00,0,3.0,Wednesday,12.0,0,Night
1453,City,Trip Completed,2016-12-07 04:53:00,0,4.0,Wednesday,12.0,0,Night
1882,Airport,Trip Completed,2016-12-07 10:00:00,0,10.0,Wednesday,12.0,0,Morning
2111,Airport,Trip Completed,2016-12-07 16:25:00,0,16.0,Wednesday,12.0,0,Afternoon
2360,City,Trip Completed,2016-12-07 19:27:00,0,19.0,Wednesday,12.0,0,Evening
3207,City,Trip Completed,,0,,,,0,
3304,Airport,Trip Completed,,0,,,,0,
4122,Airport,Trip Completed,,0,,,,0,
4683,City,Trip Completed,,0,,,,0,
5470,City,Trip Completed,,0,,,,0,
6116,City,Trip Completed,,0,,,,0,
6393,Airport,Trip Completed,,0,,,,0,
6643,City,Trip Completed,,0,,,,0,
91,Airport,Trip Completed,2016-11-07 04:49:00,0,4.0,Monday,11.0,0,Night
756,Airport,Trip Completed,2016-11-07 16:04:00,0,16.0,Monday,11.0,0,Afternoon
1680,City,Trip Completed,2016-12-07 07:48:00,0,7.0,Wednesday,12.0,0,Morning
2047,City,Trip Completed,2016-12-07 14:42:00,0,14.0,Wednesday,12.0,0,Afternoon
2866,Airport,Trip Completed,,0,,,,0,
3631,City,Trip Completed,,0,,,,0,
4316,City,Trip Completed,,0,,,,0,
5364,City,Trip Completed,,0,,,,0,
5605,City,Trip Completed,,0,,,,0,
9,Airport,Trip Completed,2016-11-07 00:45:00,0,0.0,Monday,11.0,0,Night
448,City,Trip Completed,2016-11-07 09:13:00,0,9.0,Monday,11.0,0,Morning
1203,City,Trip Completed,2016-11-07 21:18:00,0,21.0,Monday,11.0,0,Late evening
2010,Airport,Trip Completed,2016-12-07 13:28:00,0,13.0,Wednesday,12.0,0,Afternoon
4305,City,Trip Completed,,0,,,,0,
4687,Airport,Trip Completed,,0,,,,0,
4940,City,Trip Completed,,0,,,,0,
5175,City,Trip Completed,,0,,,,0,
5753,City,Trip Completed,,0,,,,0,
5996,Airport,Trip Completed,,0,,,,0,
6435,City,Trip Completed,,0,,,,0,
6562,Airport,Trip Completed,,0,,,,0,
872,Airport,Trip Completed,2016-11-07 17:57:00,0,17.0,Monday,11.0,0,Evening
1652,Airport,Trip Completed,2016-12-07 07:16:00,0,7.0,Wednesday,12.0,0,Morning
2000,Airport,Trip Completed,2016-12-07 12:59:00,0,12.0,Wednesday,12.0,0,Afternoon
3380,Airport,Trip Completed,,0,,,,0,
4060,City,Trip Completed,,0,,,,0,
4177,City,Trip Completed,,0,,,,0,
4635,City,Trip Completed,,0,,,,0,
6568,Airport,Trip Completed,,0,,,,0,
6743,Airport,Trip Completed,,0,,,,0,
1343,City,Trip Completed,2016-11-07 23:37:00,0,23.0,Monday,11.0,0,Late evening
1519,Airport,Trip Completed,2016-12-07 05:43:00,0,5.0,Wednesday,12.0,0,Night
2076,Airport,Trip Completed,2016-12-07 15:31:00,0,15.0,Wednesday,12.0,0,Afternoon
2136,City,Trip Completed,2016-12-07 17:15:00,0,17.0,Wednesday,12.0,0,Evening
2650,Airport,Trip Completed,2016-12-07 22:54:00,0,22.0,Wednesday,12.0,0,Late evening
2793,Airport,Trip Completed,,0,,,,0,
3012,City,Trip Completed,,0,,,,0,
3847,Airport,Trip Completed,,0,,,,0,
4607,City,Trip Completed,,0,,,,0,
4654,Airport,Trip Completed,,0,,,,0,
4941,Airport,Trip Completed,,0,,,,0,
1526,City,Trip Completed,2016-12-07 05:56:00,0,5.0,Wednesday,12.0,0,Night
1839,City,Trip Completed,2016-12-07 09:44:00,0,9.0,Wednesday,12.0,0,Morning
2268,City,Trip Completed,2016-12-07 18:35:00,0,18.0,Wednesday,12.0,0,Evening
3069,City,Trip Completed,,0,,,,0,
4039,City,Trip Completed,,0,,,,0,
4446,Airport,Trip Completed,,0,,,,0,
6021,Airport,Trip Completed,,0,,,,0,
74,Airport,Trip Completed,2016-11-07 04:38:00,0,4.0,Monday,11.0,0,Night
1959,City,Trip Completed,2016-12-07 11:48:00,0,11.0,Wednesday,12.0,0,Morning
2169,Airport,Trip Completed,2016-12-07 17:30:00,0,17.0,Wednesday,12.0,0,Evening
3422,City,Trip Completed,,0,,,,0,
3613,Airport,Trip Completed,,0,,,,0,
4485,Airport,Trip Completed,,0,,,,0,
4929,City,Trip Completed,,0,,,,0,
5676,City,Trip Completed,,0,,,,0,
6590,City,Trip Completed,,0,,,,0,
1496,Airport,Trip Completed,2016-12-07 05:33:00,0,5.0,Wednesday,12.0,0,Night
2589,City,Trip Completed,2016-12-07 21:47:00,0,21.0,Wednesday,12.0,0,Late evening
3668,Airport,Trip Completed,,0,,,,0,
4978,City,Trip Completed,,0,,,,0,
5487,City,Trip Completed,,0,,,,0,
6270,City,Trip Completed,,0,,,,0,
884,Airport,Trip Completed,2016-11-07 18:03:00,0,18.0,Monday,11.0,0,Evening
1495,Airport,Trip Completed,2016-12-07 05:29:00,0,5.0,Wednesday,12.0,0,Night
1782,Airport,Trip Completed,2016-12-07 08:58:00,0,8.0,Wednesday,12.0,0,Morning
1928,City,Trip Completed,2016-12-07 11:08:00,0,11.0,Wednesday,12.0,0,Morning
2195,Airport,Trip Completed,2016-12-07 17:44:00,0,17.0,Wednesday,12.0,0,Evening
4005,Airport,Trip Completed,,0,,,,0,
4759,Airport,Trip Completed,,0,,,,0,
4933,City,Trip Completed,,0,,,,0,
648,City,Trip Completed,2016-11-07 12:41:00,0,12.0,Monday,11.0,0,Afternoon
1171,City,Trip Completed,2016-11-07 20:49:00,0,20.0,Monday,11.0,0,Evening
1354,City,Trip Completed,2016-11-07 23:45:00,0,23.0,Monday,11.0,0,Late evening
1901,Airport,Trip Completed,2016-12-07 10:29:00,0,10.0,Wednesday,12.0,0,Morning
2181,Airport,Trip Completed,2016-12-07 17:39:00,0,17.0,Wednesday,12.0,0,Evening
3051,City,Trip Completed,,0,,,,0,
3203,Airport,Trip Completed,,0,,,,0,
3843,City,Trip Completed,,0,,,,0,
5698,Airport,Trip Completed,,0,,,,0,
6653,City,Trip Completed,,0,,,,0,
271,Airport,Trip Completed,2016-11-07 06:53:00,0,6.0,Monday,11.0,0,Morning
1238,City,Trip Completed,2016-11-07 21:43:00,0,21.0,Monday,11.0,0,Late evening
1802,Airport,Trip Completed,2016-12-07 09:11:00,0,9.0,Wednesday,12.0,0,Morning
3145,Airport,Trip Completed,,0,,,,0,
3336,Airport,Trip Completed,,0,,,,0,
3506,Airport,Trip Completed,,0,,,,0,
4325,City,Trip Completed,,0,,,,0,
6764,City,Trip Completed,,0,,,,0,
5421,Airport,Trip Completed,,0,,,,0,
6108,City,Trip Completed,,0,,,,0,
6379,City,Trip Completed,,0,,,,0,
656,Airport,Trip Completed,2016-11-07 12:57:00,0,12.0,Monday,11.0,0,Afternoon
715,City,Trip Completed,2016-11-07 14:40:00,0,14.0,Monday,11.0,0,Afternoon
1086,Airport,Trip Completed,2016-11-07 20:02:00,0,20.0,Monday,11.0,0,Evening
1504,Airport,Trip Completed,2016-12-07 05:37:00,0,5.0,Wednesday,12.0,0,Night
1675,Airport,Trip Completed,2016-12-07 07:35:00,0,7.0,Wednesday,12.0,0,Morning
3041,Airport,Trip Completed,,0,,,,0,
4214,City,Trip Completed,,0,,,,0,
5915,City,Trip Completed,,0,,,,0,
6064,City,Trip Completed,,0,,,,0,
225,City,Trip Completed,2016-11-07 06:16:00,0,6.0,Monday,11.0,0,Morning
1163,City,Trip Completed,2016-11-07 20:47:00,0,20.0,Monday,11.0,0,Evening
2200,City,Trip Completed,2016-12-07 17:55:00,0,17.0,Wednesday,12.0,0,Evening
2382,Airport,Trip Completed,2016-12-07 19:41:00,0,19.0,Wednesday,12.0,0,Evening
2957,City,Trip Completed,,0,,,,0,
4626,City,Trip Completed,,0,,,,0,
5392,City,Trip Completed,,0,,,,0,
6114,City,Trip Completed,,0,,,,0,
481,City,Trip Completed,2016-11-07 09:27:00,0,9.0,Monday,11.0,0,Morning
739,Airport,Trip Completed,2016-11-07 15:36:00,0,15.0,Monday,11.0,0,Afternoon
834,City,Trip Completed,2016-11-07 17:40:00,0,17.0,Monday,11.0,0,Evening
1175,City,Trip Completed,2016-11-07 20:57:00,0,20.0,Monday,11.0,0,Evening
1425,Airport,Trip Completed,2016-12-07 04:19:00,0,4.0,Wednesday,12.0,0,Night
2327,City,Trip Completed,2016-12-07 19:09:00,0,19.0,Wednesday,12.0,0,Evening
2535,Airport,Trip Completed,2016-12-07 21:18:00,0,21.0,Wednesday,12.0,0,Late evening
2963,Airport,Trip Completed,,0,,,,0,
4535,City,Trip Completed,,0,,,,0,
5284,City,Trip Completed,,0,,,,0,
6491,City,Trip Completed,,0,,,,0,
222,Airport,Trip Completed,2016-11-07 06:20:00,0,6.0,Monday,11.0,0,Morning
720,Airport,Trip Completed,2016-11-07 14:51:00,0,14.0,Monday,11.0,0,Afternoon
1573,Airport,Trip Completed,2016-12-07 06:27:00,0,6.0,Wednesday,12.0,0,Morning
2070,Airport,Trip Completed,2016-12-07 15:18:00,0,15.0,Wednesday,12.0,0,Afternoon
3276,Airport,Trip Completed,,0,,,,0,
3795,City,Trip Completed,,0,,,,0,
4615,City,Trip Completed,,0,,,,0,
6301,City,Trip Completed,,0,,,,0,
338,City,Trip Completed,2016-11-07 07:50:00,0,7.0,Monday,11.0,0,Morning
661,Airport,Trip Completed,2016-11-07 12:54:00,0,12.0,Monday,11.0,0,Afternoon
1187,Airport,Trip Completed,2016-11-07 21:10:00,0,21.0,Monday,11.0,0,Late evening
1510,Airport,Trip Completed,2016-12-07 05:42:00,0,5.0,Wednesday,12.0,0,Night
1645,City,Trip Completed,2016-12-07 07:17:00,0,7.0,Wednesday,12.0,0,Morning
2356,City,Trip Completed,2016-12-07 19:33:00,0,19.0,Wednesday,12.0,0,Evening
3306,City,Trip Completed,,0,,,,0,
6700,City,Trip Completed,,0,,,,0,
198,Airport,Trip Completed,2016-11-07 06:03:00,0,6.0,Monday,11.0,0,Morning
513,Airport,Trip Completed,2016-11-07 09:39:00,0,9.0,Monday,11.0,0,Morning
727,Airport,Trip Completed,2016-11-07 15:07:00,0,15.0,Monday,11.0,0,Afternoon
1094,Airport,Trip Completed,2016-11-07 20:12:00,0,20.0,Monday,11.0,0,Evening
1508,Airport,Trip Completed,2016-12-07 05:48:00,0,5.0,Wednesday,12.0,0,Night
2987,Airport,Trip Completed,,0,,,,0,
3485,City,Trip Completed,,0,,,,0,
4971,City,Trip Completed,,0,,,,0,
6617,City,Trip Completed,,0,,,,0,
1735,City,Trip Completed,2016-12-07 08:28:00,0,8.0,Wednesday,12.0,0,Morning
3311,City,Trip Completed,,0,,,,0,
3455,City,Trip Completed,,0,,,,0,
4009,Airport,Trip Completed,,0,,,,0,
5444,City,Trip Completed,,0,,,,0,
5700,Airport,Trip Completed,,0,,,,0,
5897,City,Trip Completed,,0,,,,0,
6573,City,Trip Completed,,0,,,,0,
515,Airport,Trip Completed,2016-11-07 09:45:00,0,9.0,Monday,11.0,0,Morning
697,City,Trip Completed,2016-11-07 13:56:00,0,13.0,Monday,11.0,0,Afternoon
2591,City,Trip Completed,2016-12-07 21:49:00,0,21.0,Wednesday,12.0,0,Late evening
3009,Airport,Trip Completed,,0,,,,0,
3281,City,Trip Completed,,0,,,,0,
3323,Airport,Trip Completed,,0,,,,0,
3872,City,Trip Completed,,0,,,,0,
4288,City,Trip Completed,,0,,,,0,
5145,City,Trip Completed,,0,,,,0,
5586,City,Trip Completed,,0,,,,0,
6000,Airport,Trip Completed,,0,,,,0,
6488,City,Trip Completed,,0,,,,0,
6757,Airport,Trip Completed,,0,,,,0,
183,City,Trip Completed,2016-11-07 05:49:00,0,5.0,Monday,11.0,0,Night
1210,Airport,Trip Completed,2016-11-07 21:24:00,0,21.0,Monday,11.0,0,Late evening
1382,City,Trip Completed,2016-12-07 01:03:00,0,1.0,Wednesday,12.0,0,Night
1899,City,Trip Completed,2016-12-07 10:26:00,0,10.0,Wednesday,12.0,0,Morning
3369,City,Trip Completed,,0,,,,0,
4498,City,Trip Completed,,0,,,,0,
5947,Airport,Trip Completed,,0,,,,0,
6141,Airport,Trip Completed,,0,,,,0,
382,City,Trip Completed,2016-11-07 08:17:00,0,8.0,Monday,11.0,0,Morning
2035,City,Trip Completed,2016-12-07 14:15:00,0,14.0,Wednesday,12.0,0,Afternoon
2762,Airport,Trip Completed,,0,,,,0,
2857,City,Trip Completed,,0,,,,0,
3236,City,Trip Completed,,0,,,,0,
5056,Airport,Trip Completed,,0,,,,0,
6221,City,Trip Completed,,0,,,,0,
329,Airport,Trip Completed,2016-11-07 07:42:00,0,7.0,Monday,11.0,0,Morning
465,City,Trip Completed,2016-11-07 09:15:00,0,9.0,Monday,11.0,0,Morning
650,City,Trip Completed,2016-11-07 12:42:00,0,12.0,Monday,11.0,0,Afternoon
900,Airport,Trip Completed,2016-11-07 18:13:00,0,18.0,Monday,11.0,0,Evening
1309,City,Trip Completed,2016-11-07 22:40:00,0,22.0,Monday,11.0,0,Late evening
2340,Airport,Trip Completed,2016-12-07 19:16:00,0,19.0,Wednesday,12.0,0,Evening
4043,City,Trip Completed,,0,,,,0,
4264,City,Trip Completed,,0,,,,0,
4788,City,Trip Completed,,0,,,,0,
6046,City,Trip Completed,,0,,,,0,
6182,City,Trip Completed,,0,,,,0,
66,City,Trip Completed,2016-11-07 04:21:00,0,4.0,Monday,11.0,0,Night
688,Airport,Trip Completed,2016-11-07 13:41:00,0,13.0,Monday,11.0,0,Afternoon
1924,City,Trip Completed,2016-12-07 11:02:00,0,11.0,Wednesday,12.0,0,Morning
2463,City,Trip Completed,2016-12-07 20:33:00,0,20.0,Wednesday,12.0,0,Evening
3679,Airport,Trip Completed,,0,,,,0,
4351,Airport,Trip Completed,,0,,,,0,
4699,City,Trip Completed,,0,,,,0,
5313,Airport,Trip Completed,,0,,,,0,
100,City,Trip Completed,2016-11-07 05:00:00,0,5.0,Monday,11.0,0,Night
1129,Airport,Trip Completed,2016-11-07 20:27:00,0,20.0,Monday,11.0,0,Evening
2560,City,Trip Completed,2016-12-07 21:29:00,0,21.0,Wednesday,12.0,0,Late evening
2662,Airport,Trip Completed,2016-12-07 23:22:00,0,23.0,Wednesday,12.0,0,Late evening
2959,Airport,Trip Completed,,0,,,,0,
4747,City,Trip Completed,,0,,,,0,
5481,City,Trip Completed,,0,,,,0,
6089,City,Trip Completed,,0,,,,0,
1310,City,Trip Completed,2016-11-07 22:45:00,0,22.0,Monday,11.0,0,Late evening
1497,City,Trip Completed,2016-12-07 05:34:00,0,5.0,Wednesday,12.0,0,Night
3154,City,Trip Completed,,0,,,,0,
3263,Airport,Trip Completed,,0,,,,0,
4377,City,Trip Completed,,0,,,,0,
6158,Airport,Trip Completed,,0,,,,0,
6471,Airport,Trip Completed,,0,,,,0,
6719,City,Trip Completed,,0,,,,0,
663,Airport,Trip Completed,2016-11-07 12:58:00,0,12.0,Monday,11.0,0,Afternoon
1059,Airport,Trip Completed,2016-11-07 19:49:00,0,19.0,Monday,11.0,0,Evening
1279,City,Trip Completed,2016-11-07 22:11:00,0,22.0,Monday,11.0,0,Late evening
2683,City,Trip Completed,2016-12-07 00:11:00,0,0.0,Wednesday,12.0,0,Night
1940,Airport,Trip Completed,2016-12-07 11:20:00,0,11.0,Wednesday,12.0,0,Morning
3420,City,Trip Completed,,0,,,,0,
3905,City,Trip Completed,,0,,,,0,
4665,City,Trip Completed,,0,,,,0,
5970,City,Trip Completed,,0,,,,0,
6232,City,Trip Completed,,0,,,,0,
694,City,Trip Completed,2016-11-07 13:46:00,0,13.0,Monday,11.0,0,Afternoon
1515,City,Trip Completed,2016-12-07 05:45:00,0,5.0,Wednesday,12.0,0,Night
1581,Airport,Trip Completed,2016-12-07 06:27:00,0,6.0,Wednesday,12.0,0,Morning
3006,City,Trip Completed,,0,,,,0,
3271,Airport,Trip Completed,,0,,,,0,
4879,Airport,Trip Completed,,0,,,,0,
5276,City,Trip Completed,,0,,,,0,
6658,Airport,Trip Completed,,0,,,,0,
394,Airport,Trip Completed,2016-11-07 08:22:00,0,8.0,Monday,11.0,0,Morning
1442,Airport,Trip Completed,2016-12-07 04:49:00,0,4.0,Wednesday,12.0,0,Night
3274,Airport,Trip Completed,,0,,,,0,
5051,Airport,Trip Completed,,0,,,,0,
5345,Airport,Trip Completed,,0,,,,0,
6499,City,Trip Completed,,0,,,,0,
273,Airport,Trip Completed,2016-11-07 06:51:00,0,6.0,Monday,11.0,0,Morning
794,City,Trip Completed,2016-11-07 17:04:00,0,17.0,Monday,11.0,0,Evening
1044,City,Trip Completed,2016-11-07 19:35:00,0,19.0,Monday,11.0,0,Evening
1629,Airport,Trip Completed,2016-12-07 07:04:00,0,7.0,Wednesday,12.0,0,Morning
2050,Airport,Trip Completed,2016-12-07 14:50:00,0,14.0,Wednesday,12.0,0,Afternoon
2209,City,Trip Completed,2016-12-07 17:55:00,0,17.0,Wednesday,12.0,0,Evening
2953,City,Trip Completed,,0,,,,0,
3508,City,Trip Completed,,0,,,,0,
4674,City,Trip Completed,,0,,,,0,
5786,City,Trip Completed,,0,,,,0,
6017,Airport,Trip Completed,,0,,,,0,
6613,City,Trip Completed,,0,,,,0,
361,City,Trip Completed,2016-11-07 08:05:00,0,8.0,Monday,11.0,0,Morning
1101,City,Trip Completed,2016-11-07 20:07:00,0,20.0,Monday,11.0,0,Evening
1272,Airport,Trip Completed,2016-11-07 22:00:00,0,22.0,Monday,11.0,0,Late evening
2106,City,Trip Completed,2016-12-07 16:14:00,0,16.0,Wednesday,12.0,0,Afternoon
2584,Airport,Trip Completed,2016-12-07 21:43:00,0,21.0,Wednesday,12.0,0,Late evening
3305,City,Trip Completed,,0,,,,0,
4733,City,Trip Completed,,0,,,,0,
6124,Airport,Trip Completed,,0,,,,0,
751,Airport,Trip Completed,2016-11-07 16:00:00,0,16.0,Monday,11.0,0,Afternoon
992,City,Trip Completed,2016-11-07 19:00:00,0,19.0,Monday,11.0,0,Evening
1247,Airport,Trip Completed,2016-11-07 21:51:00,0,21.0,Monday,11.0,0,Late evening
1465,City,Trip Completed,2016-12-07 04:59:00,0,4.0,Wednesday,12.0,0,Night
1686,City,Trip Completed,2016-12-07 07:49:00,0,7.0,Wednesday,12.0,0,Morning
2642,City,Trip Completed,2016-12-07 22:33:00,0,22.0,Wednesday,12.0,0,Late evening
2907,Airport,Trip Completed,,0,,,,0,
3408,City,Trip Completed,,0,,,,0,
4488,City,Trip Completed,,0,,,,0,
6470,City,Trip Completed,,0,,,,0,
5,Airport,Trip Completed,2016-11-07 00:36:00,0,0.0,Monday,11.0,0,Night
374,Airport,Trip Completed,2016-11-07 08:10:00,0,8.0,Monday,11.0,0,Morning
721,City,Trip Completed,2016-11-07 14:56:00,0,14.0,Monday,11.0,0,Afternoon
1130,City,Trip Completed,2016-11-07 20:27:00,0,20.0,Monday,11.0,0,Evening
2449,Airport,Trip Completed,2016-12-07 20:26:00,0,20.0,Wednesday,12.0,0,Evening
3755,Airport,Trip Completed,,0,,,,0,
4521,City,Trip Completed,,0,,,,0,
4977,City,Trip Completed,,0,,,,0,
94,City,Trip Completed,2016-11-07 04:59:00,0,4.0,Monday,11.0,0,Night
1197,City,Trip Completed,2016-11-07 21:11:00,0,21.0,Monday,11.0,0,Late evening
1633,Airport,Trip Completed,2016-12-07 07:07:00,0,7.0,Wednesday,12.0,0,Morning
1930,City,Trip Completed,2016-12-07 11:14:00,0,11.0,Wednesday,12.0,0,Morning
6451,City,Trip Completed,,0,,,,0,
389,City,Trip Completed,2016-11-07 08:20:00,0,8.0,Monday,11.0,0,Morning
712,Airport,Trip Completed,2016-11-07 14:31:00,0,14.0,Monday,11.0,0,Afternoon
972,Airport,Trip Completed,2016-11-07 18:52:00,0,18.0,Monday,11.0,0,Evening
1811,City,Trip Completed,2016-12-07 09:14:00,0,9.0,Wednesday,12.0,0,Morning
2126,City,Trip Completed,2016-12-07 16:52:00,0,16.0,Wednesday,12.0,0,Afternoon
3383,City,Trip Completed,,0,,,,0,
3594,City,Trip Completed,,0,,,,0,
4337,City,Trip Completed,,0,,,,0,
4694,Airport,Trip Completed,,0,,,,0,
5891,Airport,Trip Completed,,0,,,,0,
6035,Airport,Trip Completed,,0,,,,0,
2604,City,Trip Completed,2016-12-07 22:05:00,0,22.0,Wednesday,12.0,0,Late evening
2761,City,Trip Completed,,0,,,,0,
3496,Airport,Trip Completed,,0,,,,0,
4950,City,Trip Completed,,0,,,,0,
6762,Airport,Trip Completed,,0,,,,0,
5825,Airport,Trip Completed,,0,,,,0,
251,Airport,Trip Completed,2016-11-07 06:36:00,0,6.0,Monday,11.0,0,Morning
618,City,Trip Completed,2016-11-07 12:01:00,0,12.0,Monday,11.0,0,Afternoon
1595,Airport,Trip Completed,2016-12-07 06:34:00,0,6.0,Wednesday,12.0,0,Morning
2087,Airport,Trip Completed,2016-12-07 15:49:00,0,15.0,Wednesday,12.0,0,Afternoon
3334,Airport,Trip Completed,,0,,,,0,
3950,City,Trip Completed,,0,,,,0,
4378,City,Trip Completed,,0,,,,0,
4714,City,Trip Completed,,0,,,,0,
4777,City,Trip Completed,,0,,,,0,
5619,Airport,Trip Completed,,0,,,,0,
6649,Airport,Trip Completed,,0,,,,0,
596,City,Trip Completed,2016-11-07 11:30:00,0,11.0,Monday,11.0,0,Morning
910,Airport,Trip Completed,2016-11-07 18:21:00,0,18.0,Monday,11.0,0,Evening
1751,Airport,Trip Completed,2016-12-07 08:39:00,0,8.0,Wednesday,12.0,0,Morning
1952,City,Trip Completed,2016-12-07 11:30:00,0,11.0,Wednesday,12.0,0,Morning
2814,City,Trip Completed,,0,,,,0,
3425,City,Trip Completed,,0,,,,0,
4525,Airport,Trip Completed,,0,,,,0,
4661,City,Trip Completed,,0,,,,0,
5533,City,Trip Completed,,0,,,,0,
6101,City,Trip Completed,,0,,,,0,
95,Airport,Trip Completed,2016-11-07 04:54:00,0,4.0,Monday,11.0,0,Night
944,City,Trip Completed,2016-11-07 18:35:00,0,18.0,Monday,11.0,0,Evening
1066,Airport,Trip Completed,2016-11-07 19:58:00,0,19.0,Monday,11.0,0,Evening
1592,City,Trip Completed,2016-12-07 06:37:00,0,6.0,Wednesday,12.0,0,Morning
2461,Airport,Trip Completed,2016-12-07 20:32:00,0,20.0,Wednesday,12.0,0,Evening
3039,Airport,Trip Completed,,0,,,,0,
3768,City,Trip Completed,,0,,,,0,
4277,City,Trip Completed,,0,,,,0,
4658,City,Trip Completed,,0,,,,0,
6111,City,Trip Completed,,0,,,,0,
559,City,Trip Completed,2016-11-07 10:14:00,0,10.0,Monday,11.0,0,Morning
860,City,Trip Completed,2016-11-07 17:56:00,0,17.0,Monday,11.0,0,Evening
1724,City,Trip Completed,2016-12-07 08:19:00,0,8.0,Wednesday,12.0,0,Morning
4409,City,Trip Completed,,0,,,,0,
5534,City,Trip Completed,,0,,,,0,
5908,Airport,Trip Completed,,0,,,,0,
597,Airport,Trip Completed,2016-11-07 11:30:00,0,11.0,Monday,11.0,0,Morning
1417,City,Trip Completed,2016-12-07 03:37:00,0,3.0,Wednesday,12.0,0,Night
1714,Airport,Trip Completed,2016-12-07 08:14:00,0,8.0,Wednesday,12.0,0,Morning
1919,City,Trip Completed,2016-12-07 10:59:00,0,10.0,Wednesday,12.0,0,Morning
3256,Airport,Trip Completed,,0,,,,0,
5286,City,Trip Completed,,0,,,,0,
5526,City,Trip Completed,,0,,,,0,
5905,Airport,Trip Completed,,0,,,,0,
6231,Airport,Trip Completed,,0,,,,0,
258,Airport,Trip Completed,2016-11-07 06:36:00,0,6.0,Monday,11.0,0,Morning
723,City,Trip Completed,2016-11-07 15:03:00,0,15.0,Monday,11.0,0,Afternoon
930,City,Trip Completed,2016-11-07 18:27:00,0,18.0,Monday,11.0,0,Evening
1498,City,Trip Completed,2016-12-07 05:30:00,0,5.0,Wednesday,12.0,0,Night
2553,Airport,Trip Completed,2016-12-07 21:23:00,0,21.0,Wednesday,12.0,0,Late evening
3777,Airport,Trip Completed,,0,,,,0,
3914,City,Trip Completed,,0,,,,0,
4114,City,Trip Completed,,0,,,,0,
5703,Airport,Trip Completed,,0,,,,0,
5888,City,Trip Completed,,0,,,,0,
6042,Airport,Trip Completed,,0,,,,0,
6150,Airport,Trip Completed,,0,,,,0,
410,City,Trip Completed,2016-11-07 08:34:00,0,8.0,Monday,11.0,0,Morning
610,Airport,Trip Completed,2016-11-07 11:49:00,0,11.0,Monday,11.0,0,Morning
719,Airport,Trip Completed,2016-11-07 14:52:00,0,14.0,Monday,11.0,0,Afternoon
1060,City,Trip Completed,2016-11-07 19:50:00,0,19.0,Monday,11.0,0,Evening
1929,City,Trip Completed,2016-12-07 11:18:00,0,11.0,Wednesday,12.0,0,Morning
2101,City,Trip Completed,2016-12-07 16:10:00,0,16.0,Wednesday,12.0,0,Afternoon
2282,City,Trip Completed,2016-12-07 18:42:00,0,18.0,Wednesday,12.0,0,Evening
3190,City,Trip Completed,,0,,,,0,
3412,City,Trip Completed,,0,,,,0,
3725,City,Trip Completed,,0,,,,0,
4612,City,Trip Completed,,0,,,,0,
5033,Airport,Trip Completed,,0,,,,0,
5764,City,Trip Completed,,0,,,,0,
6750,Airport,Trip Completed,,0,,,,0,
314,Airport,Trip Completed,2016-11-07 07:28:00,0,7.0,Monday,11.0,0,Morning
757,Airport,Trip Completed,2016-11-07 16:01:00,0,16.0,Monday,11.0,0,Afternoon
2123,City,Trip Completed,2016-12-07 16:45:00,0,16.0,Wednesday,12.0,0,Afternoon
2824,City,Trip Completed,,0,,,,0,
3445,Airport,Trip Completed,,0,,,,0,
3690,Airport,Trip Completed,,0,,,,0,
5440,Airport,Trip Completed,,0,,,,0,
6090,Airport,Trip Completed,,0,,,,0,
303,Airport,Trip Completed,2016-11-07 07:19:00,0,7.0,Monday,11.0,0,Morning
560,Airport,Trip Completed,2016-11-07 10:16:00,0,10.0,Monday,11.0,0,Morning
1319,City,Trip Completed,2016-11-07 22:48:00,0,22.0,Monday,11.0,0,Late evening
1493,Airport,Trip Completed,2016-12-07 05:28:00,0,5.0,Wednesday,12.0,0,Night
1662,City,Trip Completed,2016-12-07 07:27:00,0,7.0,Wednesday,12.0,0,Morning
2020,City,Trip Completed,2016-12-07 13:40:00,0,13.0,Wednesday,12.0,0,Afternoon
2407,City,Trip Completed,2016-12-07 19:57:00,0,19.0,Wednesday,12.0,0,Evening
2818,Airport,Trip Completed,,0,,,,0,
3827,City,Trip Completed,,0,,,,0,
4421,City,Trip Completed,,0,,,,0,
5673,Airport,Trip Completed,,0,,,,0,
6372,Airport,Trip Completed,,0,,,,0,
6563,City,Trip Completed,,0,,,,0,
579,City,Trip Completed,2016-11-07 11:04:00,0,11.0,Monday,11.0,0,Morning
689,City,Trip Completed,2016-11-07 13:45:00,0,13.0,Monday,11.0,0,Afternoon
724,Airport,Trip Completed,2016-11-07 15:06:00,0,15.0,Monday,11.0,0,Afternoon
1499,City,Trip Completed,2016-12-07 05:30:00,0,5.0,Wednesday,12.0,0,Night
3960,Airport,Trip Completed,,0,,,,0,
4919,Airport,Trip Completed,,0,,,,0,
6334,Airport,Trip Completed,,0,,,,0,
1577,Airport,Trip Completed,2016-12-07 06:22:00,0,6.0,Wednesday,12.0,0,Morning
2197,Airport,Trip Completed,2016-12-07 17:53:00,0,17.0,Wednesday,12.0,0,Evening
2509,City,Trip Completed,2016-12-07 21:01:00,0,21.0,Wednesday,12.0,0,Late evening
3514,Airport,Trip Completed,,0,,,,0,
4588,City,Trip Completed,,0,,,,0,
5929,Airport,Trip Completed,,0,,,,0,
6335,City,Trip Completed,,0,,,,0,
375,Airport,Trip Completed,2016-11-07 08:07:00,0,8.0,Monday,11.0,0,Morning
555,City,Trip Completed,2016-11-07 10:16:00,0,10.0,Monday,11.0,0,Morning
622,Airport,Trip Completed,2016-11-07 12:01:00,0,12.0,Monday,11.0,0,Afternoon
1975,City,Trip Completed,2016-12-07 12:17:00,0,12.0,Wednesday,12.0,0,Afternoon
2831,Airport,Trip Completed,,0,,,,0,
3085,Airport,Trip Completed,,0,,,,0,
3418,City,Trip Completed,,0,,,,0,
3915,City,Trip Completed,,0,,,,0,
4443,Airport,Trip Completed,,0,,,,0,
5686,City,Trip Completed,,0,,,,0,
6120,Airport,Trip Completed,,0,,,,0,
6274,Airport,Trip Completed,,0,,,,0,
6364,City,Trip Completed,,0,,,,0,
89,City,Trip Completed,2016-11-07 04:52:00,0,4.0,Monday,11.0,0,Night
805,Airport,Trip Completed,2016-11-07 17:19:00,0,17.0,Monday,11.0,0,Evening
2836,City,Trip Completed,,0,,,,0,
3298,City,Trip Completed,,0,,,,0,
5506,City,Trip Completed,,0,,,,0,
6159,City,Trip Completed,,0,,,,0,
6492,City,Trip Completed,,0,,,,0,
592,City,Trip Completed,2016-11-07 11:18:00,0,11.0,Monday,11.0,0,Morning
737,Airport,Trip Completed,2016-11-07 15:30:00,0,15.0,Monday,11.0,0,Afternoon
1108,City,Trip Completed,2016-11-07 20:11:00,0,20.0,Monday,11.0,0,Evening
1387,Airport,Trip Completed,2016-12-07 01:33:00,0,1.0,Wednesday,12.0,0,Night
2311,Airport,Trip Completed,2016-12-07 19:00:00,0,19.0,Wednesday,12.0,0,Evening
2887,City,Trip Completed,,0,,,,0,
3283,City,Trip Completed,,0,,,,0,
4341,City,Trip Completed,,0,,,,0,
5025,Airport,Trip Completed,,0,,,,0,
5437,Airport,Trip Completed,,0,,,,0,
5652,City,Trip Completed,,0,,,,0,
672,Airport,Trip Completed,2016-11-07 13:20:00,0,13.0,Monday,11.0,0,Afternoon
1578,Airport,Trip Completed,2016-12-07 06:25:00,0,6.0,Wednesday,12.0,0,Morning
4506,City,Trip Completed,,0,,,,0,
4762,City,Trip Completed,,0,,,,0,
6081,City,Trip Completed,,0,,,,0,
6503,City,Trip Completed,,0,,,,0,
649,City,Trip Completed,2016-11-07 12:42:00,0,12.0,Monday,11.0,0,Afternoon
1040,City,Trip Completed,2016-11-07 19:33:00,0,19.0,Monday,11.0,0,Evening
1461,Airport,Trip Completed,2016-12-07 04:58:00,0,4.0,Wednesday,12.0,0,Night
2497,City,Trip Completed,2016-12-07 20:57:00,0,20.0,Wednesday,12.0,0,Evening
2758,City,Trip Completed,,0,,,,0,
2991,Airport,Trip Completed,,0,,,,0,
3458,City,Trip Completed,,0,,,,0,
3830,Airport,Trip Completed,,0,,,,0,
6685,Airport,Trip Completed,,0,,,,0,
420,City,Trip Completed,2016-11-07 08:37:00,0,8.0,Monday,11.0,0,Morning
662,City,Trip Completed,2016-11-07 12:58:00,0,12.0,Monday,11.0,0,Afternoon
791,Airport,Trip Completed,2016-11-07 16:55:00,0,16.0,Monday,11.0,0,Afternoon
1164,City,Trip Completed,2016-11-07 20:50:00,0,20.0,Monday,11.0,0,Evening
2939,City,Trip Completed,,0,,,,0,
3867,City,Trip Completed,,0,,,,0,
4290,City,Trip Completed,,0,,,,0,
4400,Airport,Trip Completed,,0,,,,0,
5100,Airport,Trip Completed,,0,,,,0,
5956,City,Trip Completed,,0,,,,0,
6701,City,Trip Completed,,0,,,,0,
1,Airport,Trip Completed,2016-11-07 00:20:00,0,0.0,Monday,11.0,0,Night
1923,City,Trip Completed,2016-12-07 11:00:00,0,11.0,Wednesday,12.0,0,Morning
3804,Airport,Trip Completed,,0,,,,0,
4876,Airport,Trip Completed,,0,,,,0,
5428,Airport,Trip Completed,,0,,,,0,
6452,City,Trip Completed,,0,,,,0,
6703,City,Trip Completed,,0,,,,0,
116,Airport,Trip Completed,2016-11-07 05:07:00,0,5.0,Monday,11.0,0,Night
761,Airport,Trip Completed,2016-11-07 16:11:00,0,16.0,Monday,11.0,0,Afternoon
932,City,Trip Completed,2016-11-07 18:28:00,0,18.0,Monday,11.0,0,Evening
1217,City,Trip Completed,2016-11-07 21:23:00,0,21.0,Monday,11.0,0,Late evening
1617,Airport,Trip Completed,2016-12-07 06:53:00,0,6.0,Wednesday,12.0,0,Morning
1849,Airport,Trip Completed,2016-12-07 09:42:00,0,9.0,Wednesday,12.0,0,Morning
2055,City,Trip Completed,2016-12-07 14:54:00,0,14.0,Wednesday,12.0,0,Afternoon
2841,Airport,Trip Completed,,0,,,,0,
5983,City,Trip Completed,,0,,,,0,
6016,Airport,Trip Completed,,0,,,,0,
845,City,Trip Completed,2016-11-07 17:41:00,0,17.0,Monday,11.0,0,Evening
1832,Airport,Trip Completed,2016-12-07 09:36:00,0,9.0,Wednesday,12.0,0,Morning
2740,Airport,Trip Completed,,0,,,,0,
3622,Airport,Trip Completed,,0,,,,0,
3979,City,Trip Completed,,0,,,,0,
5749,Airport,Trip Completed,,0,,,,0,
6633,City,Trip Completed,,0,,,,0,
1301,Airport,Trip Completed,2016-11-07 22:30:00,0,22.0,Monday,11.0,0,Late evening
2203,City,Trip Completed,2016-12-07 17:53:00,0,17.0,Wednesday,12.0,0,Evening
2569,City,Trip Completed,2016-12-07 21:37:00,0,21.0,Wednesday,12.0,0,Late evening
3621,Airport,Trip Completed,,0,,,,0,
4051,City,Trip Completed,,0,,,,0,
4831,City,Trip Completed,,0,,,,0,
158,City,Trip Completed,2016-11-07 05:35:00,0,5.0,Monday,11.0,0,Night
1290,City,Trip Completed,2016-11-07 22:23:00,0,22.0,Monday,11.0,0,Late evening
2441,City,Trip Completed,2016-12-07 20:23:00,0,20.0,Wednesday,12.0,0,Evening
3681,Airport,Trip Completed,,0,,,,0,
4511,Airport,Trip Completed,,0,,,,0,
4684,City,Trip Completed,,0,,,,0,
5606,City,Trip Completed,,0,,,,0,
5708,Airport,Trip Completed,,0,,,,0,
5960,Airport,Trip Completed,,0,,,,0,
6014,City,Trip Completed,,0,,,,0,
6193,City,Trip Completed,,0,,,,0,
6635,City,Trip Completed,,0,,,,0,
82,Airport,Trip Completed,2016-11-07 04:47:00,0,4.0,Monday,11.0,0,Night
2518,Airport,Trip Completed,2016-12-07 21:07:00,0,21.0,Wednesday,12.0,0,Late evening
2644,City,Trip Completed,2016-12-07 22:39:00,0,22.0,Wednesday,12.0,0,Late evening
3280,Airport,Trip Completed,,0,,,,0,
3486,City,Trip Completed,,0,,,,0,
5297,City,Trip Completed,,0,,,,0,
5802,City,Trip Completed,,0,,,,0,
6675,City,Trip Completed,,0,,,,0,
2025,City,Trip Completed,2016-12-07 13:56:00,0,13.0,Wednesday,12.0,0,Afternoon
2270,City,Trip Completed,2016-12-07 18:28:00,0,18.0,Wednesday,12.0,0,Evening
3701,Airport,Trip Completed,,0,,,,0,
4618,City,Trip Completed,,0,,,,0,
4909,Airport,Trip Completed,,0,,,,0,
5578,City,Trip Completed,,0,,,,0,
6404,Airport,Trip Completed,,0,,,,0,
6623,City,Trip Completed,,0,,,,0,
6738,Airport,Trip Completed,,0,,,,0,
497,City,Trip Completed,2016-11-07 09:33:00,0,9.0,Monday,11.0,0,Morning
1071,Airport,Trip Completed,2016-11-07 19:58:00,0,19.0,Monday,11.0,0,Evening
1709,City,Trip Completed,2016-12-07 08:09:00,0,8.0,Wednesday,12.0,0,Morning
2348,City,Trip Completed,2016-12-07 19:21:00,0,19.0,Wednesday,12.0,0,Evening
3342,Airport,Trip Completed,,0,,,,0,
1008,Airport,Trip Completed,2016-11-07 19:05:00,0,19.0,Monday,11.0,0,Evening
2430,City,Trip Completed,2016-12-07 20:12:00,0,20.0,Wednesday,12.0,0,Evening
3352,City,Trip Completed,,0,,,,0,
3748,City,Trip Completed,,0,,,,0,
5687,City,Trip Completed,,0,,,,0,
6724,Airport,Trip Completed,,0,,,,0,
152,City,Trip Completed,2016-11-07 05:29:00,0,5.0,Monday,11.0,0,Night
1207,Airport,Trip Completed,2016-11-07 21:23:00,0,21.0,Monday,11.0,0,Late evening
1377,Airport,Trip Completed,2016-12-07 00:54:00,0,0.0,Wednesday,12.0,0,Night
1606,Airport,Trip Completed,2016-12-07 06:45:00,0,6.0,Wednesday,12.0,0,Morning
1920,City,Trip Completed,2016-12-07 10:56:00,0,10.0,Wednesday,12.0,0,Morning
2856,Airport,Trip Completed,,0,,,,0,
3277,City,Trip Completed,,0,,,,0,
4501,City,Trip Completed,,0,,,,0,
5194,City,Trip Completed,,0,,,,0,
5519,Airport,Trip Completed,,0,,,,0,
6509,City,Trip Completed,,0,,,,0,
476,City,Trip Completed,2016-11-07 09:24:00,0,9.0,Monday,11.0,0,Morning
1052,Airport,Trip Completed,2016-11-07 19:42:00,0,19.0,Monday,11.0,0,Evening
1743,Airport,Trip Completed,2016-12-07 08:28:00,0,8.0,Wednesday,12.0,0,Morning
3157,Airport,Trip Completed,,0,,,,0,
5255,Airport,Trip Completed,,0,,,,0,
6475,City,Trip Completed,,0,,,,0,
477,City,Trip Completed,2016-11-07 09:28:00,0,9.0,Monday,11.0,0,Morning
643,City,Trip Completed,2016-11-07 12:35:00,0,12.0,Monday,11.0,0,Afternoon
1152,Airport,Trip Completed,2016-11-07 20:39:00,0,20.0,Monday,11.0,0,Evening
1333,City,Trip Completed,2016-11-07 23:17:00,0,23.0,Monday,11.0,0,Late evening
1659,City,Trip Completed,2016-12-07 07:24:00,0,7.0,Wednesday,12.0,0,Morning
2657,Airport,Trip Completed,2016-12-07 23:11:00,0,23.0,Wednesday,12.0,0,Late evening
2898,Airport,Trip Completed,,0,,,,0,
3852,Airport,Trip Completed,,0,,,,0,
5342,City,Trip Completed,,0,,,,0,
5634,Airport,Trip Completed,,0,,,,0,
30,Airport,Trip Completed,2016-11-07 02:04:00,0,2.0,Monday,11.0,0,Night
195,City,Trip Completed,2016-11-07 06:05:00,0,6.0,Monday,11.0,0,Morning
993,City,Trip Completed,2016-11-07 19:00:00,0,19.0,Monday,11.0,0,Evening
1774,Airport,Trip Completed,2016-12-07 08:53:00,0,8.0,Wednesday,12.0,0,Morning
2648,City,Trip Completed,2016-12-07 22:50:00,0,22.0,Wednesday,12.0,0,Late evening
2979,Airport,Trip Completed,,0,,,,0,
3676,City,Trip Completed,,0,,,,0,
4041,Airport,Trip Completed,,0,,,,0,
4147,Airport,Trip Completed,,0,,,,0,
4859,Airport,Trip Completed,,0,,,,0,
6067,Airport,Trip Completed,,0,,,,0,
1690,Airport,Trip Completed,2016-12-07 07:52:00,0,7.0,Wednesday,12.0,0,Morning
2404,Airport,Trip Completed,2016-12-07 20:00:00,0,20.0,Wednesday,12.0,0,Evening
3313,City,Trip Completed,,0,,,,0,
3559,City,Trip Completed,,0,,,,0,
4018,Airport,Trip Completed,,0,,,,0,
4121,Airport,Trip Completed,,0,,,,0,
4224,City,Trip Completed,,0,,,,0,
4810,City,Trip Completed,,0,,,,0,
5295,City,Trip Completed,,0,,,,0,
5381,Airport,Trip Completed,,0,,,,0,
6271,City,Trip Completed,,0,,,,0,
1244,City,Trip Completed,2016-11-07 21:38:00,0,21.0,Monday,11.0,0,Late evening
2249,City,Trip Completed,2016-12-07 18:24:00,0,18.0,Wednesday,12.0,0,Evening
3045,Airport,Trip Completed,,0,,,,0,
3817,Airport,Trip Completed,,0,,,,0,
4481,City,Trip Completed,,0,,,,0,
5160,City,Trip Completed,,0,,,,0,
6304,City,Trip Completed,,0,,,,0,
1315,Airport,Trip Completed,2016-11-07 22:54:00,0,22.0,Monday,11.0,0,Late evening
2924,City,Trip Completed,,0,,,,0,
3324,Airport,Trip Completed,,0,,,,0,
3935,Airport,Trip Completed,,0,,,,0,
5844,Airport,Trip Completed,,0,,,,0,
2905,City,Cancelled,,1,,,,0,
4805,City,Cancelled,,1,,,,0,
5202,Airport,Cancelled,,1,,,,0,
5927,City,Cancelled,,1,,,,0,
2347,Airport,Cancelled,2016-12-07 19:14:00,1,19.0,Wednesday,12.0,0,Evening
3806,Airport,Cancelled,,1,,,,0,
4451,City,Cancelled,,1,,,,0,
5023,Airport,Cancelled,,1,,,,0,
80,City,Cancelled,2016-11-07 04:47:00,1,4.0,Monday,11.0,0,Night
534,City,Cancelled,2016-11-07 10:01:00,1,10.0,Monday,11.0,0,Morning
1867,Airport,Cancelled,2016-12-07 09:59:00,1,9.0,Wednesday,12.0,0,Morning
4383,City,Cancelled,,1,,,,0,
748,City,Cancelled,2016-11-07 15:49:00,1,15.0,Monday,11.0,0,Afternoon
1254,Airport,Cancelled,2016-11-07 21:53:00,1,21.0,Monday,11.0,0,Late evening
3807,Airport,Cancelled,,1,,,,0,
4280,City,Cancelled,,1,,,,0,
4533,City,Cancelled,,1,,,,0,
3230,City,Cancelled,,1,,,,0,
4296,City,Cancelled,,1,,,,0,
3059,City,Cancelled,,1,,,,0,
5547,City,Cancelled,,1,,,,0,
5699,City,Cancelled,,1,,,,0,
5701,City,Cancelled,,1,,,,0,
247,City,Cancelled,2016-11-07 06:33:00,1,6.0,Monday,11.0,0,Morning
2582,Airport,Cancelled,2016-12-07 21:42:00,1,21.0,Wednesday,12.0,0,Late evening
3184,City,Cancelled,,1,,,,0,
1687,City,Cancelled,2016-12-07 07:51:00,1,7.0,Wednesday,12.0,0,Morning
4174,City,Cancelled,,1,,,,0,
4335,City,Cancelled,,1,,,,0,
150,City,Cancelled,2016-11-07 05:24:00,1,5.0,Monday,11.0,0,Night
233,City,Cancelled,2016-11-07 06:27:00,1,6.0,Monday,11.0,0,Morning
1880,City,Cancelled,2016-12-07 10:01:00,1,10.0,Wednesday,12.0,0,Morning
2986,City,Cancelled,,1,,,,0,
3549,City,Cancelled,,1,,,,0,
4463,City,Cancelled,,1,,,,0,
4178,City,Cancelled,,1,,,,0,
4599,City,Cancelled,,1,,,,0,
4667,Airport,Cancelled,,1,,,,0,
570,City,Cancelled,2016-11-07 10:36:00,1,10.0,Monday,11.0,0,Morning
1691,City,Cancelled,2016-12-07 07:54:00,1,7.0,Wednesday,12.0,0,Morning
3499,City,Cancelled,,1,,,,0,
4467,City,Cancelled,,1,,,,0,
2799,City,Cancelled,,1,,,,0,
3822,Airport,Cancelled,,1,,,,0,
4456,City,Cancelled,,1,,,,0,
4685,Airport,Cancelled,,1,,,,0,
306,City,Cancelled,2016-11-07 07:20:00,1,7.0,Monday,11.0,0,Morning
2888,City,Cancelled,,1,,,,0,
92,City,Cancelled,2016-11-07 04:53:00,1,4.0,Monday,11.0,0,Night
3138,City,Cancelled,,1,,,,0,
3810,City,Cancelled,,1,,,,0,
4580,City,Cancelled,,1,,,,0,
5784,City,Cancelled,,1,,,,0,
1648,City,Cancelled,2016-12-07 07:20:00,1,7.0,Wednesday,12.0,0,Morning
2883,City,Cancelled,,1,,,,0,
4272,City,Cancelled,,1,,,,0,
5621,City,Cancelled,,1,,,,0,
5696,City,Cancelled,,1,,,,0,
5662,City,Cancelled,,1,,,,0,
1894,Airport,Cancelled,2016-12-07 10:19:00,1,10.0,Wednesday,12.0,0,Morning
2854,City,Cancelled,,1,,,,0,
4968,City,Cancelled,,1,,,,0,
352,City,Cancelled,2016-11-07 07:54:00,1,7.0,Monday,11.0,0,Morning
1841,City,Cancelled,2016-12-07 09:41:00,1,9.0,Wednesday,12.0,0,Morning
1885,City,Cancelled,2016-12-07 10:04:00,1,10.0,Wednesday,12.0,0,Morning
3170,City,Cancelled,,1,,,,0,
4586,City,Cancelled,,1,,,,0,
5208,Airport,Cancelled,,1,,,,0,
5472,City,Cancelled,,1,,,,0,
96,City,Cancelled,2016-11-07 04:58:00,1,4.0,Monday,11.0,0,Night
132,City,Cancelled,2016-11-07 05:15:00,1,5.0,Monday,11.0,0,Night
2899,City,Cancelled,,1,,,,0,
3166,City,Cancelled,,1,,,,0,
232,City,Cancelled,2016-11-07 06:26:00,1,6.0,Monday,11.0,0,Morning
275,City,Cancelled,2016-11-07 07:00:00,1,7.0,Monday,11.0,0,Morning
554,City,Cancelled,2016-11-07 10:13:00,1,10.0,Monday,11.0,0,Morning
4326,City,Cancelled,,1,,,,0,
5723,City,Cancelled,,1,,,,0,
1462,Airport,Cancelled,2016-12-07 05:01:00,1,5.0,Wednesday,12.0,0,Night
196,Airport,Cancelled,2016-11-07 06:07:00,1,6.0,Monday,11.0,0,Morning
236,City,Cancelled,2016-11-07 06:32:00,1,6.0,Monday,11.0,0,Morning
1502,City,Cancelled,2016-12-07 05:37:00,1,5.0,Wednesday,12.0,0,Night
1615,City,Cancelled,2016-12-07 06:52:00,1,6.0,Wednesday,12.0,0,Morning
3079,City,Cancelled,,1,,,,0,
6249,Airport,Cancelled,,1,,,,0,
1794,City,Cancelled,2016-12-07 09:03:00,1,9.0,Wednesday,12.0,0,Morning
4546,City,Cancelled,,1,,,,0,
2913,City,Cancelled,,1,,,,0,
276,City,Cancelled,2016-11-07 06:52:00,1,6.0,Monday,11.0,0,Morning
1613,City,Cancelled,2016-12-07 06:47:00,1,6.0,Wednesday,12.0,0,Morning
3150,City,Cancelled,,1,,,,0,
3217,City,Cancelled,,1,,,,0,
4523,City,Cancelled,,1,,,,0,
4593,City,Cancelled,,1,,,,0,
5476,Airport,Cancelled,,1,,,,0,
5477,City,Cancelled,,1,,,,0,
5846,City,Cancelled,,1,,,,0,
1539,City,Cancelled,2016-12-07 06:04:00,1,6.0,Wednesday,12.0,0,Morning
1770,City,Cancelled,2016-12-07 08:50:00,1,8.0,Wednesday,12.0,0,Morning
1921,City,Cancelled,2016-12-07 10:58:00,1,10.0,Wednesday,12.0,0,Morning
3073,City,Cancelled,,1,,,,0,
4795,Airport,Cancelled,,1,,,,0,
2079,Airport,Cancelled,2016-12-07 15:43:00,1,15.0,Wednesday,12.0,0,Afternoon
3179,City,Cancelled,,1,,,,0,
5872,City,Cancelled,,1,,,,0,
218,City,Cancelled,2016-11-07 06:14:00,1,6.0,Monday,11.0,0,Morning
840,Airport,Cancelled,2016-11-07 17:41:00,1,17.0,Monday,11.0,0,Evening
1642,City,Cancelled,2016-12-07 07:17:00,1,7.0,Wednesday,12.0,0,Morning
3307,City,Cancelled,,1,,,,0,
1475,City,Cancelled,2016-12-07 05:12:00,1,5.0,Wednesday,12.0,0,Night
2179,Airport,Cancelled,2016-12-07 17:36:00,1,17.0,Wednesday,12.0,0,Evening
3080,City,Cancelled,,1,,,,0,
3771,Airport,Cancelled,,1,,,,0,
5847,Airport,Cancelled,,1,,,,0,
5875,City,Cancelled,,1,,,,0,
400,City,Cancelled,2016-11-07 08:29:00,1,8.0,Monday,11.0,0,Morning
2146,Airport,Cancelled,2016-12-07 17:21:00,1,17.0,Wednesday,12.0,0,Evening
2942,City,Cancelled,,1,,,,0,
4418,City,Cancelled,,1,,,,0,
2305,City,Cancelled,2016-12-07 18:56:00,1,18.0,Wednesday,12.0,0,Evening
5637,City,Cancelled,,1,,,,0,
5838,City,Cancelled,,1,,,,0,
457,City,Cancelled,2016-11-07 09:17:00,1,9.0,Monday,11.0,0,Morning
511,City,Cancelled,2016-11-07 09:40:00,1,9.0,Monday,11.0,0,Morning
4146,City,Cancelled,,1,,,,0,
4242,City,Cancelled,,1,,,,0,
4470,City,Cancelled,,1,,,,0,
2530,City,Cancelled,2016-12-07 21:07:00,1,21.0,Wednesday,12.0,0,Late evening
2596,City,Cancelled,2016-12-07 21:53:00,1,21.0,Wednesday,12.0,0,Late evening
5754,City,Cancelled,,1,,,,0,
200,City,Cancelled,2016-11-07 06:10:00,1,6.0,Monday,11.0,0,Morning
1531,City,Cancelled,2016-12-07 05:54:00,1,5.0,Wednesday,12.0,0,Night
5715,City,Cancelled,,1,,,,0,
3130,City,Cancelled,,1,,,,0,
4133,City,Cancelled,,1,,,,0,
4419,City,Cancelled,,1,,,,0,
4547,City,Cancelled,,1,,,,0,
5613,City,Cancelled,,1,,,,0,
572,Airport,Cancelled,2016-11-07 10:48:00,1,10.0,Monday,11.0,0,Morning
1566,City,Cancelled,2016-12-07 06:22:00,1,6.0,Wednesday,12.0,0,Morning
2266,Airport,Cancelled,2016-12-07 18:33:00,1,18.0,Wednesday,12.0,0,Evening
4390,City,Cancelled,,1,,,,0,
4545,City,Cancelled,,1,,,,0,
4572,City,Cancelled,,1,,,,0,
1649,City,Cancelled,2016-12-07 07:24:00,1,7.0,Wednesday,12.0,0,Morning
3008,City,Cancelled,,1,,,,0,
4480,City,Cancelled,,1,,,,0,
5713,City,Cancelled,,1,,,,0,
5866,City,Cancelled,,1,,,,0,
5945,Airport,Cancelled,,1,,,,0,
126,City,Cancelled,2016-11-07 05:05:00,1,5.0,Monday,11.0,0,Night
436,City,Cancelled,2016-11-07 08:55:00,1,8.0,Monday,11.0,0,Morning
1620,City,Cancelled,2016-12-07 06:55:00,1,6.0,Wednesday,12.0,0,Morning
2206,City,Cancelled,2016-12-07 17:55:00,1,17.0,Wednesday,12.0,0,Evening
3221,City,Cancelled,,1,,,,0,
5583,City,Cancelled,,1,,,,0,
2131,City,Cancelled,2016-12-07 17:04:00,1,17.0,Wednesday,12.0,0,Evening
401,City,Cancelled,2016-11-07 08:27:00,1,8.0,Monday,11.0,0,Morning
461,City,Cancelled,2016-11-07 09:15:00,1,9.0,Monday,11.0,0,Morning
2946,City,Cancelled,,1,,,,0,
289,City,Cancelled,2016-11-07 07:09:00,1,7.0,Monday,11.0,0,Morning
1303,City,Cancelled,2016-11-07 22:27:00,1,22.0,Monday,11.0,0,Late evening
1817,City,Cancelled,2016-12-07 09:29:00,1,9.0,Wednesday,12.0,0,Morning
2970,City,Cancelled,,1,,,,0,
4519,City,Cancelled,,1,,,,0,
5830,City,Cancelled,,1,,,,0,
5880,City,Cancelled,,1,,,,0,
1520,City,Cancelled,2016-12-07 05:42:00,1,5.0,Wednesday,12.0,0,Night
1789,City,Cancelled,2016-12-07 09:10:00,1,9.0,Wednesday,12.0,0,Morning
2484,Airport,Cancelled,2016-12-07 20:41:00,1,20.0,Wednesday,12.0,0,Evening
4312,City,Cancelled,,1,,,,0,
4363,City,Cancelled,,1,,,,0,
5716,City,Cancelled,,1,,,,0,
5775,City,Cancelled,,1,,,,0,
424,City,Cancelled,2016-11-07 08:47:00,1,8.0,Monday,11.0,0,Morning
377,City,Cancelled,2016-11-07 08:11:00,1,8.0,Monday,11.0,0,Morning
454,City,Cancelled,2016-11-07 09:10:00,1,9.0,Monday,11.0,0,Morning
1603,City,Cancelled,2016-12-07 06:41:00,1,6.0,Wednesday,12.0,0,Morning
5300,Airport,Cancelled,,1,,,,0,
6560,City,Cancelled,,1,,,,0,
2526,Airport,Cancelled,2016-12-07 21:06:00,1,21.0,Wednesday,12.0,0,Late evening
2926,City,Cancelled,,1,,,,0,
141,City,Cancelled,2016-11-07 05:20:00,1,5.0,Monday,11.0,0,Night
491,City,Cancelled,2016-11-07 09:29:00,1,9.0,Monday,11.0,0,Morning
1875,City,Cancelled,2016-12-07 10:02:00,1,10.0,Wednesday,12.0,0,Morning
4906,City,Cancelled,,1,,,,0,
209,City,Cancelled,2016-11-07 06:11:00,1,6.0,Monday,11.0,0,Morning
278,City,Cancelled,2016-11-07 06:55:00,1,6.0,Monday,11.0,0,Morning
1381,City,Cancelled,2016-12-07 01:07:00,1,1.0,Wednesday,12.0,0,Night
5473,City,Cancelled,,1,,,,0,
5479,City,Cancelled,,1,,,,0,
6228,City,Cancelled,,1,,,,0,
2940,City,Cancelled,,1,,,,0,
5780,City,Cancelled,,1,,,,0,
1781,City,Cancelled,2016-12-07 09:01:00,1,9.0,Wednesday,12.0,0,Morning
1787,City,Cancelled,2016-12-07 09:08:00,1,9.0,Wednesday,12.0,0,Morning
2423,Airport,Cancelled,2016-12-07 20:05:00,1,20.0,Wednesday,12.0,0,Evening
4148,City,Cancelled,,1,,,,0,
411,City,Cancelled,2016-11-07 08:37:00,1,8.0,Monday,11.0,0,Morning
3727,Airport,Cancelled,,1,,,,0,
4847,City,Cancelled,,1,,,,0,
216,City,Cancelled,2016-11-07 06:13:00,1,6.0,Monday,11.0,0,Morning
1898,City,Cancelled,2016-12-07 10:27:00,1,10.0,Wednesday,12.0,0,Morning
2077,City,Cancelled,2016-12-07 15:40:00,1,15.0,Wednesday,12.0,0,Afternoon
2486,Airport,Cancelled,2016-12-07 20:50:00,1,20.0,Wednesday,12.0,0,Evening
2809,City,Cancelled,,1,,,,0,
2900,City,Cancelled,,1,,,,0,
3022,City,Cancelled,,1,,,,0,
3211,City,Cancelled,,1,,,,0,
4356,City,Cancelled,,1,,,,0,
6208,City,Cancelled,,1,,,,0,
6571,City,Cancelled,,1,,,,0,
237,City,Cancelled,2016-11-07 06:29:00,1,6.0,Monday,11.0,0,Morning
4328,City,Cancelled,,1,,,,0,
4757,Airport,Cancelled,,1,,,,0,
323,City,Cancelled,2016-11-07 07:36:00,1,7.0,Monday,11.0,0,Morning
421,City,Cancelled,2016-11-07 08:43:00,1,8.0,Monday,11.0,0,Morning
1458,City,Cancelled,2016-12-07 04:52:00,1,4.0,Wednesday,12.0,0,Night
3920,City,Cancelled,,1,,,,0,
4401,City,Cancelled,,1,,,,0,
1034,Airport,Cancelled,2016-11-07 19:27:00,1,19.0,Monday,11.0,0,Evening
1543,City,Cancelled,2016-12-07 06:02:00,1,6.0,Wednesday,12.0,0,Morning
2909,City,Cancelled,,1,,,,0,
3015,City,Cancelled,,1,,,,0,
4165,City,Cancelled,,1,,,,0,
5410,City,Cancelled,,1,,,,0,
328,City,Cancelled,2016-11-07 07:33:00,1,7.0,Monday,11.0,0,Morning
580,City,Cancelled,2016-11-07 10:59:00,1,10.0,Monday,11.0,0,Morning
4357,City,Cancelled,,1,,,,0,
4560,City,Cancelled,,1,,,,0,
5647,City,Cancelled,,1,,,,0,
5704,City,Cancelled,,1,,,,0,
2855,City,Cancelled,,1,,,,0,
5565,City,Cancelled,,1,,,,0,
235,City,Cancelled,2016-11-07 06:22:00,1,6.0,Monday,11.0,0,Morning
2109,Airport,Cancelled,2016-12-07 16:20:00,1,16.0,Wednesday,12.0,0,Afternoon
4230,City,Cancelled,,1,,,,0,
111,City,Cancelled,2016-11-07 05:06:00,1,5.0,Monday,11.0,0,Night
168,City,Cancelled,2016-11-07 05:37:00,1,5.0,Monday,11.0,0,Night
187,City,Cancelled,2016-11-07 05:57:00,1,5.0,Monday,11.0,0,Night
1492,City,Cancelled,2016-12-07 05:30:00,1,5.0,Wednesday,12.0,0,Night
2992,City,Cancelled,,1,,,,0,
3433,Airport,Cancelled,,1,,,,0,
5536,City,Cancelled,,1,,,,0,
474,City,Cancelled,2016-11-07 09:24:00,1,9.0,Monday,11.0,0,Morning
1722,City,Cancelled,2016-12-07 08:17:00,1,8.0,Wednesday,12.0,0,Morning
2978,City,Cancelled,,1,,,,0,
2983,City,Cancelled,,1,,,,0,
3866,Airport,Cancelled,,1,,,,0,
4491,City,Cancelled,,1,,,,0,
4603,Airport,Cancelled,,1,,,,0,
1325,City,Cancelled,2016-11-07 23:06:00,1,23.0,Monday,11.0,0,Late evening
3450,Airport,Cancelled,,1,,,,0,
4329,City,Cancelled,,1,,,,0,
1723,City,Cancelled,2016-12-07 08:18:00,1,8.0,Wednesday,12.0,0,Morning
3261,Airport,Cancelled,,1,,,,0,
3309,City,Cancelled,,1,,,,0,
3666,City,Cancelled,,1,,,,0,
6129,Airport,Cancelled,,1,,,,0,
1513,City,Cancelled,2016-12-07 05:44:00,1,5.0,Wednesday,12.0,0,Night
2011,City,Cancelled,2016-12-07 13:30:00,1,13.0,Wednesday,12.0,0,Afternoon
2931,City,Cancelled,,1,,,,0,
6397,City,Cancelled,,1,,,,0,
176,City,Cancelled,2016-11-07 05:42:00,1,5.0,Monday,11.0,0,Night
3180,City,Cancelled,,1,,,,0,
3238,City,Cancelled,,1,,,,0,
4360,City,Cancelled,,1,,,,0,
6717,City,Cancelled,,1,,,,0,
386,City,Cancelled,2016-11-07 08:29:00,1,8.0,Monday,11.0,0,Morning
528,City,Cancelled,2016-11-07 09:50:00,1,9.0,Monday,11.0,0,Morning
2556,Airport,Cancelled,2016-12-07 21:24:00,1,21.0,Wednesday,12.0,0,Late evening
3286,City,Cancelled,,1,,,,0,
5805,City,Cancelled,,1,,,,0,
5911,City,Cancelled,,1,,,,0,
245,City,Cancelled,2016-11-07 06:33:00,1,6.0,Monday,11.0,0,Morning
1532,City,Cancelled,2016-12-07 05:54:00,1,5.0,Wednesday,12.0,0,Night
3161,City,Cancelled,,1,,,,0,
3523,Airport,Cancelled,,1,,,,0,
4278,City,Cancelled,,1,,,,0,
5835,City,Cancelled,,1,,,,0,
99,City,Cancelled,2016-11-07 05:00:00,1,5.0,Monday,11.0,0,Night
162,City,Cancelled,2016-11-07 05:34:00,1,5.0,Monday,11.0,0,Night
307,City,Cancelled,2016-11-07 07:20:00,1,7.0,Monday,11.0,0,Morning
1767,City,Cancelled,2016-12-07 08:46:00,1,8.0,Wednesday,12.0,0,Morning
5502,City,Cancelled,,1,,,,0,
5644,City,Cancelled,,1,,,,0,
5736,City,Cancelled,,1,,,,0,
3808,Airport,Cancelled,,1,,,,0,
5831,City,Cancelled,,1,,,,0,
5980,City,Cancelled,,1,,,,0,
353,City,Cancelled,2016-11-07 07:55:00,1,7.0,Monday,11.0,0,Morning
397,City,Cancelled,2016-11-07 08:23:00,1,8.0,Monday,11.0,0,Morning
1843,City,Cancelled,2016-12-07 09:39:00,1,9.0,Wednesday,12.0,0,Morning
2019,City,Cancelled,2016-12-07 13:46:00,1,13.0,Wednesday,12.0,0,Afternoon
1732,City,Cancelled,2016-12-07 08:19:00,1,8.0,Wednesday,12.0,0,Morning
1984,City,Cancelled,2016-12-07 12:30:00,1,12.0,Wednesday,12.0,0,Afternoon
5886,City,Cancelled,,1,,,,0,
6098,Airport,Cancelled,,1,,,,0,
2048,Airport,Cancelled,2016-12-07 14:40:00,1,14.0,Wednesday,12.0,0,Afternoon
2844,Airport,Cancelled,,1,,,,0,
1426,City,Cancelled,2016-12-07 04:24:00,1,4.0,Wednesday,12.0,0,Night
2969,City,Cancelled,,1,,,,0,
5584,City,Cancelled,,1,,,,0,
1704,City,Cancelled,2016-12-07 07:59:00,1,7.0,Wednesday,12.0,0,Morning
3399,City,Cancelled,,1,,,,0,
4298,City,Cancelled,,1,,,,0,
4019,City,Cancelled,,1,,,,0,
3197,City,Cancelled,,1,,,,0,
4166,City,Cancelled,,1,,,,0,
4238,City,Cancelled,,1,,,,0,
5894,City,Cancelled,,1,,,,0,
6647,City,Cancelled,,1,,,,0,
210,City,Cancelled,2016-11-07 06:12:00,1,6.0,Monday,11.0,0,Morning
403,City,Cancelled,2016-11-07 08:35:00,1,8.0,Monday,11.0,0,Morning
568,Airport,Cancelled,2016-11-07 10:23:00,1,10.0,Monday,11.0,0,Morning
856,City,Cancelled,2016-11-07 17:47:00,1,17.0,Monday,11.0,0,Evening
1757,City,Cancelled,2016-12-07 08:38:00,1,8.0,Wednesday,12.0,0,Morning
2842,City,Cancelled,,1,,,,0,
3147,City,Cancelled,,1,,,,0,
4497,City,Cancelled,,1,,,,0,
4770,City,Cancelled,,1,,,,0,
5493,City,Cancelled,,1,,,,0,
5540,City,Cancelled,,1,,,,0,
2003,Airport,Cancelled,2016-12-07 13:19:00,1,13.0,Wednesday,12.0,0,Afternoon
4179,City,Cancelled,,1,,,,0,
4561,City,Cancelled,,1,,,,0,
5806,Airport,Cancelled,,1,,,,0,
1881,City,Cancelled,2016-12-07 10:04:00,1,10.0,Wednesday,12.0,0,Morning
3235,City,Cancelled,,1,,,,0,
5604,City,Cancelled,,1,,,,0,
1557,City,Cancelled,2016-12-07 06:17:00,1,6.0,Wednesday,12.0,0,Morning
1661,City,Cancelled,2016-12-07 07:30:00,1,7.0,Wednesday,12.0,0,Morning
2022,City,Cancelled,2016-12-07 13:45:00,1,13.0,Wednesday,12.0,0,Afternoon
3188,City,Cancelled,,1,,,,0,
5655,City,Cancelled,,1,,,,0,
5903,City,Cancelled,,1,,,,0,
6209,Airport,Cancelled,,1,,,,0,
536,City,Cancelled,2016-11-07 09:59:00,1,9.0,Monday,11.0,0,Morning
1134,Airport,Cancelled,2016-11-07 20:33:00,1,20.0,Monday,11.0,0,Evening
1604,City,Cancelled,2016-12-07 06:37:00,1,6.0,Wednesday,12.0,0,Morning
1653,City,Cancelled,2016-12-07 07:27:00,1,7.0,Wednesday,12.0,0,Morning
1695,City,Cancelled,2016-12-07 07:57:00,1,7.0,Wednesday,12.0,0,Morning
2750,City,Cancelled,,1,,,,0,
2884,City,Cancelled,,1,,,,0,
3191,City,Cancelled,,1,,,,0,
3193,City,Cancelled,,1,,,,0,
3524,City,Cancelled,,1,,,,0,
4294,City,Cancelled,,1,,,,0,
4484,City,Cancelled,,1,,,,0,
324,City,Cancelled,2016-11-07 07:40:00,1,7.0,Monday,11.0,0,Morning
3351,Airport,Cancelled,,1,,,,0,
4195,City,Cancelled,,1,,,,0,
5685,City,Cancelled,,1,,,,0,
2889,City,Cancelled,,1,,,,0,
4301,City,Cancelled,,1,,,,0,
1294,City,Cancelled,2016-11-07 22:26:00,1,22.0,Monday,11.0,0,Late evening
5935,City,Cancelled,,1,,,,0,
428,City,Cancelled,2016-11-07 08:48:00,1,8.0,Monday,11.0,0,Morning
450,City,Cancelled,2016-11-07 09:11:00,1,9.0,Monday,11.0,0,Morning
4510,City,Cancelled,,1,,,,0,
432,City,Cancelled,2016-11-07 08:52:00,1,8.0,Monday,11.0,0,Morning
2491,Airport,Cancelled,2016-12-07 20:55:00,1,20.0,Wednesday,12.0,0,Evening
5569,City,Cancelled,,1,,,,0,
5671,City,Cancelled,,1,,,,0,
6374,City,Cancelled,,1,,,,0,
4464,City,Cancelled,,1,,,,0,
5609,City,Cancelled,,1,,,,0,
5848,City,Cancelled,,1,,,,0,
543,City,Cancelled,2016-11-07 10:03:00,1,10.0,Monday,11.0,0,Morning
2828,City,Cancelled,,1,,,,0,
2993,City,Cancelled,,1,,,,0,
3018,Airport,Cancelled,,1,,,,0,
4155,City,Cancelled,,1,,,,0,
2552,City,Cancelled,2016-12-07 21:23:00,1,21.0,Wednesday,12.0,0,Late evening
3430,Airport,Cancelled,,1,,,,0,
4167,City,Cancelled,,1,,,,0,
5508,City,Cancelled,,1,,,,0,
5729,City,Cancelled,,1,,,,0,
202,City,Cancelled,2016-11-07 06:09:00,1,6.0,Monday,11.0,0,Morning
341,City,Cancelled,2016-11-07 07:46:00,1,7.0,Monday,11.0,0,Morning
3049,City,Cancelled,,1,,,,0,
6323,Airport,Cancelled,,1,,,,0,
6462,City,Cancelled,,1,,,,0,
3242,City,Cancelled,,1,,,,0,
4499,City,Cancelled,,1,,,,0,
3182,City,Cancelled,,1,,,,0,
4173,City,Cancelled,,1,,,,0,
4189,City,Cancelled,,1,,,,0,
6390,Airport,Cancelled,,1,,,,0,
1231,City,Cancelled,2016-11-07 21:34:00,1,21.0,Monday,11.0,0,Late evening
1589,City,Cancelled,2016-12-07 06:35:00,1,6.0,Wednesday,12.0,0,Morning
1815,City,Cancelled,2016-12-07 09:20:00,1,9.0,Wednesday,12.0,0,Morning
5678,City,Cancelled,,1,,,,0,
239,City,Cancelled,2016-11-07 06:25:00,1,6.0,Monday,11.0,0,Morning
551,City,Cancelled,2016-11-07 10:10:00,1,10.0,Monday,11.0,0,Morning
2097,Airport,Cancelled,2016-12-07 16:03:00,1,16.0,Wednesday,12.0,0,Afternoon
2613,Airport,Cancelled,2016-12-07 22:06:00,1,22.0,Wednesday,12.0,0,Late evening
5497,City,Cancelled,,1,,,,0,
5668,City,Cancelled,,1,,,,0,
482,City,Cancelled,2016-11-07 09:25:00,1,9.0,Monday,11.0,0,Morning
544,City,Cancelled,2016-11-07 10:07:00,1,10.0,Monday,11.0,0,Morning
1227,Airport,Cancelled,2016-11-07 21:32:00,1,21.0,Monday,11.0,0,Late evening
1489,City,Cancelled,2016-12-07 05:21:00,1,5.0,Wednesday,12.0,0,Night
2588,Airport,Cancelled,2016-12-07 21:45:00,1,21.0,Wednesday,12.0,0,Late evening
3152,City,Cancelled,,1,,,,0,
5853,City,Cancelled,,1,,,,0,
2933,City,Cancelled,,1,,,,0,
5543,City,Cancelled,,1,,,,0,
1356,City,Cancelled,2016-11-07 23:42:00,1,23.0,Monday,11.0,0,Late evening
1403,City,Cancelled,2016-12-07 02:39:00,1,2.0,Wednesday,12.0,0,Night
2459,Airport,Cancelled,2016-12-07 20:30:00,1,20.0,Wednesday,12.0,0,Evening
3023,City,Cancelled,,1,,,,0,
4444,City,Cancelled,,1,,,,0,
1733,City,Cancelled,2016-12-07 08:23:00,1,8.0,Wednesday,12.0,0,Morning
1937,Airport,Cancelled,2016-12-07 11:26:00,1,11.0,Wednesday,12.0,0,Morning
5614,City,Cancelled,,1,,,,0,
5718,City,Cancelled,,1,,,,0,
334,City,Cancelled,2016-11-07 07:40:00,1,7.0,Monday,11.0,0,Morning
1107,City,Cancelled,2016-11-07 20:14:00,1,20.0,Monday,11.0,0,Evening
3033,City,Cancelled,,1,,,,0,
3099,City,Cancelled,,1,,,,0,
4302,City,Cancelled,,1,,,,0,
4829,City,Cancelled,,1,,,,0,
5854,Airport,Cancelled,,1,,,,0,
427,City,Cancelled,2016-11-07 08:48:00,1,8.0,Monday,11.0,0,Morning
852,Airport,Cancelled,2016-11-07 17:48:00,1,17.0,Monday,11.0,0,Evening
1931,City,Cancelled,2016-12-07 11:13:00,1,11.0,Wednesday,12.0,0,Morning
3292,Airport,Cancelled,,1,,,,0,
5154,Airport,Cancelled,,1,,,,0,
5627,City,Cancelled,,1,,,,0,
5751,City,Cancelled,,1,,,,0,
308,City,Cancelled,2016-11-07 07:22:00,1,7.0,Monday,11.0,0,Morning
2890,City,Cancelled,,1,,,,0,
4245,City,Cancelled,,1,,,,0,
4423,City,Cancelled,,1,,,,0,
212,City,Cancelled,2016-11-07 06:09:00,1,6.0,Monday,11.0,0,Morning
3034,City,Cancelled,,1,,,,0,
6669,City,Cancelled,,1,,,,0,
252,City,Cancelled,2016-11-07 06:36:00,1,6.0,Monday,11.0,0,Morning
391,City,Cancelled,2016-11-07 08:24:00,1,8.0,Monday,11.0,0,Morning
412,City,Cancelled,2016-11-07 08:37:00,1,8.0,Monday,11.0,0,Morning
5709,City,Cancelled,,1,,,,0,
6300,Airport,Cancelled,,1,,,,0,
381,City,Cancelled,2016-11-07 08:16:00,1,8.0,Monday,11.0,0,Morning
3030,City,Cancelled,,1,,,,0,
3671,Airport,Cancelled,,1,,,,0,
4186,City,Cancelled,,1,,,,0,
4281,City,Cancelled,,1,,,,0,
1864,City,Cancelled,2016-12-07 09:54:00,1,9.0,Wednesday,12.0,0,Morning
2073,City,Cancelled,2016-12-07 15:27:00,1,15.0,Wednesday,12.0,0,Afternoon
3113,City,Cancelled,,1,,,,0,
4885,City,Cancelled,,1,,,,0,
326,City,Cancelled,2016-11-07 07:33:00,1,7.0,Monday,11.0,0,Morning
1401,City,Cancelled,2016-12-07 02:42:00,1,2.0,Wednesday,12.0,0,Night
2792,City,Cancelled,,1,,,,0,
149,City,Cancelled,2016-11-07 05:29:00,1,5.0,Monday,11.0,0,Night
368,City,Cancelled,2016-11-07 08:06:00,1,8.0,Monday,11.0,0,Morning
1927,City,Cancelled,2016-12-07 11:08:00,1,11.0,Wednesday,12.0,0,Morning
2068,Airport,Cancelled,2016-12-07 15:13:00,1,15.0,Wednesday,12.0,0,Afternoon
2396,Airport,Cancelled,2016-12-07 19:52:00,1,19.0,Wednesday,12.0,0,Evening
4890,City,Cancelled,,1,,,,0,
2117,City,Cancelled,2016-12-07 16:33:00,1,16.0,Wednesday,12.0,0,Afternoon
2780,City,Cancelled,,1,,,,0,
4863,Airport,Cancelled,,1,,,,0,
5782,City,Cancelled,,1,,,,0,
188,City,Cancelled,2016-11-07 05:54:00,1,5.0,Monday,11.0,0,Night
1699,City,Cancelled,2016-12-07 08:02:00,1,8.0,Wednesday,12.0,0,Morning
3043,City,Cancelled,,1,,,,0,
3818,Airport,Cancelled,,1,,,,0,
4187,City,Cancelled,,1,,,,0,
4381,City,Cancelled,,1,,,,0,
4530,City,Cancelled,,1,,,,0,
4774,Airport,Cancelled,,1,,,,0,
5423,City,Cancelled,,1,,,,0,
4011,City,Cancelled,,1,,,,0,
4556,City,Cancelled,,1,,,,0,
354,City,Cancelled,2016-11-07 07:59:00,1,7.0,Monday,11.0,0,Morning
1618,City,Cancelled,2016-12-07 06:52:00,1,6.0,Wednesday,12.0,0,Morning
3019,City,Cancelled,,1,,,,0,
5469,City,Cancelled,,1,,,,0,
5731,City,Cancelled,,1,,,,0,
5839,City,Cancelled,,1,,,,0,
1660,City,Cancelled,2016-12-07 07:26:00,1,7.0,Wednesday,12.0,0,Morning
3146,City,Cancelled,,1,,,,0,
174,Airport,Cancelled,2016-11-07 05:44:00,1,5.0,Monday,11.0,0,Night
321,City,Cancelled,2016-11-07 07:30:00,1,7.0,Monday,11.0,0,Morning
2973,City,Cancelled,,1,,,,0,
5691,City,Cancelled,,1,,,,0,
5748,City,Cancelled,,1,,,,0,
404,City,Cancelled,2016-11-07 08:39:00,1,8.0,Monday,11.0,0,Morning
2474,Airport,Cancelled,2016-12-07 20:35:00,1,20.0,Wednesday,12.0,0,Evening
4374,City,Cancelled,,1,,,,0,
4461,City,Cancelled,,1,,,,0,
4731,City,Cancelled,,1,,,,0,
5798,City,Cancelled,,1,,,,0,
3849,City,Cancelled,,1,,,,0,
5763,City,Cancelled,,1,,,,0,
5815,City,Cancelled,,1,,,,0,
5826,City,Cancelled,,1,,,,0,
3782,City,Cancelled,,1,,,,0,
4630,City,Cancelled,,1,,,,0,
437,City,Cancelled,2016-11-07 08:59:00,1,8.0,Monday,11.0,0,Morning
122,City,Cancelled,2016-11-07 05:14:00,1,5.0,Monday,11.0,0,Night
4487,City,Cancelled,,1,,,,0,
5551,City,Cancelled,,1,,,,0,
2927,City,Cancelled,,1,,,,0,
3176,City,Cancelled,,1,,,,0,
3253,City,Cancelled,,1,,,,0,
6759,City,Cancelled,,1,,,,0,
848,Airport,Cancelled,2016-11-07 17:44:00,1,17.0,Monday,11.0,0,Evening
1674,City,Cancelled,2016-12-07 07:47:00,1,7.0,Wednesday,12.0,0,Morning
3159,City,Cancelled,,1,,,,0,
3208,City,Cancelled,,1,,,,0,
2803,City,Cancelled,,1,,,,0,
3232,Airport,Cancelled,,1,,,,0,
4271,City,Cancelled,,1,,,,0,
5591,City,Cancelled,,1,,,,0,
549,City,Cancelled,2016-11-07 10:04:00,1,10.0,Monday,11.0,0,Morning
1776,Airport,Cancelled,2016-12-07 09:02:00,1,9.0,Wednesday,12.0,0,Morning
2910,City,Cancelled,,1,,,,0,
492,City,Cancelled,2016-11-07 09:32:00,1,9.0,Monday,11.0,0,Morning
963,Airport,Cancelled,2016-11-07 18:44:00,1,18.0,Monday,11.0,0,Evening
1505,City,Cancelled,2016-12-07 05:39:00,1,5.0,Wednesday,12.0,0,Night
2923,City,Cancelled,,1,,,,0,
4396,City,Cancelled,,1,,,,0,
5639,City,Cancelled,,1,,,,0,
6348,Airport,Cancelled,,1,,,,0,
253,City,Cancelled,2016-11-07 06:43:00,1,6.0,Monday,11.0,0,Morning
379,City,Cancelled,2016-11-07 08:18:00,1,8.0,Monday,11.0,0,Morning
463,City,Cancelled,2016-11-07 09:12:00,1,9.0,Monday,11.0,0,Morning
1848,City,Cancelled,2016-12-07 09:41:00,1,9.0,Wednesday,12.0,0,Morning
2897,City,Cancelled,,1,,,,0,
6398,Airport,Cancelled,,1,,,,0,
229,City,Cancelled,2016-11-07 06:23:00,1,6.0,Monday,11.0,0,Morning
1683,City,Cancelled,2016-12-07 07:57:00,1,7.0,Wednesday,12.0,0,Morning
1728,City,Cancelled,2016-12-07 08:20:00,1,8.0,Wednesday,12.0,0,Morning
1777,City,Cancelled,2016-12-07 08:58:00,1,8.0,Wednesday,12.0,0,Morning
1868,City,Cancelled,2016-12-07 09:59:00,1,9.0,Wednesday,12.0,0,Morning
2801,City,Cancelled,,1,,,,0,
2920,City,Cancelled,,1,,,,0,
5849,City,Cancelled,,1,,,,0,
1738,City,Cancelled,2016-12-07 08:26:00,1,8.0,Wednesday,12.0,0,Morning
3107,City,Cancelled,,1,,,,0,
3359,Airport,Cancelled,,1,,,,0,
4021,City,Cancelled,,1,,,,0,
4163,Airport,Cancelled,,1,,,,0,
4314,City,Cancelled,,1,,,,0,
5116,City,Cancelled,,1,,,,0,
1114,Airport,Cancelled,2016-11-07 20:19:00,1,20.0,Monday,11.0,0,Evening
5221,Airport,Cancelled,,1,,,,0,
5643,City,Cancelled,,1,,,,0,
1742,City,Cancelled,2016-12-07 08:30:00,1,8.0,Wednesday,12.0,0,Morning
1979,Airport,Cancelled,2016-12-07 12:25:00,1,12.0,Wednesday,12.0,0,Afternoon
2860,City,Cancelled,,1,,,,0,
3206,City,Cancelled,,1,,,,0,
5475,City,Cancelled,,1,,,,0,
5710,City,Cancelled,,1,,,,0,
1555,Airport,Cancelled,2016-12-07 06:10:00,1,6.0,Wednesday,12.0,0,Morning
2672,City,Cancelled,2016-12-07 23:41:00,1,23.0,Wednesday,12.0,0,Late evening
3697,Airport,Cancelled,,1,,,,0,
4928,Airport,Cancelled,,1,,,,0,
5663,City,Cancelled,,1,,,,0,
164,City,Cancelled,2016-11-07 05:40:00,1,5.0,Monday,11.0,0,Night
2985,City,Cancelled,,1,,,,0,
3248,City,Cancelled,,1,,,,0,
3794,City,Cancelled,,1,,,,0,
4834,Airport,Cancelled,,1,,,,0,
5517,City,Cancelled,,1,,,,0,
466,City,Cancelled,2016-11-07 09:14:00,1,9.0,Monday,11.0,0,Morning
1678,City,Cancelled,2016-12-07 07:39:00,1,7.0,Wednesday,12.0,0,Morning
1801,City,Cancelled,2016-12-07 09:18:00,1,9.0,Wednesday,12.0,0,Morning
1819,City,Cancelled,2016-12-07 09:25:00,1,9.0,Wednesday,12.0,0,Morning
3020,City,Cancelled,,1,,,,0,
3169,Airport,Cancelled,,1,,,,0,
3495,Airport,Cancelled,,1,,,,0,
4365,City,Cancelled,,1,,,,0,
4562,City,Cancelled,,1,,,,0,
1697,City,Cancelled,2016-12-07 07:59:00,1,7.0,Wednesday,12.0,0,Morning
1853,City,Cancelled,2016-12-07 09:51:00,1,9.0,Wednesday,12.0,0,Morning
2848,City,Cancelled,,1,,,,0,
4327,City,Cancelled,,1,,,,0,
4345,City,Cancelled,,1,,,,0,
4802,City,Cancelled,,1,,,,0,
1955,Airport,Cancelled,2016-12-07 11:47:00,1,11.0,Wednesday,12.0,0,Morning
3840,Airport,Cancelled,,1,,,,0,
4183,City,Cancelled,,1,,,,0,
4465,City,Cancelled,,1,,,,0,
1795,City,Cancelled,2016-12-07 09:03:00,1,9.0,Wednesday,12.0,0,Morning
2049,Airport,Cancelled,2016-12-07 14:45:00,1,14.0,Wednesday,12.0,0,Afternoon
2811,City,Cancelled,,1,,,,0,
3171,Airport,Cancelled,,1,,,,0,
4557,City,Cancelled,,1,,,,0,
5538,City,Cancelled,,1,,,,0,
556,City,Cancelled,2016-11-07 10:11:00,1,10.0,Monday,11.0,0,Morning
1854,City,Cancelled,2016-12-07 09:47:00,1,9.0,Wednesday,12.0,0,Morning
1897,City,Cancelled,2016-12-07 10:23:00,1,10.0,Wednesday,12.0,0,Morning
2537,City,Cancelled,2016-12-07 21:13:00,1,21.0,Wednesday,12.0,0,Late evening
3053,City,Cancelled,,1,,,,0,
3050,City,Cancelled,,1,,,,0,
3110,City,Cancelled,,1,,,,0,
5524,City,Cancelled,,1,,,,0,
5714,City,Cancelled,,1,,,,0,
5783,City,Cancelled,,1,,,,0,
1982,City,Cancelled,2016-12-07 12:20:00,1,12.0,Wednesday,12.0,0,Afternoon
5251,Airport,Cancelled,,1,,,,0,
85,City,Cancelled,2016-11-07 04:47:00,1,4.0,Monday,11.0,0,Night
459,City,Cancelled,2016-11-07 09:17:00,1,9.0,Monday,11.0,0,Morning
1507,City,Cancelled,2016-12-07 05:44:00,1,5.0,Wednesday,12.0,0,Night
4231,City,Cancelled,,1,,,,0,
4427,City,Cancelled,,1,,,,0,
5640,City,Cancelled,,1,,,,0,
317,City,Cancelled,2016-11-07 07:29:00,1,7.0,Monday,11.0,0,Morning
5581,City,Cancelled,,1,,,,0,
6288,City,Cancelled,,1,,,,0,
1267,City,Cancelled,2016-11-07 22:01:00,1,22.0,Monday,11.0,0,Late evening
2026,Airport,Cancelled,2016-12-07 14:00:00,1,14.0,Wednesday,12.0,0,Afternoon
2150,City,Cancelled,2016-12-07 17:16:00,1,17.0,Wednesday,12.0,0,Evening
2389,City,Cancelled,2016-12-07 19:52:00,1,19.0,Wednesday,12.0,0,Evening
954,Airport,Cancelled,2016-11-07 18:35:00,1,18.0,Monday,11.0,0,Evening
2795,City,Cancelled,,1,,,,0,
4184,City,Cancelled,,1,,,,0,
4563,City,Cancelled,,1,,,,0,
774,Airport,Cancelled,2016-11-07 16:28:00,1,16.0,Monday,11.0,0,Afternoon
2777,City,Cancelled,,1,,,,0,
2891,City,Cancelled,,1,,,,0,
6377,City,Cancelled,,1,,,,0,
1561,City,Cancelled,2016-12-07 06:14:00,1,6.0,Wednesday,12.0,0,Morning
1888,City,Cancelled,2016-12-07 10:12:00,1,10.0,Wednesday,12.0,0,Morning
4192,City,Cancelled,,1,,,,0,
4455,City,Cancelled,,1,,,,0,
4527,City,Cancelled,,1,,,,0,
4575,City,Cancelled,,1,,,,0,
1116,Airport,Cancelled,2016-11-07 20:25:00,1,20.0,Monday,11.0,0,Evening
3061,City,Cancelled,,1,,,,0,
4431,City,Cancelled,,1,,,,0,
227,Airport,Cancelled,2016-11-07 06:20:00,1,6.0,Monday,11.0,0,Morning
1434,City,Cancelled,2016-12-07 04:43:00,1,4.0,Wednesday,12.0,0,Night
3040,City,Cancelled,,1,,,,0,
4366,City,Cancelled,,1,,,,0,
4594,City,Cancelled,,1,,,,0,
358,City,Cancelled,2016-11-07 08:00:00,1,8.0,Monday,11.0,0,Morning
865,Airport,Cancelled,2016-11-07 17:58:00,1,17.0,Monday,11.0,0,Evening
4822,Airport,Cancelled,,1,,,,0,
5290,Airport,Cancelled,,1,,,,0,
1202,Airport,Cancelled,2016-11-07 21:20:00,1,21.0,Monday,11.0,0,Late evening
2840,City,Cancelled,,1,,,,0,
5642,City,Cancelled,,1,,,,0,
5788,City,Cancelled,,1,,,,0,
5792,City,Cancelled,,1,,,,0,
1172,Airport,Cancelled,2016-11-07 20:49:00,1,20.0,Monday,11.0,0,Evening
5860,City,Cancelled,,1,,,,0,
1245,Airport,Cancelled,2016-11-07 21:41:00,1,21.0,Monday,11.0,0,Late evening
1544,City,Cancelled,2016-12-07 06:04:00,1,6.0,Wednesday,12.0,0,Morning
4287,City,Cancelled,,1,,,,0,
4308,City,Cancelled,,1,,,,0,
5577,City,Cancelled,,1,,,,0,
5760,City,Cancelled,,1,,,,0,
5855,City,Cancelled,,1,,,,0,
76,City,Cancelled,2016-11-07 04:45:00,1,4.0,Monday,11.0,0,Night
366,City,Cancelled,2016-11-07 08:04:00,1,8.0,Monday,11.0,0,Morning
371,City,Cancelled,2016-11-07 08:07:00,1,8.0,Monday,11.0,0,Morning
3564,Airport,Cancelled,,1,,,,0,
181,City,Cancelled,2016-11-07 05:46:00,1,5.0,Monday,11.0,0,Night
1503,City,Cancelled,2016-12-07 05:39:00,1,5.0,Wednesday,12.0,0,Night
1863,City,Cancelled,2016-12-07 09:55:00,1,9.0,Wednesday,12.0,0,Morning
175,City,Cancelled,2016-11-07 05:45:00,1,5.0,Monday,11.0,0,Night
1749,City,Cancelled,2016-12-07 08:33:00,1,8.0,Wednesday,12.0,0,Morning
2781,City,Cancelled,,1,,,,0,
319,City,Cancelled,2016-11-07 07:33:00,1,7.0,Monday,11.0,0,Morning
439,City,Cancelled,2016-11-07 08:55:00,1,8.0,Monday,11.0,0,Morning
4201,City,Cancelled,,1,,,,0,
736,City,Cancelled,2016-11-07 15:27:00,1,15.0,Monday,11.0,0,Afternoon
929,Airport,Cancelled,2016-11-07 18:24:00,1,18.0,Monday,11.0,0,Evening
1793,City,Cancelled,2016-12-07 09:13:00,1,9.0,Wednesday,12.0,0,Morning
5926,City,Cancelled,,1,,,,0,
345,City,Cancelled,2016-11-07 07:52:00,1,7.0,Monday,11.0,0,Morning
1051,Airport,Cancelled,2016-11-07 19:44:00,1,19.0,Monday,11.0,0,Evening
3213,City,Cancelled,,1,,,,0,
3841,Airport,Cancelled,,1,,,,0,
4168,City,Cancelled,,1,,,,0,
4657,Airport,Cancelled,,1,,,,0,
5272,City,Cancelled,,1,,,,0,
5765,City,Cancelled,,1,,,,0,
261,City,Cancelled,2016-11-07 06:42:00,1,6.0,Monday,11.0,0,Morning
525,City,Cancelled,2016-11-07 09:52:00,1,9.0,Monday,11.0,0,Morning
1500,City,Cancelled,2016-12-07 05:32:00,1,5.0,Wednesday,12.0,0,Night
1640,City,Cancelled,2016-12-07 07:18:00,1,7.0,Wednesday,12.0,0,Morning
2885,City,Cancelled,,1,,,,0,
4386,City,Cancelled,,1,,,,0,
1190,Airport,Cancelled,2016-11-07 21:13:00,1,21.0,Monday,11.0,0,Late evening
1549,City,Cancelled,2016-12-07 06:02:00,1,6.0,Wednesday,12.0,0,Morning
2834,City,Cancelled,,1,,,,0,
2862,City,Cancelled,,1,,,,0,
3054,City,Cancelled,,1,,,,0,
3405,Airport,Cancelled,,1,,,,0,
4153,City,Cancelled,,1,,,,0,
5424,City,Cancelled,,1,,,,0,
6561,Airport,Cancelled,,1,,,,0,
1623,City,Cancelled,2016-12-07 06:58:00,1,6.0,Wednesday,12.0,0,Morning
2061,City,Cancelled,2016-12-07 15:05:00,1,15.0,Wednesday,12.0,0,Afternoon
3183,City,Cancelled,,1,,,,0,
240,City,Cancelled,2016-11-07 06:29:00,1,6.0,Monday,11.0,0,Morning
1011,Airport,Cancelled,2016-11-07 19:08:00,1,19.0,Monday,11.0,0,Evening
1755,City,Cancelled,2016-12-07 08:40:00,1,8.0,Wednesday,12.0,0,Morning
1893,City,Cancelled,2016-12-07 10:17:00,1,10.0,Wednesday,12.0,0,Morning
177,City,Cancelled,2016-11-07 05:48:00,1,5.0,Monday,11.0,0,Night
1162,Airport,Cancelled,2016-11-07 20:43:00,1,20.0,Monday,11.0,0,Evening
1456,City,Cancelled,2016-12-07 04:56:00,1,4.0,Wednesday,12.0,0,Night
1472,City,Cancelled,2016-12-07 05:08:00,1,5.0,Wednesday,12.0,0,Night
3024,City,Cancelled,,1,,,,0,
903,City,Cancelled,2016-11-07 18:14:00,1,18.0,Monday,11.0,0,Evening
1969,Airport,Cancelled,2016-12-07 12:07:00,1,12.0,Wednesday,12.0,0,Afternoon
3457,Airport,Cancelled,,1,,,,0,
4567,City,Cancelled,,1,,,,0,
4696,Airport,Cancelled,,1,,,,0,
4695,City,Cancelled,,1,,,,0,
77,City,Cancelled,2016-11-07 04:46:00,1,4.0,Monday,11.0,0,Night
3118,City,Cancelled,,1,,,,0,
3329,Airport,Cancelled,,1,,,,0,
4403,City,Cancelled,,1,,,,0,
4406,City,Cancelled,,1,,,,0,
1828,City,Cancelled,2016-12-07 09:33:00,1,9.0,Wednesday,12.0,0,Morning
3084,City,Cancelled,,1,,,,0,
3890,Airport,Cancelled,,1,,,,0,
4410,City,Cancelled,,1,,,,0,
127,City,Cancelled,2016-11-07 05:10:00,1,5.0,Monday,11.0,0,Night
3355,Airport,Cancelled,,1,,,,0,
86,City,Cancelled,2016-11-07 04:51:00,1,4.0,Monday,11.0,0,Night
550,City,Cancelled,2016-11-07 10:04:00,1,10.0,Monday,11.0,0,Morning
2275,City,Cancelled,2016-12-07 18:34:00,1,18.0,Wednesday,12.0,0,Evening
4399,City,Cancelled,,1,,,,0,
5598,City,Cancelled,,1,,,,0,
293,City,Cancelled,2016-11-07 07:07:00,1,7.0,Monday,11.0,0,Morning
355,City,Cancelled,2016-11-07 07:54:00,1,7.0,Monday,11.0,0,Morning
683,Airport,Cancelled,2016-11-07 13:40:00,1,13.0,Monday,11.0,0,Afternoon
1490,City,Cancelled,2016-12-07 05:21:00,1,5.0,Wednesday,12.0,0,Night
1796,City,Cancelled,2016-12-07 09:06:00,1,9.0,Wednesday,12.0,0,Morning
4529,City,Cancelled,,1,,,,0,
4536,City,Cancelled,,1,,,,0,
433,City,Cancelled,2016-11-07 08:57:00,1,8.0,Monday,11.0,0,Morning
1607,City,Cancelled,2016-12-07 06:41:00,1,6.0,Wednesday,12.0,0,Morning
3189,City,Cancelled,,1,,,,0,
4128,City,Cancelled,,1,,,,0,
4197,City,Cancelled,,1,,,,0,
4524,City,Cancelled,,1,,,,0,
5871,City,Cancelled,,1,,,,0,
5912,City,Cancelled,,1,,,,0,
2466,Airport,Cancelled,2016-12-07 20:34:00,1,20.0,Wednesday,12.0,0,Evening
2886,City,Cancelled,,1,,,,0,
5225,City,Cancelled,,1,,,,0,
6505,City,Cancelled,,1,,,,0,
2785,City,Cancelled,,1,,,,0,
2806,City,Cancelled,,1,,,,0,
4459,City,Cancelled,,1,,,,0,
5653,City,Cancelled,,1,,,,0,
1650,City,Cancelled,2016-12-07 07:14:00,1,7.0,Wednesday,12.0,0,Morning
3745,Airport,Cancelled,,1,,,,0,
4796,Airport,Cancelled,,1,,,,0,
2119,City,Cancelled,2016-12-07 16:41:00,1,16.0,Wednesday,12.0,0,Afternoon
3013,City,Cancelled,,1,,,,0,
3126,City,Cancelled,,1,,,,0,
4235,City,Cancelled,,1,,,,0,
105,City,Cancelled,2016-11-07 04:58:00,1,4.0,Monday,11.0,0,Night
1747,City,Cancelled,2016-12-07 08:27:00,1,8.0,Wednesday,12.0,0,Morning
4134,City,Cancelled,,1,,,,0,
217,City,Cancelled,2016-11-07 06:12:00,1,6.0,Monday,11.0,0,Morning
4478,City,Cancelled,,1,,,,0,
5248,City,Cancelled,,1,,,,0,
6032,Airport,Cancelled,,1,,,,0,
4206,City,Cancelled,,1,,,,0,
4387,City,Cancelled,,1,,,,0,
113,City,Cancelled,2016-11-07 05:09:00,1,5.0,Monday,11.0,0,Night
1558,City,Cancelled,2016-12-07 06:13:00,1,6.0,Wednesday,12.0,0,Morning
2180,Airport,Cancelled,2016-12-07 17:42:00,1,17.0,Wednesday,12.0,0,Evening
3661,Airport,Cancelled,,1,,,,0,
378,City,Cancelled,2016-11-07 08:08:00,1,8.0,Monday,11.0,0,Morning
790,Airport,Cancelled,2016-11-07 16:56:00,1,16.0,Monday,11.0,0,Afternoon
1700,City,Cancelled,2016-12-07 07:58:00,1,7.0,Wednesday,12.0,0,Morning
3788,Airport,Cancelled,,1,,,,0,
480,City,Cancelled,2016-11-07 09:26:00,1,9.0,Monday,11.0,0,Morning
1632,City,Cancelled,2016-12-07 07:06:00,1,7.0,Wednesday,12.0,0,Morning
3101,City,Cancelled,,1,,,,0,
5706,City,Cancelled,,1,,,,0,
5772,City,Cancelled,,1,,,,0,
129,City,Cancelled,2016-11-07 05:10:00,1,5.0,Monday,11.0,0,Night
3119,City,Cancelled,,1,,,,0,
3228,City,Cancelled,,1,,,,0,
1569,City,Cancelled,2016-12-07 06:21:00,1,6.0,Wednesday,12.0,0,Morning
1820,City,Cancelled,2016-12-07 09:24:00,1,9.0,Wednesday,12.0,0,Morning
1840,City,Cancelled,2016-12-07 09:37:00,1,9.0,Wednesday,12.0,0,Morning
4323,City,Cancelled,,1,,,,0,
4346,City,Cancelled,,1,,,,0,
5785,City,Cancelled,,1,,,,0,
6400,City,Cancelled,,1,,,,0,
224,City,Cancelled,2016-11-07 06:17:00,1,6.0,Monday,11.0,0,Morning
5913,City,Cancelled,,1,,,,0,
1833,City,Cancelled,2016-12-07 09:34:00,1,9.0,Wednesday,12.0,0,Morning
2902,City,Cancelled,,1,,,,0,
4239,City,Cancelled,,1,,,,0,
265,City,Cancelled,2016-11-07 06:47:00,1,6.0,Monday,11.0,0,Morning
833,Airport,Cancelled,2016-11-07 17:37:00,1,17.0,Monday,11.0,0,Evening
3249,City,Cancelled,,1,,,,0,
4226,City,Cancelled,,1,,,,0,
5867,City,Cancelled,,1,,,,0,
684,City,Cancelled,2016-11-07 13:32:00,1,13.0,Monday,11.0,0,Afternoon
718,City,Cancelled,2016-11-07 14:51:00,1,14.0,Monday,11.0,0,Afternoon
4145,City,Cancelled,,1,,,,0,
5489,City,Cancelled,,1,,,,0,
5651,City,Cancelled,,1,,,,0,
290,City,Cancelled,2016-11-07 07:13:00,1,7.0,Monday,11.0,0,Morning
1030,Airport,Cancelled,2016-11-07 19:14:00,1,19.0,Monday,11.0,0,Evening
3062,City,Cancelled,,1,,,,0,
5635,City,Cancelled,,1,,,,0,
5828,City,Cancelled,,1,,,,0,
2823,City,Cancelled,,1,,,,0,
4558,City,Cancelled,,1,,,,0,
5494,City,Cancelled,,1,,,,0,
5501,City,Cancelled,,1,,,,0,
526,City,Cancelled,2016-11-07 09:46:00,1,9.0,Monday,11.0,0,Morning
1887,City,Cancelled,2016-12-07 10:08:00,1,10.0,Wednesday,12.0,0,Morning
2944,City,Cancelled,,1,,,,0,
4413,City,Cancelled,,1,,,,0,
4420,City,Cancelled,,1,,,,0,
5486,City,Cancelled,,1,,,,0,
6010,City,Cancelled,,1,,,,0,
277,City,Cancelled,2016-11-07 06:59:00,1,6.0,Monday,11.0,0,Morning
2148,City,Cancelled,2016-12-07 17:22:00,1,17.0,Wednesday,12.0,0,Evening
2802,City,Cancelled,,1,,,,0,
4445,City,Cancelled,,1,,,,0,
546,City,Cancelled,2016-11-07 10:04:00,1,10.0,Monday,11.0,0,Morning
1115,Airport,Cancelled,2016-11-07 20:23:00,1,20.0,Monday,11.0,0,Evening
3177,City,Cancelled,,1,,,,0,
5587,City,Cancelled,,1,,,,0,
5628,City,Cancelled,,1,,,,0,
6173,City,Cancelled,,1,,,,0,
383,City,Cancelled,2016-11-07 08:21:00,1,8.0,Monday,11.0,0,Morning
749,Airport,Cancelled,2016-11-07 15:48:00,1,15.0,Monday,11.0,0,Afternoon
5733,City,Cancelled,,1,,,,0,
18,City,Cancelled,2016-11-07 01:16:00,1,1.0,Monday,11.0,0,Night
2125,Airport,Cancelled,2016-12-07 16:52:00,1,16.0,Wednesday,12.0,0,Afternoon
5522,City,Cancelled,,1,,,,0,
5895,City,Cancelled,,1,,,,0,
192,City,Cancelled,2016-11-07 05:56:00,1,5.0,Monday,11.0,0,Night
1469,City,Cancelled,2016-12-07 05:05:00,1,5.0,Wednesday,12.0,0,Night
1486,City,Cancelled,2016-12-07 05:20:00,1,5.0,Wednesday,12.0,0,Night
2971,City,Cancelled,,1,,,,0,
4331,City,Cancelled,,1,,,,0,
1739,City,Cancelled,2016-12-07 08:30:00,1,8.0,Wednesday,12.0,0,Morning
5679,City,Cancelled,,1,,,,0,
5750,City,Cancelled,,1,,,,0,
5856,City,Cancelled,,1,,,,0,
6033,Airport,Cancelled,,1,,,,0,
119,City,Cancelled,2016-11-07 05:10:00,1,5.0,Monday,11.0,0,Night
641,City,Cancelled,2016-11-07 12:31:00,1,12.0,Monday,11.0,0,Afternoon
3144,City,Cancelled,,1,,,,0,
3404,Airport,Cancelled,,1,,,,0,
4185,City,Cancelled,,1,,,,0,
5918,City,Cancelled,,1,,,,0,
98,City,Cancelled,2016-11-07 04:58:00,1,4.0,Monday,11.0,0,Night
1541,City,Cancelled,2016-12-07 06:04:00,1,6.0,Wednesday,12.0,0,Morning
2872,City,Cancelled,,1,,,,0,
3498,City,Cancelled,,1,,,,0,
5646,City,Cancelled,,1,,,,0,
5656,City,Cancelled,,1,,,,0,
130,City,Cancelled,2016-11-07 05:12:00,1,5.0,Monday,11.0,0,Night
268,City,Cancelled,2016-11-07 06:52:00,1,6.0,Monday,11.0,0,Morning
644,Airport,Cancelled,2016-11-07 12:29:00,1,12.0,Monday,11.0,0,Afternoon
1572,City,Cancelled,2016-12-07 06:22:00,1,6.0,Wednesday,12.0,0,Morning
1619,City,Cancelled,2016-12-07 06:53:00,1,6.0,Wednesday,12.0,0,Morning
1668,City,Cancelled,2016-12-07 07:35:00,1,7.0,Wednesday,12.0,0,Morning
1707,City,Cancelled,2016-12-07 08:10:00,1,8.0,Wednesday,12.0,0,Morning
2113,Airport,Cancelled,2016-12-07 16:29:00,1,16.0,Wednesday,12.0,0,Afternoon
4581,City,Cancelled,,1,,,,0,
5626,City,Cancelled,,1,,,,0,
4255,City,Cancelled,,1,,,,0,
5794,City,Cancelled,,1,,,,0,
6103,Airport,Cancelled,,1,,,,0,
302,City,Cancelled,2016-11-07 07:17:00,1,7.0,Monday,11.0,0,Morning
1137,City,Cancelled,2016-11-07 20:32:00,1,20.0,Monday,11.0,0,Evening
4304,City,Cancelled,,1,,,,0,
1702,City,Cancelled,2016-12-07 08:02:00,1,8.0,Wednesday,12.0,0,Morning
1762,City,Cancelled,2016-12-07 08:50:00,1,8.0,Wednesday,12.0,0,Morning
2373,Airport,Cancelled,2016-12-07 19:36:00,1,19.0,Wednesday,12.0,0,Evening
3005,City,Cancelled,,1,,,,0,
3131,City,Cancelled,,1,,,,0,
3883,Airport,Cancelled,,1,,,,0,
6131,Airport,Cancelled,,1,,,,0,
6302,Airport,Cancelled,,1,,,,0,
6538,Airport,Cancelled,,1,,,,0,
244,City,Cancelled,2016-11-07 06:31:00,1,6.0,Monday,11.0,0,Morning
1216,Airport,Cancelled,2016-11-07 21:32:00,1,21.0,Monday,11.0,0,Late evening
4154,City,Cancelled,,1,,,,0,
393,City,Cancelled,2016-11-07 08:27:00,1,8.0,Monday,11.0,0,Morning
419,City,Cancelled,2016-11-07 08:42:00,1,8.0,Monday,11.0,0,Morning
4311,City,Cancelled,,1,,,,0,
4404,City,Cancelled,,1,,,,0,
5675,City,Cancelled,,1,,,,0,
193,City,Cancelled,2016-11-07 05:58:00,1,5.0,Monday,11.0,0,Night
1825,City,Cancelled,2016-12-07 09:35:00,1,9.0,Wednesday,12.0,0,Morning
3111,City,Cancelled,,1,,,,0,
4160,City,Cancelled,,1,,,,0,
2846,City,Cancelled,,1,,,,0,
3163,City,Cancelled,,1,,,,0,
3446,City,Cancelled,,1,,,,0,
4543,City,Cancelled,,1,,,,0,
4800,Airport,Cancelled,,1,,,,0,
107,City,Cancelled,2016-11-07 05:02:00,1,5.0,Monday,11.0,0,Night
1594,City,Cancelled,2016-12-07 06:41:00,1,6.0,Wednesday,12.0,0,Morning
1791,City,Cancelled,2016-12-07 09:08:00,1,9.0,Wednesday,12.0,0,Morning
6050,City,Cancelled,,1,,,,0,
409,City,Cancelled,2016-11-07 08:34:00,1,8.0,Monday,11.0,0,Morning
3137,City,Cancelled,,1,,,,0,
4532,City,Cancelled,,1,,,,0,
5914,City,Cancelled,,1,,,,0,
5618,City,Cancelled,,1,,,,0,
5688,City,Cancelled,,1,,,,0,
6419,City,Cancelled,,1,,,,0,
711,City,Cancelled,2016-11-07 14:22:00,1,14.0,Monday,11.0,0,Afternoon
4415,City,Cancelled,,1,,,,0,
4544,City,Cancelled,,1,,,,0,
3173,City,Cancelled,,1,,,,0,
6262,Airport,Cancelled,,1,,,,0,
262,City,Cancelled,2016-11-07 06:41:00,1,6.0,Monday,11.0,0,Morning
529,City,Cancelled,2016-11-07 09:54:00,1,9.0,Monday,11.0,0,Morning
1537,City,Cancelled,2016-12-07 05:55:00,1,5.0,Wednesday,12.0,0,Night
1788,City,Cancelled,2016-12-07 09:08:00,1,9.0,Wednesday,12.0,0,Morning
5816,City,Cancelled,,1,,,,0,
3260,City,Cancelled,,1,,,,0,
4008,City,Cancelled,,1,,,,0,
4574,City,Cancelled,,1,,,,0,
1730,City,Cancelled,2016-12-07 08:25:00,1,8.0,Wednesday,12.0,0,Morning
2448,Airport,Cancelled,2016-12-07 20:26:00,1,20.0,Wednesday,12.0,0,Evening
4570,City,Cancelled,,1,,,,0,
5529,City,Cancelled,,1,,,,0,
1506,City,Cancelled,2016-12-07 05:37:00,1,5.0,Wednesday,12.0,0,Night
2651,City,Cancelled,2016-12-07 22:56:00,1,22.0,Wednesday,12.0,0,Late evening
3185,City,Cancelled,,1,,,,0,
3421,City,Cancelled,,1,,,,0,
291,City,Cancelled,2016-11-07 07:06:00,1,7.0,Monday,11.0,0,Morning
1669,City,Cancelled,2016-12-07 07:39:00,1,7.0,Wednesday,12.0,0,Morning
3974,City,Cancelled,,1,,,,0,
4349,City,Cancelled,,1,,,,0,
4442,City,Cancelled,,1,,,,0,
5327,Airport,Cancelled,,1,,,,0,
2929,City,Cancelled,,1,,,,0,
3186,City,Cancelled,,1,,,,0,
4211,City,Cancelled,,1,,,,0,
5273,Airport,Cancelled,,1,,,,0,
6445,City,Cancelled,,1,,,,0,
157,City,Cancelled,2016-11-07 05:38:00,1,5.0,Monday,11.0,0,Night
2813,City,Cancelled,,1,,,,0,
3057,City,Cancelled,,1,,,,0,
4641,City,Cancelled,,1,,,,0,
5884,City,Cancelled,,1,,,,0,
1837,City,Cancelled,2016-12-07 09:36:00,1,9.0,Wednesday,12.0,0,Morning
4092,City,Cancelled,,1,,,,0,
4222,City,Cancelled,,1,,,,0,
1509,City,Cancelled,2016-12-07 05:42:00,1,5.0,Wednesday,12.0,0,Night
3194,City,Cancelled,,1,,,,0,
3541,Airport,Cancelled,,1,,,,0,
1365,City,Cancelled,2016-11-07 00:09:00,1,0.0,Monday,11.0,0,Night
1834,City,Cancelled,2016-12-07 09:33:00,1,9.0,Wednesday,12.0,0,Morning
4129,City,Cancelled,,1,,,,0,
4380,City,Cancelled,,1,,,,0,
4434,City,Cancelled,,1,,,,0,
5735,City,Cancelled,,1,,,,0,
6434,Airport,Cancelled,,1,,,,0,
623,Airport,Cancelled,2016-11-07 12:03:00,1,12.0,Monday,11.0,0,Afternoon
1521,City,Cancelled,2016-12-07 05:50:00,1,5.0,Wednesday,12.0,0,Night
2771,City,Cancelled,,1,,,,0,
2873,City,Cancelled,,1,,,,0,
3320,Airport,Cancelled,,1,,,,0,
4571,City,Cancelled,,1,,,,0,
4600,City,Cancelled,,1,,,,0,
5341,City,Cancelled,,1,,,,0,
2435,City,Cancelled,2016-12-07 20:11:00,1,20.0,Wednesday,12.0,0,Evening
2919,City,Cancelled,,1,,,,0,
4712,City,Cancelled,,1,,,,0,
399,City,Cancelled,2016-11-07 08:25:00,1,8.0,Monday,11.0,0,Morning
2826,City,Cancelled,,1,,,,0,
3090,City,Cancelled,,1,,,,0,
4141,City,Cancelled,,1,,,,0,
5817,City,Cancelled,,1,,,,0,
1156,City,Cancelled,2016-11-07 20:46:00,1,20.0,Monday,11.0,0,Evening
3155,City,Cancelled,,1,,,,0,
5821,City,Cancelled,,1,,,,0,
552,City,Cancelled,2016-11-07 10:07:00,1,10.0,Monday,11.0,0,Morning
589,Airport,Cancelled,2016-11-07 11:19:00,1,11.0,Monday,11.0,0,Morning
3218,City,Cancelled,,1,,,,0,
3287,City,Cancelled,,1,,,,0,
5557,City,Cancelled,,1,,,,0,
5874,City,Cancelled,,1,,,,0,
1117,Airport,Cancelled,2016-11-07 20:17:00,1,20.0,Monday,11.0,0,Evening
2820,City,Cancelled,,1,,,,0,
3083,City,Cancelled,,1,,,,0,
185,City,Cancelled,2016-11-07 05:43:00,1,5.0,Monday,11.0,0,Night
2922,City,Cancelled,,1,,,,0,
4379,City,Cancelled,,1,,,,0,
1846,City,Cancelled,2016-12-07 09:43:00,1,9.0,Wednesday,12.0,0,Morning
2778,Airport,Cancelled,,1,,,,0,
4161,City,Cancelled,,1,,,,0,
5702,City,Cancelled,,1,,,,0,
5808,City,Cancelled,,1,,,,0,
298,City,Cancelled,2016-11-07 07:15:00,1,7.0,Monday,11.0,0,Morning
4602,Airport,Cancelled,,1,,,,0,
5650,City,Cancelled,,1,,,,0,
508,City,Cancelled,2016-11-07 09:40:00,1,9.0,Monday,11.0,0,Morning
1419,City,Cancelled,2016-12-07 03:57:00,1,3.0,Wednesday,12.0,0,Night
3114,City,Cancelled,,1,,,,0,
309,City,Cancelled,2016-11-07 07:18:00,1,7.0,Monday,11.0,0,Morning
327,City,Cancelled,2016-11-07 07:33:00,1,7.0,Monday,11.0,0,Morning
1491,City,Cancelled,2016-12-07 05:36:00,1,5.0,Wednesday,12.0,0,Night
4392,City,Cancelled,,1,,,,0,
5396,City,Cancelled,,1,,,,0,
5767,City,Cancelled,,1,,,,0,
5498,City,Cancelled,,1,,,,0,
5755,City,Cancelled,,1,,,,0,
414,City,Cancelled,2016-11-07 08:41:00,1,8.0,Monday,11.0,0,Morning
1621,City,Cancelled,2016-12-07 06:56:00,1,6.0,Wednesday,12.0,0,Morning
5288,Airport,Cancelled,,1,,,,0,
1778,City,Cancelled,2016-12-07 09:01:00,1,9.0,Wednesday,12.0,0,Morning
5266,Airport,Cancelled,,1,,,,0,
5836,City,Cancelled,,1,,,,0,
115,City,Cancelled,2016-11-07 05:14:00,1,5.0,Monday,11.0,0,Night
4655,City,Cancelled,,1,,,,0,
5590,City,Cancelled,,1,,,,0,
1784,City,Cancelled,2016-12-07 09:02:00,1,9.0,Wednesday,12.0,0,Morning
3123,City,Cancelled,,1,,,,0,
3330,City,Cancelled,,1,,,,0,
4376,City,Cancelled,,1,,,,0,
4540,City,Cancelled,,1,,,,0,
431,City,Cancelled,2016-11-07 08:56:00,1,8.0,Monday,11.0,0,Morning
1599,City,Cancelled,2016-12-07 06:39:00,1,6.0,Wednesday,12.0,0,Morning
1725,City,Cancelled,2016-12-07 08:17:00,1,8.0,Wednesday,12.0,0,Morning
4248,City,Cancelled,,1,,,,0,
133,City,Cancelled,2016-11-07 05:14:00,1,5.0,Monday,11.0,0,Night
4170,City,Cancelled,,1,,,,0,
6057,Airport,Cancelled,,1,,,,0,
108,City,Cancelled,2016-11-07 05:09:00,1,5.0,Monday,11.0,0,Night
1798,City,Cancelled,2016-12-07 09:10:00,1,9.0,Wednesday,12.0,0,Morning
1932,City,Cancelled,2016-12-07 11:13:00,1,11.0,Wednesday,12.0,0,Morning
5865,City,Cancelled,,1,,,,0,
5981,City,Cancelled,,1,,,,0,
363,City,Cancelled,2016-11-07 08:02:00,1,8.0,Monday,11.0,0,Morning
3153,City,Cancelled,,1,,,,0,
3196,City,Cancelled,,1,,,,0,
3214,City,Cancelled,,1,,,,0,
4171,City,Cancelled,,1,,,,0,
5824,City,Cancelled,,1,,,,0,
1866,City,Cancelled,2016-12-07 09:52:00,1,9.0,Wednesday,12.0,0,Morning
2958,City,Cancelled,,1,,,,0,
3181,Airport,Cancelled,,1,,,,0,
5833,City,Cancelled,,1,,,,0,
5873,City,Cancelled,,1,,,,0,
415,Airport,Cancelled,2016-11-07 08:37:00,1,8.0,Monday,11.0,0,Morning
4439,City,Cancelled,,1,,,,0,
5761,City,Cancelled,,1,,,,0,
490,City,Cancelled,2016-11-07 09:33:00,1,9.0,Monday,11.0,0,Morning
464,City,Cancelled,2016-11-07 09:14:00,1,9.0,Monday,11.0,0,Morning
725,Airport,Cancelled,2016-11-07 15:02:00,1,15.0,Monday,11.0,0,Afternoon
2418,Airport,Cancelled,2016-12-07 20:05:00,1,20.0,Wednesday,12.0,0,Evening
4137,City,Cancelled,,1,,,,0,
780,Airport,Cancelled,2016-11-07 16:42:00,1,16.0,Monday,11.0,0,Afternoon
1601,City,Cancelled,2016-12-07 06:43:00,1,6.0,Wednesday,12.0,0,Morning
1831,Airport,Cancelled,2016-12-07 09:27:00,1,9.0,Wednesday,12.0,0,Morning
5545,City,Cancelled,,1,,,,0,
2782,City,Cancelled,,1,,,,0,
4202,City,Cancelled,,1,,,,0,
4253,City,Cancelled,,1,,,,0,
4669,City,Cancelled,,1,,,,0,
5694,City,Cancelled,,1,,,,0,
5707,City,Cancelled,,1,,,,0,
5795,City,Cancelled,,1,,,,0,
4203,City,Cancelled,,1,,,,0,
5928,City,Cancelled,,1,,,,0,
471,City,Cancelled,2016-11-07 09:22:00,1,9.0,Monday,11.0,0,Morning
4505,City,Cancelled,,1,,,,0,
5876,City,Cancelled,,1,,,,0,
332,City,Cancelled,2016-11-07 07:40:00,1,7.0,Monday,11.0,0,Morning
1734,City,Cancelled,2016-12-07 08:25:00,1,8.0,Wednesday,12.0,0,Morning
3202,City,Cancelled,,1,,,,0,
4232,City,Cancelled,,1,,,,0,
6608,Airport,Cancelled,,1,,,,0,
1703,City,Cancelled,2016-12-07 08:05:00,1,8.0,Wednesday,12.0,0,Morning
3001,City,Cancelled,,1,,,,0,
3149,City,Cancelled,,1,,,,0,
4496,City,Cancelled,,1,,,,0,
1591,City,Cancelled,2016-12-07 06:28:00,1,6.0,Wednesday,12.0,0,Morning
1876,City,Cancelled,2016-12-07 10:01:00,1,10.0,Wednesday,12.0,0,Morning
4169,City,Cancelled,,1,,,,0,
4512,City,Cancelled,,1,,,,0,
2895,City,Cancelled,,1,,,,0,
4330,City,Cancelled,,1,,,,0,
4801,City,Cancelled,,1,,,,0,
5787,City,Cancelled,,1,,,,0,
743,City,Cancelled,2016-11-07 15:37:00,1,15.0,Monday,11.0,0,Afternoon
3704,Airport,Cancelled,,1,,,,0,
485,City,Cancelled,2016-11-07 09:33:00,1,9.0,Monday,11.0,0,Morning
647,City,Cancelled,2016-11-07 12:37:00,1,12.0,Monday,11.0,0,Afternoon
1858,City,Cancelled,2016-12-07 09:54:00,1,9.0,Wednesday,12.0,0,Morning
4755,City,Cancelled,,1,,,,0,
5769,City,Cancelled,,1,,,,0,
2988,City,Cancelled,,1,,,,0,
553,City,Cancelled,2016-11-07 10:09:00,1,10.0,Monday,11.0,0,Morning
676,City,Cancelled,2016-11-07 13:23:00,1,13.0,Monday,11.0,0,Afternoon
1516,City,Cancelled,2016-12-07 05:44:00,1,5.0,Wednesday,12.0,0,Night
1763,City,Cancelled,2016-12-07 08:51:00,1,8.0,Wednesday,12.0,0,Morning
4144,City,Cancelled,,1,,,,0,
6541,Airport,Cancelled,,1,,,,0,
147,City,Cancelled,2016-11-07 05:26:00,1,5.0,Monday,11.0,0,Night
2881,City,Cancelled,,1,,,,0,
2964,City,Cancelled,,1,,,,0,
4236,City,Cancelled,,1,,,,0,
4447,City,Cancelled,,1,,,,0,
4579,Airport,Cancelled,,1,,,,0,
5720,City,Cancelled,,1,,,,0,
5820,City,Cancelled,,1,,,,0,
6487,Airport,Cancelled,,1,,,,0,
120,City,Cancelled,2016-11-07 05:04:00,1,5.0,Monday,11.0,0,Night
1560,City,Cancelled,2016-12-07 06:06:00,1,6.0,Wednesday,12.0,0,Morning
4815,Airport,Cancelled,,1,,,,0,
166,City,Cancelled,2016-11-07 05:41:00,1,5.0,Monday,11.0,0,Night
1655,Airport,Cancelled,2016-12-07 07:27:00,1,7.0,Wednesday,12.0,0,Morning
1670,City,Cancelled,2016-12-07 07:36:00,1,7.0,Wednesday,12.0,0,Morning
3026,City,Cancelled,,1,,,,0,
3388,City,Cancelled,,1,,,,0,
5809,City,Cancelled,,1,,,,0,
6080,Airport,Cancelled,,1,,,,0,
1545,Airport,Cancelled,2016-12-07 06:01:00,1,6.0,Wednesday,12.0,0,Morning
3032,City,Cancelled,,1,,,,0,
3156,City,Cancelled,,1,,,,0,
4741,City,Cancelled,,1,,,,0,
5582,City,Cancelled,,1,,,,0,
5677,City,Cancelled,,1,,,,0,
5989,Airport,Cancelled,,1,,,,0,
417,City,Cancelled,2016-11-07 08:42:00,1,8.0,Monday,11.0,0,Morning
1437,City,Cancelled,2016-12-07 04:42:00,1,4.0,Wednesday,12.0,0,Night
3063,City,Cancelled,,1,,,,0,
3100,City,Cancelled,,1,,,,0,
3148,City,Cancelled,,1,,,,0,
305,City,Cancelled,2016-11-07 07:17:00,1,7.0,Monday,11.0,0,Morning
1511,City,Cancelled,2016-12-07 05:40:00,1,5.0,Wednesday,12.0,0,Night
2830,City,Cancelled,,1,,,,0,
2938,City,Cancelled,,1,,,,0,
346,City,Cancelled,2016-11-07 07:54:00,1,7.0,Monday,11.0,0,Morning
1684,City,Cancelled,2016-12-07 07:50:00,1,7.0,Wednesday,12.0,0,Morning
3027,City,Cancelled,,1,,,,0,
3017,Airport,Cancelled,,1,,,,0,
4926,Airport,Cancelled,,1,,,,0,
2222,City,Cancelled,2016-12-07 18:03:00,1,18.0,Wednesday,12.0,0,Evening
2237,City,Cancelled,2016-12-07 18:19:00,1,18.0,Wednesday,12.0,0,Evening
4207,City,Cancelled,,1,,,,0,
4223,City,Cancelled,,1,,,,0,
4452,City,Cancelled,,1,,,,0,
5632,City,Cancelled,,1,,,,0,
5879,City,Cancelled,,1,,,,0,
395,City,Cancelled,2016-11-07 08:32:00,1,8.0,Monday,11.0,0,Morning
495,City,Cancelled,2016-11-07 09:37:00,1,9.0,Monday,11.0,0,Morning
1228,City,Cancelled,2016-11-07 21:37:00,1,21.0,Monday,11.0,0,Late evening
1481,City,Cancelled,2016-12-07 05:24:00,1,5.0,Wednesday,12.0,0,Night
1616,City,Cancelled,2016-12-07 06:54:00,1,6.0,Wednesday,12.0,0,Morning
1627,City,Cancelled,2016-12-07 07:02:00,1,7.0,Wednesday,12.0,0,Morning
1726,City,Cancelled,2016-12-07 08:25:00,1,8.0,Wednesday,12.0,0,Morning
2789,City,Cancelled,,1,,,,0,
3552,Airport,Cancelled,,1,,,,0,
4130,City,Cancelled,,1,,,,0,
294,City,Cancelled,2016-11-07 07:12:00,1,7.0,Monday,11.0,0,Morning
315,City,Cancelled,2016-11-07 07:34:00,1,7.0,Monday,11.0,0,Morning
1718,City,Cancelled,2016-12-07 08:14:00,1,8.0,Wednesday,12.0,0,Morning
2122,City,Cancelled,2016-12-07 16:50:00,1,16.0,Wednesday,12.0,0,Afternoon
2387,City,Cancelled,2016-12-07 19:46:00,1,19.0,Wednesday,12.0,0,Evening
140,City,Cancelled,2016-11-07 05:17:00,1,5.0,Monday,11.0,0,Night
505,City,Cancelled,2016-11-07 09:44:00,1,9.0,Monday,11.0,0,Morning
2950,City,Cancelled,,1,,,,0,
5800,City,Cancelled,,1,,,,0,
1877,City,Cancelled,2016-12-07 10:03:00,1,10.0,Wednesday,12.0,0,Morning
3437,City,Cancelled,,1,,,,0,
3820,Airport,Cancelled,,1,,,,0,
5076,City,Cancelled,,1,,,,0,
5660,City,Cancelled,,1,,,,0,
6242,Airport,Cancelled,,1,,,,0,
6321,Airport,Cancelled,,1,,,,0,
3086,City,Cancelled,,1,,,,0,
4538,City,Cancelled,,1,,,,0,
1233,Airport,Cancelled,2016-11-07 21:38:00,1,21.0,Monday,11.0,0,Late evening
1883,City,Cancelled,2016-12-07 10:06:00,1,10.0,Wednesday,12.0,0,Morning
3233,City,Cancelled,,1,,,,0,
3237,City,Cancelled,,1,,,,0,
3577,Airport,Cancelled,,1,,,,0,
219,City,Cancelled,2016-11-07 06:15:00,1,6.0,Monday,11.0,0,Morning
493,City,Cancelled,2016-11-07 09:30:00,1,9.0,Monday,11.0,0,Morning
1575,City,Cancelled,2016-12-07 06:23:00,1,6.0,Wednesday,12.0,0,Morning
5631,City,Cancelled,,1,,,,0,
109,City,Cancelled,2016-11-07 05:01:00,1,5.0,Monday,11.0,0,Night
299,City,Cancelled,2016-11-07 07:13:00,1,7.0,Monday,11.0,0,Morning
347,City,Cancelled,2016-11-07 07:51:00,1,7.0,Monday,11.0,0,Morning
538,City,Cancelled,2016-11-07 10:00:00,1,10.0,Monday,11.0,0,Morning
3250,City,Cancelled,,1,,,,0,
3983,City,Cancelled,,1,,,,0,
2948,City,Cancelled,,1,,,,0,
2982,City,Cancelled,,1,,,,0,
3055,City,Cancelled,,1,,,,0,
3759,City,Cancelled,,1,,,,0,
4389,City,Cancelled,,1,,,,0,
5949,City,Cancelled,,1,,,,0,
441,City,Cancelled,2016-11-07 09:05:00,1,9.0,Monday,11.0,0,Morning
1109,City,Cancelled,2016-11-07 20:23:00,1,20.0,Monday,11.0,0,Evening
1693,Airport,Cancelled,2016-12-07 07:50:00,1,7.0,Wednesday,12.0,0,Morning
3198,City,Cancelled,,1,,,,0,
4507,City,Cancelled,,1,,,,0,
6058,City,Cancelled,,1,,,,0,
1630,City,Cancelled,2016-12-07 07:03:00,1,7.0,Wednesday,12.0,0,Morning
3451,Airport,Cancelled,,1,,,,0,
3839,Airport,Cancelled,,1,,,,0,
4258,City,Cancelled,,1,,,,0,
4677,Airport,Cancelled,,1,,,,0,
5603,City,Cancelled,,1,,,,0,
186,City,Cancelled,2016-11-07 05:48:00,1,5.0,Monday,11.0,0,Night
2094,Airport,Cancelled,2016-12-07 15:51:00,1,15.0,Wednesday,12.0,0,Afternoon
4354,City,Cancelled,,1,,,,0,
340,City,Cancelled,2016-11-07 07:51:00,1,7.0,Monday,11.0,0,Morning
5499,City,Cancelled,,1,,,,0,
151,City,Cancelled,2016-11-07 05:27:00,1,5.0,Monday,11.0,0,Night
316,City,Cancelled,2016-11-07 07:26:00,1,7.0,Monday,11.0,0,Morning
561,City,Cancelled,2016-11-07 10:10:00,1,10.0,Monday,11.0,0,Morning
1582,City,Cancelled,2016-12-07 06:23:00,1,6.0,Wednesday,12.0,0,Morning
1871,City,Cancelled,2016-12-07 10:04:00,1,10.0,Wednesday,12.0,0,Morning
4213,City,Cancelled,,1,,,,0,
5801,City,Cancelled,,1,,,,0,
144,City,Cancelled,2016-11-07 05:24:00,1,5.0,Monday,11.0,0,Night
1383,City,Cancelled,2016-12-07 01:12:00,1,1.0,Wednesday,12.0,0,Night
3216,City,Cancelled,,1,,,,0,
184,City,Cancelled,2016-11-07 05:49:00,1,5.0,Monday,11.0,0,Night
4435,City,Cancelled,,1,,,,0,
5623,City,Cancelled,,1,,,,0,
2837,City,Cancelled,,1,,,,0,
5812,City,Cancelled,,1,,,,0,
407,City,Cancelled,2016-11-07 08:33:00,1,8.0,Monday,11.0,0,Morning
486,City,Cancelled,2016-11-07 09:29:00,1,9.0,Monday,11.0,0,Morning
4489,City,Cancelled,,1,,,,0,
1251,City,Cancelled,2016-11-07 21:47:00,1,21.0,Monday,11.0,0,Late evening
2875,City,Cancelled,,1,,,,0,
3104,City,Cancelled,,1,,,,0,
3909,City,Cancelled,,1,,,,0,
4338,City,Cancelled,,1,,,,0,
4479,City,Cancelled,,1,,,,0,
3187,City,Cancelled,,1,,,,0,
4251,City,Cancelled,,1,,,,0,
5514,City,Cancelled,,1,,,,0,
5690,City,Cancelled,,1,,,,0,
295,Airport,Cancelled,2016-11-07 07:10:00,1,7.0,Monday,11.0,0,Morning
1487,City,Cancelled,2016-12-07 05:23:00,1,5.0,Wednesday,12.0,0,Night
5515,City,Cancelled,,1,,,,0,
5535,City,Cancelled,,1,,,,0,
284,City,Cancelled,2016-11-07 07:05:00,1,7.0,Monday,11.0,0,Morning
2966,City,Cancelled,,1,,,,0,
3120,City,Cancelled,,1,,,,0,
4552,City,Cancelled,,1,,,,0,
758,City,Cancelled,2016-11-07 16:06:00,1,16.0,Monday,11.0,0,Afternoon
1641,City,Cancelled,2016-12-07 07:20:00,1,7.0,Wednesday,12.0,0,Morning
4158,City,Cancelled,,1,,,,0,
4164,City,Cancelled,,1,,,,0,
4448,City,Cancelled,,1,,,,0,
4225,City,Cancelled,,1,,,,0,
1362,City,No Cars Available,2016-11-07 00:02:00,0,0.0,Monday,11.0,0,Night
1364,City,No Cars Available,2016-11-07 00:06:00,0,0.0,Monday,11.0,0,Night
1366,City,No Cars Available,2016-11-07 00:09:00,0,0.0,Monday,11.0,0,Night
2,Airport,No Cars Available,2016-11-07 00:23:00,0,0.0,Monday,11.0,0,Night
7,Airport,No Cars Available,2016-11-07 00:30:00,0,0.0,Monday,11.0,0,Night
6,City,No Cars Available,2016-11-07 00:36:00,0,0.0,Monday,11.0,0,Night
4,City,No Cars Available,2016-11-07 00:37:00,0,0.0,Monday,11.0,0,Night
8,City,No Cars Available,2016-11-07 00:40:00,0,0.0,Monday,11.0,0,Night
12,City,No Cars Available,2016-11-07 01:08:00,0,1.0,Monday,11.0,0,Night
16,Airport,No Cars Available,2016-11-07 01:09:00,0,1.0,Monday,11.0,0,Night
14,Airport,No Cars Available,2016-11-07 01:10:00,0,1.0,Monday,11.0,0,Night
19,City,No Cars Available,2016-11-07 01:14:00,0,1.0,Monday,11.0,0,Night
15,City,No Cars Available,2016-11-07 01:15:00,0,1.0,Monday,11.0,0,Night
17,Airport,No Cars Available,2016-11-07 01:16:00,0,1.0,Monday,11.0,0,Night
20,Airport,No Cars Available,2016-11-07 01:23:00,0,1.0,Monday,11.0,0,Night
23,City,No Cars Available,2016-11-07 01:38:00,0,1.0,Monday,11.0,0,Night
22,Airport,No Cars Available,2016-11-07 01:40:00,0,1.0,Monday,11.0,0,Night
25,Airport,No Cars Available,2016-11-07 01:45:00,0,1.0,Monday,11.0,0,Night
24,Airport,No Cars Available,2016-11-07 01:48:00,0,1.0,Monday,11.0,0,Night
27,Airport,No Cars Available,2016-11-07 01:49:00,0,1.0,Monday,11.0,0,Night
26,Airport,No Cars Available,2016-11-07 01:49:00,0,1.0,Monday,11.0,0,Night
29,City,No Cars Available,2016-11-07 01:55:00,0,1.0,Monday,11.0,0,Night
28,City,No Cars Available,2016-11-07 02:02:00,0,2.0,Monday,11.0,0,Night
31,City,No Cars Available,2016-11-07 02:10:00,0,2.0,Monday,11.0,0,Night
32,Airport,No Cars Available,2016-11-07 02:15:00,0,2.0,Monday,11.0,0,Night
36,City,No Cars Available,2016-11-07 02:33:00,0,2.0,Monday,11.0,0,Night
37,Airport,No Cars Available,2016-11-07 02:34:00,0,2.0,Monday,11.0,0,Night
38,City,No Cars Available,2016-11-07 02:39:00,0,2.0,Monday,11.0,0,Night
40,Airport,No Cars Available,2016-11-07 02:42:00,0,2.0,Monday,11.0,0,Night
39,Airport,No Cars Available,2016-11-07 02:48:00,0,2.0,Monday,11.0,0,Night
42,Airport,No Cars Available,2016-11-07 02:55:00,0,2.0,Monday,11.0,0,Night
43,City,No Cars Available,2016-11-07 03:06:00,0,3.0,Monday,11.0,0,Night
44,Airport,No Cars Available,2016-11-07 03:07:00,0,3.0,Monday,11.0,0,Night
46,Airport,No Cars Available,2016-11-07 03:16:00,0,3.0,Monday,11.0,0,Night
49,Airport,No Cars Available,2016-11-07 03:29:00,0,3.0,Monday,11.0,0,Night
52,City,No Cars Available,2016-11-07 03:30:00,0,3.0,Monday,11.0,0,Night
54,City,No Cars Available,2016-11-07 03:34:00,0,3.0,Monday,11.0,0,Night
55,Airport,No Cars Available,2016-11-07 03:41:00,0,3.0,Monday,11.0,0,Night
57,City,No Cars Available,2016-11-07 03:52:00,0,3.0,Monday,11.0,0,Night
59,City,No Cars Available,2016-11-07 03:58:00,0,3.0,Monday,11.0,0,Night
56,City,No Cars Available,2016-11-07 03:58:00,0,3.0,Monday,11.0,0,Night
58,Airport,No Cars Available,2016-11-07 04:03:00,0,4.0,Monday,11.0,0,Night
61,Airport,No Cars Available,2016-11-07 04:05:00,0,4.0,Monday,11.0,0,Night
62,Airport,No Cars Available,2016-11-07 04:10:00,0,4.0,Monday,11.0,0,Night
63,Airport,No Cars Available,2016-11-07 04:17:00,0,4.0,Monday,11.0,0,Night
65,Airport,No Cars Available,2016-11-07 04:23:00,0,4.0,Monday,11.0,0,Night
67,Airport,No Cars Available,2016-11-07 04:24:00,0,4.0,Monday,11.0,0,Night
69,Airport,No Cars Available,2016-11-07 04:27:00,0,4.0,Monday,11.0,0,Night
68,Airport,No Cars Available,2016-11-07 04:27:00,0,4.0,Monday,11.0,0,Night
72,City,No Cars Available,2016-11-07 04:36:00,0,4.0,Monday,11.0,0,Night
73,Airport,No Cars Available,2016-11-07 04:36:00,0,4.0,Monday,11.0,0,Night
71,City,No Cars Available,2016-11-07 04:37:00,0,4.0,Monday,11.0,0,Night
75,Airport,No Cars Available,2016-11-07 04:40:00,0,4.0,Monday,11.0,0,Night
79,City,No Cars Available,2016-11-07 04:43:00,0,4.0,Monday,11.0,0,Night
83,City,No Cars Available,2016-11-07 04:44:00,0,4.0,Monday,11.0,0,Night
78,City,No Cars Available,2016-11-07 04:45:00,0,4.0,Monday,11.0,0,Night
104,City,No Cars Available,2016-11-07 05:00:00,0,5.0,Monday,11.0,0,Night
103,City,No Cars Available,2016-11-07 05:02:00,0,5.0,Monday,11.0,0,Night
131,City,No Cars Available,2016-11-07 05:10:00,0,5.0,Monday,11.0,0,Night
124,City,No Cars Available,2016-11-07 05:12:00,0,5.0,Monday,11.0,0,Night
117,City,No Cars Available,2016-11-07 05:13:00,0,5.0,Monday,11.0,0,Night
137,City,No Cars Available,2016-11-07 05:17:00,0,5.0,Monday,11.0,0,Night
136,City,No Cars Available,2016-11-07 05:19:00,0,5.0,Monday,11.0,0,Night
135,City,No Cars Available,2016-11-07 05:20:00,0,5.0,Monday,11.0,0,Night
138,City,No Cars Available,2016-11-07 05:20:00,0,5.0,Monday,11.0,0,Night
154,City,No Cars Available,2016-11-07 05:31:00,0,5.0,Monday,11.0,0,Night
153,City,No Cars Available,2016-11-07 05:33:00,0,5.0,Monday,11.0,0,Night
171,City,No Cars Available,2016-11-07 05:39:00,0,5.0,Monday,11.0,0,Night
167,City,No Cars Available,2016-11-07 05:40:00,0,5.0,Monday,11.0,0,Night
159,City,No Cars Available,2016-11-07 05:43:00,0,5.0,Monday,11.0,0,Night
178,City,No Cars Available,2016-11-07 05:47:00,0,5.0,Monday,11.0,0,Night
179,City,No Cars Available,2016-11-07 05:49:00,0,5.0,Monday,11.0,0,Night
190,City,No Cars Available,2016-11-07 05:53:00,0,5.0,Monday,11.0,0,Night
189,City,No Cars Available,2016-11-07 05:58:00,0,5.0,Monday,11.0,0,Night
208,Airport,No Cars Available,2016-11-07 06:05:00,0,6.0,Monday,11.0,0,Morning
194,City,No Cars Available,2016-11-07 06:05:00,0,6.0,Monday,11.0,0,Morning
207,City,No Cars Available,2016-11-07 06:06:00,0,6.0,Monday,11.0,0,Morning
199,City,No Cars Available,2016-11-07 06:07:00,0,6.0,Monday,11.0,0,Morning
203,City,No Cars Available,2016-11-07 06:07:00,0,6.0,Monday,11.0,0,Morning
221,City,No Cars Available,2016-11-07 06:16:00,0,6.0,Monday,11.0,0,Morning
226,City,No Cars Available,2016-11-07 06:21:00,0,6.0,Monday,11.0,0,Morning
228,City,No Cars Available,2016-11-07 06:24:00,0,6.0,Monday,11.0,0,Morning
231,City,No Cars Available,2016-11-07 06:26:00,0,6.0,Monday,11.0,0,Morning
230,City,No Cars Available,2016-11-07 06:27:00,0,6.0,Monday,11.0,0,Morning
254,City,No Cars Available,2016-11-07 06:40:00,0,6.0,Monday,11.0,0,Morning
263,City,No Cars Available,2016-11-07 06:44:00,0,6.0,Monday,11.0,0,Morning
255,City,No Cars Available,2016-11-07 06:44:00,0,6.0,Monday,11.0,0,Morning
259,City,No Cars Available,2016-11-07 06:46:00,0,6.0,Monday,11.0,0,Morning
266,City,No Cars Available,2016-11-07 06:47:00,0,6.0,Monday,11.0,0,Morning
274,City,No Cars Available,2016-11-07 06:50:00,0,6.0,Monday,11.0,0,Morning
272,City,No Cars Available,2016-11-07 06:50:00,0,6.0,Monday,11.0,0,Morning
287,City,No Cars Available,2016-11-07 07:05:00,0,7.0,Monday,11.0,0,Morning
288,City,No Cars Available,2016-11-07 07:05:00,0,7.0,Monday,11.0,0,Morning
300,City,No Cars Available,2016-11-07 07:13:00,0,7.0,Monday,11.0,0,Morning
331,City,No Cars Available,2016-11-07 07:47:00,0,7.0,Monday,11.0,0,Morning
337,City,No Cars Available,2016-11-07 07:50:00,0,7.0,Monday,11.0,0,Morning
342,City,No Cars Available,2016-11-07 07:51:00,0,7.0,Monday,11.0,0,Morning
349,City,No Cars Available,2016-11-07 07:51:00,0,7.0,Monday,11.0,0,Morning
344,City,No Cars Available,2016-11-07 07:52:00,0,7.0,Monday,11.0,0,Morning
348,City,No Cars Available,2016-11-07 07:54:00,0,7.0,Monday,11.0,0,Morning
359,City,No Cars Available,2016-11-07 07:58:00,0,7.0,Monday,11.0,0,Morning
367,City,No Cars Available,2016-11-07 08:03:00,0,8.0,Monday,11.0,0,Morning
356,City,No Cars Available,2016-11-07 08:03:00,0,8.0,Monday,11.0,0,Morning
369,City,No Cars Available,2016-11-07 08:04:00,0,8.0,Monday,11.0,0,Morning
364,City,No Cars Available,2016-11-07 08:05:00,0,8.0,Monday,11.0,0,Morning
372,City,No Cars Available,2016-11-07 08:07:00,0,8.0,Monday,11.0,0,Morning
365,City,No Cars Available,2016-11-07 08:07:00,0,8.0,Monday,11.0,0,Morning
390,City,No Cars Available,2016-11-07 08:17:00,0,8.0,Monday,11.0,0,Morning
388,City,No Cars Available,2016-11-07 08:21:00,0,8.0,Monday,11.0,0,Morning
385,City,No Cars Available,2016-11-07 08:21:00,0,8.0,Monday,11.0,0,Morning
396,City,No Cars Available,2016-11-07 08:29:00,0,8.0,Monday,11.0,0,Morning
413,City,No Cars Available,2016-11-07 08:37:00,0,8.0,Monday,11.0,0,Morning
408,City,No Cars Available,2016-11-07 08:37:00,0,8.0,Monday,11.0,0,Morning
416,City,No Cars Available,2016-11-07 08:39:00,0,8.0,Monday,11.0,0,Morning
435,City,No Cars Available,2016-11-07 08:55:00,0,8.0,Monday,11.0,0,Morning
440,City,No Cars Available,2016-11-07 09:08:00,0,9.0,Monday,11.0,0,Morning
434,City,No Cars Available,2016-11-07 09:09:00,0,9.0,Monday,11.0,0,Morning
456,City,No Cars Available,2016-11-07 09:13:00,0,9.0,Monday,11.0,0,Morning
453,City,No Cars Available,2016-11-07 09:13:00,0,9.0,Monday,11.0,0,Morning
442,City,No Cars Available,2016-11-07 09:15:00,0,9.0,Monday,11.0,0,Morning
478,City,No Cars Available,2016-11-07 09:16:00,0,9.0,Monday,11.0,0,Morning
452,City,No Cars Available,2016-11-07 09:16:00,0,9.0,Monday,11.0,0,Morning
460,City,No Cars Available,2016-11-07 09:21:00,0,9.0,Monday,11.0,0,Morning
473,Airport,No Cars Available,2016-11-07 09:22:00,0,9.0,Monday,11.0,0,Morning
472,City,No Cars Available,2016-11-07 09:25:00,0,9.0,Monday,11.0,0,Morning
496,City,No Cars Available,2016-11-07 09:29:00,0,9.0,Monday,11.0,0,Morning
487,City,No Cars Available,2016-11-07 09:31:00,0,9.0,Monday,11.0,0,Morning
498,City,No Cars Available,2016-11-07 09:35:00,0,9.0,Monday,11.0,0,Morning
503,City,No Cars Available,2016-11-07 09:37:00,0,9.0,Monday,11.0,0,Morning
502,City,No Cars Available,2016-11-07 09:40:00,0,9.0,Monday,11.0,0,Morning
509,City,No Cars Available,2016-11-07 09:42:00,0,9.0,Monday,11.0,0,Morning
506,City,No Cars Available,2016-11-07 09:43:00,0,9.0,Monday,11.0,0,Morning
522,City,No Cars Available,2016-11-07 09:48:00,0,9.0,Monday,11.0,0,Morning
516,City,No Cars Available,2016-11-07 09:49:00,0,9.0,Monday,11.0,0,Morning
524,City,No Cars Available,2016-11-07 09:50:00,0,9.0,Monday,11.0,0,Morning
527,City,No Cars Available,2016-11-07 09:52:00,0,9.0,Monday,11.0,0,Morning
530,City,No Cars Available,2016-11-07 09:57:00,0,9.0,Monday,11.0,0,Morning
539,City,No Cars Available,2016-11-07 09:59:00,0,9.0,Monday,11.0,0,Morning
541,City,No Cars Available,2016-11-07 10:03:00,0,10.0,Monday,11.0,0,Morning
548,City,No Cars Available,2016-11-07 10:04:00,0,10.0,Monday,11.0,0,Morning
563,Airport,No Cars Available,2016-11-07 10:17:00,0,10.0,Monday,11.0,0,Morning
562,Airport,No Cars Available,2016-11-07 10:18:00,0,10.0,Monday,11.0,0,Morning
566,City,No Cars Available,2016-11-07 10:20:00,0,10.0,Monday,11.0,0,Morning
567,Airport,No Cars Available,2016-11-07 10:21:00,0,10.0,Monday,11.0,0,Morning
576,City,No Cars Available,2016-11-07 10:58:00,0,10.0,Monday,11.0,0,Morning
581,Airport,No Cars Available,2016-11-07 11:00:00,0,11.0,Monday,11.0,0,Morning
587,City,No Cars Available,2016-11-07 11:17:00,0,11.0,Monday,11.0,0,Morning
593,City,No Cars Available,2016-11-07 11:22:00,0,11.0,Monday,11.0,0,Morning
594,Airport,No Cars Available,2016-11-07 11:31:00,0,11.0,Monday,11.0,0,Morning
601,City,No Cars Available,2016-11-07 11:40:00,0,11.0,Monday,11.0,0,Morning
606,City,No Cars Available,2016-11-07 11:42:00,0,11.0,Monday,11.0,0,Morning
611,Airport,No Cars Available,2016-11-07 11:53:00,0,11.0,Monday,11.0,0,Morning
613,City,No Cars Available,2016-11-07 11:56:00,0,11.0,Monday,11.0,0,Morning
617,Airport,No Cars Available,2016-11-07 11:57:00,0,11.0,Monday,11.0,0,Morning
624,City,No Cars Available,2016-11-07 12:06:00,0,12.0,Monday,11.0,0,Afternoon
633,City,No Cars Available,2016-11-07 12:26:00,0,12.0,Monday,11.0,0,Afternoon
646,Airport,No Cars Available,2016-11-07 12:37:00,0,12.0,Monday,11.0,0,Afternoon
654,Airport,No Cars Available,2016-11-07 12:45:00,0,12.0,Monday,11.0,0,Afternoon
655,City,No Cars Available,2016-11-07 12:53:00,0,12.0,Monday,11.0,0,Afternoon
658,City,No Cars Available,2016-11-07 12:54:00,0,12.0,Monday,11.0,0,Afternoon
659,City,No Cars Available,2016-11-07 12:55:00,0,12.0,Monday,11.0,0,Afternoon
667,City,No Cars Available,2016-11-07 13:01:00,0,13.0,Monday,11.0,0,Afternoon
665,Airport,No Cars Available,2016-11-07 13:04:00,0,13.0,Monday,11.0,0,Afternoon
668,City,No Cars Available,2016-11-07 13:06:00,0,13.0,Monday,11.0,0,Afternoon
674,City,No Cars Available,2016-11-07 13:15:00,0,13.0,Monday,11.0,0,Afternoon
670,Airport,No Cars Available,2016-11-07 13:18:00,0,13.0,Monday,11.0,0,Afternoon
673,Airport,No Cars Available,2016-11-07 13:24:00,0,13.0,Monday,11.0,0,Afternoon
678,Airport,No Cars Available,2016-11-07 13:33:00,0,13.0,Monday,11.0,0,Afternoon
690,Airport,No Cars Available,2016-11-07 13:41:00,0,13.0,Monday,11.0,0,Afternoon
685,City,No Cars Available,2016-11-07 13:43:00,0,13.0,Monday,11.0,0,Afternoon
691,City,No Cars Available,2016-11-07 13:46:00,0,13.0,Monday,11.0,0,Afternoon
695,City,No Cars Available,2016-11-07 13:54:00,0,13.0,Monday,11.0,0,Afternoon
696,City,No Cars Available,2016-11-07 14:01:00,0,14.0,Monday,11.0,0,Afternoon
705,Airport,No Cars Available,2016-11-07 14:12:00,0,14.0,Monday,11.0,0,Afternoon
713,City,No Cars Available,2016-11-07 14:41:00,0,14.0,Monday,11.0,0,Afternoon
716,City,No Cars Available,2016-11-07 14:52:00,0,14.0,Monday,11.0,0,Afternoon
722,Airport,No Cars Available,2016-11-07 14:57:00,0,14.0,Monday,11.0,0,Afternoon
731,City,No Cars Available,2016-11-07 15:11:00,0,15.0,Monday,11.0,0,Afternoon
730,Airport,No Cars Available,2016-11-07 15:14:00,0,15.0,Monday,11.0,0,Afternoon
734,City,No Cars Available,2016-11-07 15:22:00,0,15.0,Monday,11.0,0,Afternoon
755,Airport,No Cars Available,2016-11-07 16:03:00,0,16.0,Monday,11.0,0,Afternoon
762,City,No Cars Available,2016-11-07 16:12:00,0,16.0,Monday,11.0,0,Afternoon
765,Airport,No Cars Available,2016-11-07 16:16:00,0,16.0,Monday,11.0,0,Afternoon
764,City,No Cars Available,2016-11-07 16:21:00,0,16.0,Monday,11.0,0,Afternoon
767,City,No Cars Available,2016-11-07 16:24:00,0,16.0,Monday,11.0,0,Afternoon
768,Airport,No Cars Available,2016-11-07 16:26:00,0,16.0,Monday,11.0,0,Afternoon
770,Airport,No Cars Available,2016-11-07 16:27:00,0,16.0,Monday,11.0,0,Afternoon
776,City,No Cars Available,2016-11-07 16:34:00,0,16.0,Monday,11.0,0,Afternoon
783,City,No Cars Available,2016-11-07 16:48:00,0,16.0,Monday,11.0,0,Afternoon
787,Airport,No Cars Available,2016-11-07 16:50:00,0,16.0,Monday,11.0,0,Afternoon
786,Airport,No Cars Available,2016-11-07 16:50:00,0,16.0,Monday,11.0,0,Afternoon
795,Airport,No Cars Available,2016-11-07 17:09:00,0,17.0,Monday,11.0,0,Evening
796,Airport,No Cars Available,2016-11-07 17:11:00,0,17.0,Monday,11.0,0,Evening
803,Airport,No Cars Available,2016-11-07 17:14:00,0,17.0,Monday,11.0,0,Evening
802,Airport,No Cars Available,2016-11-07 17:15:00,0,17.0,Monday,11.0,0,Evening
806,Airport,No Cars Available,2016-11-07 17:15:00,0,17.0,Monday,11.0,0,Evening
798,Airport,No Cars Available,2016-11-07 17:17:00,0,17.0,Monday,11.0,0,Evening
804,Airport,No Cars Available,2016-11-07 17:18:00,0,17.0,Monday,11.0,0,Evening
808,Airport,No Cars Available,2016-11-07 17:19:00,0,17.0,Monday,11.0,0,Evening
810,Airport,No Cars Available,2016-11-07 17:20:00,0,17.0,Monday,11.0,0,Evening
807,Airport,No Cars Available,2016-11-07 17:20:00,0,17.0,Monday,11.0,0,Evening
814,Airport,No Cars Available,2016-11-07 17:21:00,0,17.0,Monday,11.0,0,Evening
820,Airport,No Cars Available,2016-11-07 17:21:00,0,17.0,Monday,11.0,0,Evening
811,Airport,No Cars Available,2016-11-07 17:23:00,0,17.0,Monday,11.0,0,Evening
813,Airport,No Cars Available,2016-11-07 17:23:00,0,17.0,Monday,11.0,0,Evening
809,Airport,No Cars Available,2016-11-07 17:24:00,0,17.0,Monday,11.0,0,Evening
816,Airport,No Cars Available,2016-11-07 17:24:00,0,17.0,Monday,11.0,0,Evening
815,Airport,No Cars Available,2016-11-07 17:25:00,0,17.0,Monday,11.0,0,Evening
812,Airport,No Cars Available,2016-11-07 17:28:00,0,17.0,Monday,11.0,0,Evening
823,Airport,No Cars Available,2016-11-07 17:28:00,0,17.0,Monday,11.0,0,Evening
818,Airport,No Cars Available,2016-11-07 17:31:00,0,17.0,Monday,11.0,0,Evening
822,Airport,No Cars Available,2016-11-07 17:33:00,0,17.0,Monday,11.0,0,Evening
830,Airport,No Cars Available,2016-11-07 17:34:00,0,17.0,Monday,11.0,0,Evening
824,Airport,No Cars Available,2016-11-07 17:34:00,0,17.0,Monday,11.0,0,Evening
827,Airport,No Cars Available,2016-11-07 17:35:00,0,17.0,Monday,11.0,0,Evening
829,Airport,No Cars Available,2016-11-07 17:35:00,0,17.0,Monday,11.0,0,Evening
825,Airport,No Cars Available,2016-11-07 17:36:00,0,17.0,Monday,11.0,0,Evening
841,Airport,No Cars Available,2016-11-07 17:39:00,0,17.0,Monday,11.0,0,Evening
836,Airport,No Cars Available,2016-11-07 17:40:00,0,17.0,Monday,11.0,0,Evening
842,Airport,No Cars Available,2016-11-07 17:40:00,0,17.0,Monday,11.0,0,Evening
837,City,No Cars Available,2016-11-07 17:41:00,0,17.0,Monday,11.0,0,Evening
835,Airport,No Cars Available,2016-11-07 17:42:00,0,17.0,Monday,11.0,0,Evening
839,Airport,No Cars Available,2016-11-07 17:44:00,0,17.0,Monday,11.0,0,Evening
849,Airport,No Cars Available,2016-11-07 17:45:00,0,17.0,Monday,11.0,0,Evening
854,Airport,No Cars Available,2016-11-07 17:48:00,0,17.0,Monday,11.0,0,Evening
851,Airport,No Cars Available,2016-11-07 17:48:00,0,17.0,Monday,11.0,0,Evening
850,Airport,No Cars Available,2016-11-07 17:50:00,0,17.0,Monday,11.0,0,Evening
862,Airport,No Cars Available,2016-11-07 17:51:00,0,17.0,Monday,11.0,0,Evening
861,Airport,No Cars Available,2016-11-07 17:53:00,0,17.0,Monday,11.0,0,Evening
858,Airport,No Cars Available,2016-11-07 17:56:00,0,17.0,Monday,11.0,0,Evening
875,Airport,No Cars Available,2016-11-07 17:57:00,0,17.0,Monday,11.0,0,Evening
873,Airport,No Cars Available,2016-11-07 17:57:00,0,17.0,Monday,11.0,0,Evening
869,Airport,No Cars Available,2016-11-07 17:58:00,0,17.0,Monday,11.0,0,Evening
868,Airport,No Cars Available,2016-11-07 17:58:00,0,17.0,Monday,11.0,0,Evening
864,Airport,No Cars Available,2016-11-07 17:59:00,0,17.0,Monday,11.0,0,Evening
866,Airport,No Cars Available,2016-11-07 18:00:00,0,18.0,Monday,11.0,0,Evening
880,Airport,No Cars Available,2016-11-07 18:01:00,0,18.0,Monday,11.0,0,Evening
877,Airport,No Cars Available,2016-11-07 18:02:00,0,18.0,Monday,11.0,0,Evening
879,Airport,No Cars Available,2016-11-07 18:02:00,0,18.0,Monday,11.0,0,Evening
874,Airport,No Cars Available,2016-11-07 18:04:00,0,18.0,Monday,11.0,0,Evening
881,Airport,No Cars Available,2016-11-07 18:05:00,0,18.0,Monday,11.0,0,Evening
886,Airport,No Cars Available,2016-11-07 18:05:00,0,18.0,Monday,11.0,0,Evening
894,Airport,No Cars Available,2016-11-07 18:07:00,0,18.0,Monday,11.0,0,Evening
890,Airport,No Cars Available,2016-11-07 18:07:00,0,18.0,Monday,11.0,0,Evening
883,Airport,No Cars Available,2016-11-07 18:07:00,0,18.0,Monday,11.0,0,Evening
888,Airport,No Cars Available,2016-11-07 18:09:00,0,18.0,Monday,11.0,0,Evening
885,Airport,No Cars Available,2016-11-07 18:09:00,0,18.0,Monday,11.0,0,Evening
895,Airport,No Cars Available,2016-11-07 18:10:00,0,18.0,Monday,11.0,0,Evening
882,Airport,No Cars Available,2016-11-07 18:10:00,0,18.0,Monday,11.0,0,Evening
889,Airport,No Cars Available,2016-11-07 18:11:00,0,18.0,Monday,11.0,0,Evening
893,Airport,No Cars Available,2016-11-07 18:11:00,0,18.0,Monday,11.0,0,Evening
896,City,No Cars Available,2016-11-07 18:11:00,0,18.0,Monday,11.0,0,Evening
892,Airport,No Cars Available,2016-11-07 18:12:00,0,18.0,Monday,11.0,0,Evening
906,Airport,No Cars Available,2016-11-07 18:12:00,0,18.0,Monday,11.0,0,Evening
897,Airport,No Cars Available,2016-11-07 18:13:00,0,18.0,Monday,11.0,0,Evening
902,Airport,No Cars Available,2016-11-07 18:13:00,0,18.0,Monday,11.0,0,Evening
901,Airport,No Cars Available,2016-11-07 18:14:00,0,18.0,Monday,11.0,0,Evening
922,Airport,No Cars Available,2016-11-07 18:16:00,0,18.0,Monday,11.0,0,Evening
905,Airport,No Cars Available,2016-11-07 18:17:00,0,18.0,Monday,11.0,0,Evening
908,Airport,No Cars Available,2016-11-07 18:17:00,0,18.0,Monday,11.0,0,Evening
915,Airport,No Cars Available,2016-11-07 18:18:00,0,18.0,Monday,11.0,0,Evening
920,Airport,No Cars Available,2016-11-07 18:19:00,0,18.0,Monday,11.0,0,Evening
911,Airport,No Cars Available,2016-11-07 18:21:00,0,18.0,Monday,11.0,0,Evening
916,Airport,No Cars Available,2016-11-07 18:21:00,0,18.0,Monday,11.0,0,Evening
907,Airport,No Cars Available,2016-11-07 18:21:00,0,18.0,Monday,11.0,0,Evening
925,Airport,No Cars Available,2016-11-07 18:22:00,0,18.0,Monday,11.0,0,Evening
935,Airport,No Cars Available,2016-11-07 18:22:00,0,18.0,Monday,11.0,0,Evening
912,Airport,No Cars Available,2016-11-07 18:23:00,0,18.0,Monday,11.0,0,Evening
921,Airport,No Cars Available,2016-11-07 18:24:00,0,18.0,Monday,11.0,0,Evening
931,Airport,No Cars Available,2016-11-07 18:27:00,0,18.0,Monday,11.0,0,Evening
917,Airport,No Cars Available,2016-11-07 18:28:00,0,18.0,Monday,11.0,0,Evening
937,Airport,No Cars Available,2016-11-07 18:29:00,0,18.0,Monday,11.0,0,Evening
934,Airport,No Cars Available,2016-11-07 18:29:00,0,18.0,Monday,11.0,0,Evening
933,Airport,No Cars Available,2016-11-07 18:29:00,0,18.0,Monday,11.0,0,Evening
924,Airport,No Cars Available,2016-11-07 18:30:00,0,18.0,Monday,11.0,0,Evening
942,Airport,No Cars Available,2016-11-07 18:30:00,0,18.0,Monday,11.0,0,Evening
938,Airport,No Cars Available,2016-11-07 18:31:00,0,18.0,Monday,11.0,0,Evening
940,Airport,No Cars Available,2016-11-07 18:32:00,0,18.0,Monday,11.0,0,Evening
953,Airport,No Cars Available,2016-11-07 18:35:00,0,18.0,Monday,11.0,0,Evening
941,Airport,No Cars Available,2016-11-07 18:35:00,0,18.0,Monday,11.0,0,Evening
946,Airport,No Cars Available,2016-11-07 18:36:00,0,18.0,Monday,11.0,0,Evening
950,Airport,No Cars Available,2016-11-07 18:36:00,0,18.0,Monday,11.0,0,Evening
948,Airport,No Cars Available,2016-11-07 18:37:00,0,18.0,Monday,11.0,0,Evening
945,Airport,No Cars Available,2016-11-07 18:38:00,0,18.0,Monday,11.0,0,Evening
955,Airport,No Cars Available,2016-11-07 18:40:00,0,18.0,Monday,11.0,0,Evening
956,Airport,No Cars Available,2016-11-07 18:40:00,0,18.0,Monday,11.0,0,Evening
949,Airport,No Cars Available,2016-11-07 18:41:00,0,18.0,Monday,11.0,0,Evening
958,Airport,No Cars Available,2016-11-07 18:42:00,0,18.0,Monday,11.0,0,Evening
957,Airport,No Cars Available,2016-11-07 18:42:00,0,18.0,Monday,11.0,0,Evening
959,Airport,No Cars Available,2016-11-07 18:43:00,0,18.0,Monday,11.0,0,Evening
961,Airport,No Cars Available,2016-11-07 18:46:00,0,18.0,Monday,11.0,0,Evening
964,Airport,No Cars Available,2016-11-07 18:46:00,0,18.0,Monday,11.0,0,Evening
966,Airport,No Cars Available,2016-11-07 18:48:00,0,18.0,Monday,11.0,0,Evening
970,Airport,No Cars Available,2016-11-07 18:49:00,0,18.0,Monday,11.0,0,Evening
968,Airport,No Cars Available,2016-11-07 18:49:00,0,18.0,Monday,11.0,0,Evening
971,Airport,No Cars Available,2016-11-07 18:49:00,0,18.0,Monday,11.0,0,Evening
965,Airport,No Cars Available,2016-11-07 18:50:00,0,18.0,Monday,11.0,0,Evening
962,Airport,No Cars Available,2016-11-07 18:51:00,0,18.0,Monday,11.0,0,Evening
973,Airport,No Cars Available,2016-11-07 18:54:00,0,18.0,Monday,11.0,0,Evening
969,Airport,No Cars Available,2016-11-07 18:55:00,0,18.0,Monday,11.0,0,Evening
989,Airport,No Cars Available,2016-11-07 18:57:00,0,18.0,Monday,11.0,0,Evening
974,Airport,No Cars Available,2016-11-07 18:58:00,0,18.0,Monday,11.0,0,Evening
983,Airport,No Cars Available,2016-11-07 18:58:00,0,18.0,Monday,11.0,0,Evening
985,City,No Cars Available,2016-11-07 18:58:00,0,18.0,Monday,11.0,0,Evening
987,Airport,No Cars Available,2016-11-07 18:59:00,0,18.0,Monday,11.0,0,Evening
979,Airport,No Cars Available,2016-11-07 19:00:00,0,19.0,Monday,11.0,0,Evening
982,Airport,No Cars Available,2016-11-07 19:01:00,0,19.0,Monday,11.0,0,Evening
977,Airport,No Cars Available,2016-11-07 19:01:00,0,19.0,Monday,11.0,0,Evening
986,Airport,No Cars Available,2016-11-07 19:01:00,0,19.0,Monday,11.0,0,Evening
991,Airport,No Cars Available,2016-11-07 19:02:00,0,19.0,Monday,11.0,0,Evening
978,Airport,No Cars Available,2016-11-07 19:02:00,0,19.0,Monday,11.0,0,Evening
984,Airport,No Cars Available,2016-11-07 19:02:00,0,19.0,Monday,11.0,0,Evening
994,Airport,No Cars Available,2016-11-07 19:02:00,0,19.0,Monday,11.0,0,Evening
988,Airport,No Cars Available,2016-11-07 19:02:00,0,19.0,Monday,11.0,0,Evening
1000,Airport,No Cars Available,2016-11-07 19:02:00,0,19.0,Monday,11.0,0,Evening
990,Airport,No Cars Available,2016-11-07 19:03:00,0,19.0,Monday,11.0,0,Evening
1001,Airport,No Cars Available,2016-11-07 19:05:00,0,19.0,Monday,11.0,0,Evening
997,Airport,No Cars Available,2016-11-07 19:05:00,0,19.0,Monday,11.0,0,Evening
996,Airport,No Cars Available,2016-11-07 19:10:00,0,19.0,Monday,11.0,0,Evening
1009,Airport,No Cars Available,2016-11-07 19:11:00,0,19.0,Monday,11.0,0,Evening
1004,Airport,No Cars Available,2016-11-07 19:11:00,0,19.0,Monday,11.0,0,Evening
1003,Airport,No Cars Available,2016-11-07 19:12:00,0,19.0,Monday,11.0,0,Evening
1016,Airport,No Cars Available,2016-11-07 19:15:00,0,19.0,Monday,11.0,0,Evening
1013,Airport,No Cars Available,2016-11-07 19:15:00,0,19.0,Monday,11.0,0,Evening
1029,Airport,No Cars Available,2016-11-07 19:16:00,0,19.0,Monday,11.0,0,Evening
1017,Airport,No Cars Available,2016-11-07 19:17:00,0,19.0,Monday,11.0,0,Evening
1028,Airport,No Cars Available,2016-11-07 19:17:00,0,19.0,Monday,11.0,0,Evening
1018,Airport,No Cars Available,2016-11-07 19:17:00,0,19.0,Monday,11.0,0,Evening
1023,Airport,No Cars Available,2016-11-07 19:18:00,0,19.0,Monday,11.0,0,Evening
1025,Airport,No Cars Available,2016-11-07 19:19:00,0,19.0,Monday,11.0,0,Evening
1026,Airport,No Cars Available,2016-11-07 19:19:00,0,19.0,Monday,11.0,0,Evening
1021,Airport,No Cars Available,2016-11-07 19:20:00,0,19.0,Monday,11.0,0,Evening
1019,Airport,No Cars Available,2016-11-07 19:22:00,0,19.0,Monday,11.0,0,Evening
1022,Airport,No Cars Available,2016-11-07 19:22:00,0,19.0,Monday,11.0,0,Evening
1031,Airport,No Cars Available,2016-11-07 19:24:00,0,19.0,Monday,11.0,0,Evening
1032,Airport,No Cars Available,2016-11-07 19:24:00,0,19.0,Monday,11.0,0,Evening
1035,Airport,No Cars Available,2016-11-07 19:29:00,0,19.0,Monday,11.0,0,Evening
1033,Airport,No Cars Available,2016-11-07 19:30:00,0,19.0,Monday,11.0,0,Evening
1037,Airport,No Cars Available,2016-11-07 19:31:00,0,19.0,Monday,11.0,0,Evening
1042,Airport,No Cars Available,2016-11-07 19:33:00,0,19.0,Monday,11.0,0,Evening
1036,Airport,No Cars Available,2016-11-07 19:33:00,0,19.0,Monday,11.0,0,Evening
1041,Airport,No Cars Available,2016-11-07 19:34:00,0,19.0,Monday,11.0,0,Evening
1043,Airport,No Cars Available,2016-11-07 19:34:00,0,19.0,Monday,11.0,0,Evening
1038,Airport,No Cars Available,2016-11-07 19:35:00,0,19.0,Monday,11.0,0,Evening
1047,Airport,No Cars Available,2016-11-07 19:39:00,0,19.0,Monday,11.0,0,Evening
1045,City,No Cars Available,2016-11-07 19:40:00,0,19.0,Monday,11.0,0,Evening
1049,Airport,No Cars Available,2016-11-07 19:40:00,0,19.0,Monday,11.0,0,Evening
1048,Airport,No Cars Available,2016-11-07 19:41:00,0,19.0,Monday,11.0,0,Evening
1054,Airport,No Cars Available,2016-11-07 19:42:00,0,19.0,Monday,11.0,0,Evening
1061,Airport,No Cars Available,2016-11-07 19:44:00,0,19.0,Monday,11.0,0,Evening
1053,Airport,No Cars Available,2016-11-07 19:45:00,0,19.0,Monday,11.0,0,Evening
1055,City,No Cars Available,2016-11-07 19:46:00,0,19.0,Monday,11.0,0,Evening
1058,Airport,No Cars Available,2016-11-07 19:47:00,0,19.0,Monday,11.0,0,Evening
1063,Airport,No Cars Available,2016-11-07 19:51:00,0,19.0,Monday,11.0,0,Evening
1062,Airport,No Cars Available,2016-11-07 19:53:00,0,19.0,Monday,11.0,0,Evening
1067,Airport,No Cars Available,2016-11-07 19:53:00,0,19.0,Monday,11.0,0,Evening
1072,Airport,No Cars Available,2016-11-07 19:54:00,0,19.0,Monday,11.0,0,Evening
1069,Airport,No Cars Available,2016-11-07 19:57:00,0,19.0,Monday,11.0,0,Evening
1073,Airport,No Cars Available,2016-11-07 19:58:00,0,19.0,Monday,11.0,0,Evening
1074,Airport,No Cars Available,2016-11-07 20:00:00,0,20.0,Monday,11.0,0,Evening
1079,Airport,No Cars Available,2016-11-07 20:01:00,0,20.0,Monday,11.0,0,Evening
1075,City,No Cars Available,2016-11-07 20:01:00,0,20.0,Monday,11.0,0,Evening
1078,Airport,No Cars Available,2016-11-07 20:01:00,0,20.0,Monday,11.0,0,Evening
1076,Airport,No Cars Available,2016-11-07 20:02:00,0,20.0,Monday,11.0,0,Evening
1090,Airport,No Cars Available,2016-11-07 20:03:00,0,20.0,Monday,11.0,0,Evening
1083,Airport,No Cars Available,2016-11-07 20:04:00,0,20.0,Monday,11.0,0,Evening
1089,Airport,No Cars Available,2016-11-07 20:05:00,0,20.0,Monday,11.0,0,Evening
1091,Airport,No Cars Available,2016-11-07 20:05:00,0,20.0,Monday,11.0,0,Evening
1088,Airport,No Cars Available,2016-11-07 20:06:00,0,20.0,Monday,11.0,0,Evening
1093,Airport,No Cars Available,2016-11-07 20:06:00,0,20.0,Monday,11.0,0,Evening
1082,Airport,No Cars Available,2016-11-07 20:06:00,0,20.0,Monday,11.0,0,Evening
1081,Airport,No Cars Available,2016-11-07 20:07:00,0,20.0,Monday,11.0,0,Evening
1102,Airport,No Cars Available,2016-11-07 20:08:00,0,20.0,Monday,11.0,0,Evening
1087,Airport,No Cars Available,2016-11-07 20:09:00,0,20.0,Monday,11.0,0,Evening
1106,Airport,No Cars Available,2016-11-07 20:11:00,0,20.0,Monday,11.0,0,Evening
1096,Airport,No Cars Available,2016-11-07 20:11:00,0,20.0,Monday,11.0,0,Evening
1095,Airport,No Cars Available,2016-11-07 20:12:00,0,20.0,Monday,11.0,0,Evening
1103,Airport,No Cars Available,2016-11-07 20:12:00,0,20.0,Monday,11.0,0,Evening
1092,Airport,No Cars Available,2016-11-07 20:14:00,0,20.0,Monday,11.0,0,Evening
1099,Airport,No Cars Available,2016-11-07 20:15:00,0,20.0,Monday,11.0,0,Evening
1105,Airport,No Cars Available,2016-11-07 20:18:00,0,20.0,Monday,11.0,0,Evening
1111,Airport,No Cars Available,2016-11-07 20:22:00,0,20.0,Monday,11.0,0,Evening
1121,Airport,No Cars Available,2016-11-07 20:23:00,0,20.0,Monday,11.0,0,Evening
1124,Airport,No Cars Available,2016-11-07 20:23:00,0,20.0,Monday,11.0,0,Evening
1118,Airport,No Cars Available,2016-11-07 20:23:00,0,20.0,Monday,11.0,0,Evening
1132,City,No Cars Available,2016-11-07 20:26:00,0,20.0,Monday,11.0,0,Evening
1126,Airport,No Cars Available,2016-11-07 20:28:00,0,20.0,Monday,11.0,0,Evening
1120,Airport,No Cars Available,2016-11-07 20:29:00,0,20.0,Monday,11.0,0,Evening
1122,Airport,No Cars Available,2016-11-07 20:29:00,0,20.0,Monday,11.0,0,Evening
1125,City,No Cars Available,2016-11-07 20:29:00,0,20.0,Monday,11.0,0,Evening
1127,Airport,No Cars Available,2016-11-07 20:30:00,0,20.0,Monday,11.0,0,Evening
1128,Airport,No Cars Available,2016-11-07 20:30:00,0,20.0,Monday,11.0,0,Evening
1140,Airport,No Cars Available,2016-11-07 20:31:00,0,20.0,Monday,11.0,0,Evening
1139,Airport,No Cars Available,2016-11-07 20:33:00,0,20.0,Monday,11.0,0,Evening
1131,Airport,No Cars Available,2016-11-07 20:35:00,0,20.0,Monday,11.0,0,Evening
1143,Airport,No Cars Available,2016-11-07 20:37:00,0,20.0,Monday,11.0,0,Evening
1141,Airport,No Cars Available,2016-11-07 20:38:00,0,20.0,Monday,11.0,0,Evening
1145,Airport,No Cars Available,2016-11-07 20:40:00,0,20.0,Monday,11.0,0,Evening
1153,Airport,No Cars Available,2016-11-07 20:40:00,0,20.0,Monday,11.0,0,Evening
1146,Airport,No Cars Available,2016-11-07 20:40:00,0,20.0,Monday,11.0,0,Evening
1144,Airport,No Cars Available,2016-11-07 20:41:00,0,20.0,Monday,11.0,0,Evening
1149,Airport,No Cars Available,2016-11-07 20:43:00,0,20.0,Monday,11.0,0,Evening
1158,Airport,No Cars Available,2016-11-07 20:44:00,0,20.0,Monday,11.0,0,Evening
1148,City,No Cars Available,2016-11-07 20:45:00,0,20.0,Monday,11.0,0,Evening
1159,Airport,No Cars Available,2016-11-07 20:45:00,0,20.0,Monday,11.0,0,Evening
1150,Airport,No Cars Available,2016-11-07 20:45:00,0,20.0,Monday,11.0,0,Evening
1155,Airport,No Cars Available,2016-11-07 20:46:00,0,20.0,Monday,11.0,0,Evening
1160,Airport,No Cars Available,2016-11-07 20:47:00,0,20.0,Monday,11.0,0,Evening
1157,Airport,No Cars Available,2016-11-07 20:47:00,0,20.0,Monday,11.0,0,Evening
1161,Airport,No Cars Available,2016-11-07 20:47:00,0,20.0,Monday,11.0,0,Evening
1154,Airport,No Cars Available,2016-11-07 20:47:00,0,20.0,Monday,11.0,0,Evening
1168,Airport,No Cars Available,2016-11-07 20:48:00,0,20.0,Monday,11.0,0,Evening
1165,City,No Cars Available,2016-11-07 20:48:00,0,20.0,Monday,11.0,0,Evening
1166,Airport,No Cars Available,2016-11-07 20:49:00,0,20.0,Monday,11.0,0,Evening
1169,Airport,No Cars Available,2016-11-07 20:54:00,0,20.0,Monday,11.0,0,Evening
1173,Airport,No Cars Available,2016-11-07 20:57:00,0,20.0,Monday,11.0,0,Evening
1174,Airport,No Cars Available,2016-11-07 20:58:00,0,20.0,Monday,11.0,0,Evening
1182,Airport,No Cars Available,2016-11-07 21:00:00,0,21.0,Monday,11.0,0,Late evening
1176,Airport,No Cars Available,2016-11-07 21:01:00,0,21.0,Monday,11.0,0,Late evening
1177,Airport,No Cars Available,2016-11-07 21:03:00,0,21.0,Monday,11.0,0,Late evening
1185,Airport,No Cars Available,2016-11-07 21:05:00,0,21.0,Monday,11.0,0,Late evening
1189,Airport,No Cars Available,2016-11-07 21:08:00,0,21.0,Monday,11.0,0,Late evening
1191,Airport,No Cars Available,2016-11-07 21:10:00,0,21.0,Monday,11.0,0,Late evening
1188,City,No Cars Available,2016-11-07 21:14:00,0,21.0,Monday,11.0,0,Late evening
1192,Airport,No Cars Available,2016-11-07 21:15:00,0,21.0,Monday,11.0,0,Late evening
1195,Airport,No Cars Available,2016-11-07 21:15:00,0,21.0,Monday,11.0,0,Late evening
1194,Airport,No Cars Available,2016-11-07 21:15:00,0,21.0,Monday,11.0,0,Late evening
1198,Airport,No Cars Available,2016-11-07 21:16:00,0,21.0,Monday,11.0,0,Late evening
1193,Airport,No Cars Available,2016-11-07 21:17:00,0,21.0,Monday,11.0,0,Late evening
1204,Airport,No Cars Available,2016-11-07 21:18:00,0,21.0,Monday,11.0,0,Late evening
1201,Airport,No Cars Available,2016-11-07 21:19:00,0,21.0,Monday,11.0,0,Late evening
1205,Airport,No Cars Available,2016-11-07 21:20:00,0,21.0,Monday,11.0,0,Late evening
1211,Airport,No Cars Available,2016-11-07 21:25:00,0,21.0,Monday,11.0,0,Late evening
1213,Airport,No Cars Available,2016-11-07 21:26:00,0,21.0,Monday,11.0,0,Late evening
1219,Airport,No Cars Available,2016-11-07 21:26:00,0,21.0,Monday,11.0,0,Late evening
1218,Airport,No Cars Available,2016-11-07 21:26:00,0,21.0,Monday,11.0,0,Late evening
1208,Airport,No Cars Available,2016-11-07 21:28:00,0,21.0,Monday,11.0,0,Late evening
1220,Airport,No Cars Available,2016-11-07 21:29:00,0,21.0,Monday,11.0,0,Late evening
1212,Airport,No Cars Available,2016-11-07 21:29:00,0,21.0,Monday,11.0,0,Late evening
1223,Airport,No Cars Available,2016-11-07 21:29:00,0,21.0,Monday,11.0,0,Late evening
1222,Airport,No Cars Available,2016-11-07 21:29:00,0,21.0,Monday,11.0,0,Late evening
1209,Airport,No Cars Available,2016-11-07 21:30:00,0,21.0,Monday,11.0,0,Late evening
1239,Airport,No Cars Available,2016-11-07 21:34:00,0,21.0,Monday,11.0,0,Late evening
1221,Airport,No Cars Available,2016-11-07 21:35:00,0,21.0,Monday,11.0,0,Late evening
1229,Airport,No Cars Available,2016-11-07 21:35:00,0,21.0,Monday,11.0,0,Late evening
1242,Airport,No Cars Available,2016-11-07 21:36:00,0,21.0,Monday,11.0,0,Late evening
1237,Airport,No Cars Available,2016-11-07 21:37:00,0,21.0,Monday,11.0,0,Late evening
1225,Airport,No Cars Available,2016-11-07 21:37:00,0,21.0,Monday,11.0,0,Late evening
1224,Airport,No Cars Available,2016-11-07 21:38:00,0,21.0,Monday,11.0,0,Late evening
1243,Airport,No Cars Available,2016-11-07 21:38:00,0,21.0,Monday,11.0,0,Late evening
1232,Airport,No Cars Available,2016-11-07 21:39:00,0,21.0,Monday,11.0,0,Late evening
1236,Airport,No Cars Available,2016-11-07 21:39:00,0,21.0,Monday,11.0,0,Late evening
1226,City,No Cars Available,2016-11-07 21:39:00,0,21.0,Monday,11.0,0,Late evening
1230,Airport,No Cars Available,2016-11-07 21:42:00,0,21.0,Monday,11.0,0,Late evening
1240,Airport,No Cars Available,2016-11-07 21:43:00,0,21.0,Monday,11.0,0,Late evening
1235,Airport,No Cars Available,2016-11-07 21:43:00,0,21.0,Monday,11.0,0,Late evening
1248,Airport,No Cars Available,2016-11-07 21:44:00,0,21.0,Monday,11.0,0,Late evening
1234,Airport,No Cars Available,2016-11-07 21:45:00,0,21.0,Monday,11.0,0,Late evening
1246,Airport,No Cars Available,2016-11-07 21:47:00,0,21.0,Monday,11.0,0,Late evening
1249,Airport,No Cars Available,2016-11-07 21:49:00,0,21.0,Monday,11.0,0,Late evening
1250,Airport,No Cars Available,2016-11-07 21:50:00,0,21.0,Monday,11.0,0,Late evening
1255,Airport,No Cars Available,2016-11-07 21:54:00,0,21.0,Monday,11.0,0,Late evening
1257,Airport,No Cars Available,2016-11-07 21:55:00,0,21.0,Monday,11.0,0,Late evening
1256,Airport,No Cars Available,2016-11-07 21:55:00,0,21.0,Monday,11.0,0,Late evening
1259,Airport,No Cars Available,2016-11-07 21:58:00,0,21.0,Monday,11.0,0,Late evening
1253,Airport,No Cars Available,2016-11-07 21:58:00,0,21.0,Monday,11.0,0,Late evening
1269,Airport,No Cars Available,2016-11-07 21:59:00,0,21.0,Monday,11.0,0,Late evening
1270,Airport,No Cars Available,2016-11-07 22:00:00,0,22.0,Monday,11.0,0,Late evening
1261,Airport,No Cars Available,2016-11-07 22:01:00,0,22.0,Monday,11.0,0,Late evening
1263,Airport,No Cars Available,2016-11-07 22:02:00,0,22.0,Monday,11.0,0,Late evening
1265,Airport,No Cars Available,2016-11-07 22:02:00,0,22.0,Monday,11.0,0,Late evening
1276,Airport,No Cars Available,2016-11-07 22:04:00,0,22.0,Monday,11.0,0,Late evening
1268,Airport,No Cars Available,2016-11-07 22:04:00,0,22.0,Monday,11.0,0,Late evening
1264,Airport,No Cars Available,2016-11-07 22:05:00,0,22.0,Monday,11.0,0,Late evening
1282,Airport,No Cars Available,2016-11-07 22:08:00,0,22.0,Monday,11.0,0,Late evening
1280,Airport,No Cars Available,2016-11-07 22:09:00,0,22.0,Monday,11.0,0,Late evening
1284,Airport,No Cars Available,2016-11-07 22:17:00,0,22.0,Monday,11.0,0,Late evening
1288,City,No Cars Available,2016-11-07 22:20:00,0,22.0,Monday,11.0,0,Late evening
1287,Airport,No Cars Available,2016-11-07 22:20:00,0,22.0,Monday,11.0,0,Late evening
1292,City,No Cars Available,2016-11-07 22:23:00,0,22.0,Monday,11.0,0,Late evening
1291,City,No Cars Available,2016-11-07 22:25:00,0,22.0,Monday,11.0,0,Late evening
1298,City,No Cars Available,2016-11-07 22:28:00,0,22.0,Monday,11.0,0,Late evening
1302,City,No Cars Available,2016-11-07 22:30:00,0,22.0,Monday,11.0,0,Late evening
1305,City,No Cars Available,2016-11-07 22:31:00,0,22.0,Monday,11.0,0,Late evening
1304,City,No Cars Available,2016-11-07 22:35:00,0,22.0,Monday,11.0,0,Late evening
1311,City,No Cars Available,2016-11-07 22:49:00,0,22.0,Monday,11.0,0,Late evening
1313,Airport,No Cars Available,2016-11-07 22:50:00,0,22.0,Monday,11.0,0,Late evening
1323,City,No Cars Available,2016-11-07 23:00:00,0,23.0,Monday,11.0,0,Late evening
1322,Airport,No Cars Available,2016-11-07 23:04:00,0,23.0,Monday,11.0,0,Late evening
1328,Airport,No Cars Available,2016-11-07 23:07:00,0,23.0,Monday,11.0,0,Late evening
1327,Airport,No Cars Available,2016-11-07 23:10:00,0,23.0,Monday,11.0,0,Late evening
1331,Airport,No Cars Available,2016-11-07 23:13:00,0,23.0,Monday,11.0,0,Late evening
1332,City,No Cars Available,2016-11-07 23:14:00,0,23.0,Monday,11.0,0,Late evening
1334,City,No Cars Available,2016-11-07 23:19:00,0,23.0,Monday,11.0,0,Late evening
1335,City,No Cars Available,2016-11-07 23:20:00,0,23.0,Monday,11.0,0,Late evening
1337,Airport,No Cars Available,2016-11-07 23:22:00,0,23.0,Monday,11.0,0,Late evening
1342,City,No Cars Available,2016-11-07 23:30:00,0,23.0,Monday,11.0,0,Late evening
1348,City,No Cars Available,2016-11-07 23:42:00,0,23.0,Monday,11.0,0,Late evening
1347,City,No Cars Available,2016-11-07 23:44:00,0,23.0,Monday,11.0,0,Late evening
1355,Airport,No Cars Available,2016-11-07 23:45:00,0,23.0,Monday,11.0,0,Late evening
1352,Airport,No Cars Available,2016-11-07 23:49:00,0,23.0,Monday,11.0,0,Late evening
1357,City,No Cars Available,2016-11-07 23:52:00,0,23.0,Monday,11.0,0,Late evening
1358,City,No Cars Available,2016-11-07 23:57:00,0,23.0,Monday,11.0,0,Late evening
1361,City,No Cars Available,2016-11-07 23:58:00,0,23.0,Monday,11.0,0,Late evening
2682,Airport,No Cars Available,2016-12-07 00:10:00,0,0.0,Wednesday,12.0,0,Night
2680,City,No Cars Available,2016-12-07 00:12:00,0,0.0,Wednesday,12.0,0,Night
1370,Airport,No Cars Available,2016-12-07 00:22:00,0,0.0,Wednesday,12.0,0,Night
1372,City,No Cars Available,2016-12-07 00:28:00,0,0.0,Wednesday,12.0,0,Night
1373,City,No Cars Available,2016-12-07 00:34:00,0,0.0,Wednesday,12.0,0,Night
1375,City,No Cars Available,2016-12-07 00:38:00,0,0.0,Wednesday,12.0,0,Night
1374,Airport,No Cars Available,2016-12-07 00:40:00,0,0.0,Wednesday,12.0,0,Night
1376,Airport,No Cars Available,2016-12-07 00:40:00,0,0.0,Wednesday,12.0,0,Night
1379,Airport,No Cars Available,2016-12-07 00:58:00,0,0.0,Wednesday,12.0,0,Night
1378,Airport,No Cars Available,2016-12-07 00:59:00,0,0.0,Wednesday,12.0,0,Night
1385,Airport,No Cars Available,2016-12-07 01:28:00,0,1.0,Wednesday,12.0,0,Night
1388,City,No Cars Available,2016-12-07 01:47:00,0,1.0,Wednesday,12.0,0,Night
1389,Airport,No Cars Available,2016-12-07 01:54:00,0,1.0,Wednesday,12.0,0,Night
1390,Airport,No Cars Available,2016-12-07 02:03:00,0,2.0,Wednesday,12.0,0,Night
1392,City,No Cars Available,2016-12-07 02:08:00,0,2.0,Wednesday,12.0,0,Night
1393,City,No Cars Available,2016-12-07 02:08:00,0,2.0,Wednesday,12.0,0,Night
1391,City,No Cars Available,2016-12-07 02:09:00,0,2.0,Wednesday,12.0,0,Night
1394,Airport,No Cars Available,2016-12-07 02:13:00,0,2.0,Wednesday,12.0,0,Night
1395,Airport,No Cars Available,2016-12-07 02:24:00,0,2.0,Wednesday,12.0,0,Night
1396,Airport,No Cars Available,2016-12-07 02:26:00,0,2.0,Wednesday,12.0,0,Night
1397,City,No Cars Available,2016-12-07 02:33:00,0,2.0,Wednesday,12.0,0,Night
1398,City,No Cars Available,2016-12-07 02:33:00,0,2.0,Wednesday,12.0,0,Night
1400,Airport,No Cars Available,2016-12-07 02:36:00,0,2.0,Wednesday,12.0,0,Night
1404,Airport,No Cars Available,2016-12-07 02:56:00,0,2.0,Wednesday,12.0,0,Night
1405,Airport,No Cars Available,2016-12-07 02:57:00,0,2.0,Wednesday,12.0,0,Night
1409,Airport,No Cars Available,2016-12-07 03:13:00,0,3.0,Wednesday,12.0,0,Night
1407,Airport,No Cars Available,2016-12-07 03:13:00,0,3.0,Wednesday,12.0,0,Night
1411,City,No Cars Available,2016-12-07 03:19:00,0,3.0,Wednesday,12.0,0,Night
1412,Airport,No Cars Available,2016-12-07 03:19:00,0,3.0,Wednesday,12.0,0,Night
1415,Airport,No Cars Available,2016-12-07 03:23:00,0,3.0,Wednesday,12.0,0,Night
1416,City,No Cars Available,2016-12-07 03:25:00,0,3.0,Wednesday,12.0,0,Night
1413,City,No Cars Available,2016-12-07 03:31:00,0,3.0,Wednesday,12.0,0,Night
1418,Airport,No Cars Available,2016-12-07 03:51:00,0,3.0,Wednesday,12.0,0,Night
1420,City,No Cars Available,2016-12-07 04:02:00,0,4.0,Wednesday,12.0,0,Night
1421,City,No Cars Available,2016-12-07 04:05:00,0,4.0,Wednesday,12.0,0,Night
1423,Airport,No Cars Available,2016-12-07 04:15:00,0,4.0,Wednesday,12.0,0,Night
1427,Airport,No Cars Available,2016-12-07 04:28:00,0,4.0,Wednesday,12.0,0,Night
1424,Airport,No Cars Available,2016-12-07 04:29:00,0,4.0,Wednesday,12.0,0,Night
1428,Airport,No Cars Available,2016-12-07 04:35:00,0,4.0,Wednesday,12.0,0,Night
1431,Airport,No Cars Available,2016-12-07 04:40:00,0,4.0,Wednesday,12.0,0,Night
1432,City,No Cars Available,2016-12-07 04:40:00,0,4.0,Wednesday,12.0,0,Night
1430,City,No Cars Available,2016-12-07 04:42:00,0,4.0,Wednesday,12.0,0,Night
1440,Airport,No Cars Available,2016-12-07 04:44:00,0,4.0,Wednesday,12.0,0,Night
1438,City,No Cars Available,2016-12-07 04:44:00,0,4.0,Wednesday,12.0,0,Night
1433,City,No Cars Available,2016-12-07 04:46:00,0,4.0,Wednesday,12.0,0,Night
1448,City,No Cars Available,2016-12-07 04:48:00,0,4.0,Wednesday,12.0,0,Night
1441,City,No Cars Available,2016-12-07 04:49:00,0,4.0,Wednesday,12.0,0,Night
1443,City,No Cars Available,2016-12-07 04:50:00,0,4.0,Wednesday,12.0,0,Night
1460,City,No Cars Available,2016-12-07 04:56:00,0,4.0,Wednesday,12.0,0,Night
1463,City,No Cars Available,2016-12-07 05:02:00,0,5.0,Wednesday,12.0,0,Night
1466,City,No Cars Available,2016-12-07 05:06:00,0,5.0,Wednesday,12.0,0,Night
1470,City,No Cars Available,2016-12-07 05:06:00,0,5.0,Wednesday,12.0,0,Night
1473,City,No Cars Available,2016-12-07 05:18:00,0,5.0,Wednesday,12.0,0,Night
1482,City,No Cars Available,2016-12-07 05:22:00,0,5.0,Wednesday,12.0,0,Night
1494,City,No Cars Available,2016-12-07 05:29:00,0,5.0,Wednesday,12.0,0,Night
1512,City,No Cars Available,2016-12-07 05:45:00,0,5.0,Wednesday,12.0,0,Night
1523,City,No Cars Available,2016-12-07 05:49:00,0,5.0,Wednesday,12.0,0,Night
1522,City,No Cars Available,2016-12-07 05:52:00,0,5.0,Wednesday,12.0,0,Night
1530,City,No Cars Available,2016-12-07 05:52:00,0,5.0,Wednesday,12.0,0,Night
1542,City,No Cars Available,2016-12-07 05:54:00,0,5.0,Wednesday,12.0,0,Night
1535,City,No Cars Available,2016-12-07 05:58:00,0,5.0,Wednesday,12.0,0,Night
1546,City,No Cars Available,2016-12-07 06:02:00,0,6.0,Wednesday,12.0,0,Morning
1552,City,No Cars Available,2016-12-07 06:05:00,0,6.0,Wednesday,12.0,0,Morning
1538,City,No Cars Available,2016-12-07 06:06:00,0,6.0,Wednesday,12.0,0,Morning
1547,City,No Cars Available,2016-12-07 06:07:00,0,6.0,Wednesday,12.0,0,Morning
1556,City,No Cars Available,2016-12-07 06:10:00,0,6.0,Wednesday,12.0,0,Morning
1579,City,No Cars Available,2016-12-07 06:28:00,0,6.0,Wednesday,12.0,0,Morning
1570,Airport,No Cars Available,2016-12-07 06:28:00,0,6.0,Wednesday,12.0,0,Morning
1580,City,No Cars Available,2016-12-07 06:29:00,0,6.0,Wednesday,12.0,0,Morning
1586,City,No Cars Available,2016-12-07 06:29:00,0,6.0,Wednesday,12.0,0,Morning
1583,City,No Cars Available,2016-12-07 06:30:00,0,6.0,Wednesday,12.0,0,Morning
1593,City,No Cars Available,2016-12-07 06:30:00,0,6.0,Wednesday,12.0,0,Morning
1590,City,No Cars Available,2016-12-07 06:35:00,0,6.0,Wednesday,12.0,0,Morning
1605,City,No Cars Available,2016-12-07 06:39:00,0,6.0,Wednesday,12.0,0,Morning
1602,City,No Cars Available,2016-12-07 06:41:00,0,6.0,Wednesday,12.0,0,Morning
1609,City,No Cars Available,2016-12-07 06:43:00,0,6.0,Wednesday,12.0,0,Morning
1610,City,No Cars Available,2016-12-07 06:45:00,0,6.0,Wednesday,12.0,0,Morning
1608,City,No Cars Available,2016-12-07 06:50:00,0,6.0,Wednesday,12.0,0,Morning
1622,City,No Cars Available,2016-12-07 06:55:00,0,6.0,Wednesday,12.0,0,Morning
1631,City,No Cars Available,2016-12-07 07:04:00,0,7.0,Wednesday,12.0,0,Morning
1624,Airport,No Cars Available,2016-12-07 07:04:00,0,7.0,Wednesday,12.0,0,Morning
1639,City,No Cars Available,2016-12-07 07:12:00,0,7.0,Wednesday,12.0,0,Morning
1646,City,No Cars Available,2016-12-07 07:18:00,0,7.0,Wednesday,12.0,0,Morning
1673,City,No Cars Available,2016-12-07 07:46:00,0,7.0,Wednesday,12.0,0,Morning
1685,City,No Cars Available,2016-12-07 07:47:00,0,7.0,Wednesday,12.0,0,Morning
1717,City,No Cars Available,2016-12-07 08:07:00,0,8.0,Wednesday,12.0,0,Morning
1716,City,No Cars Available,2016-12-07 08:07:00,0,8.0,Wednesday,12.0,0,Morning
1710,City,No Cars Available,2016-12-07 08:11:00,0,8.0,Wednesday,12.0,0,Morning
1711,City,No Cars Available,2016-12-07 08:12:00,0,8.0,Wednesday,12.0,0,Morning
1715,City,No Cars Available,2016-12-07 08:13:00,0,8.0,Wednesday,12.0,0,Morning
1719,City,No Cars Available,2016-12-07 08:14:00,0,8.0,Wednesday,12.0,0,Morning
1720,City,No Cars Available,2016-12-07 08:16:00,0,8.0,Wednesday,12.0,0,Morning
1727,City,No Cars Available,2016-12-07 08:17:00,0,8.0,Wednesday,12.0,0,Morning
1729,City,No Cars Available,2016-12-07 08:19:00,0,8.0,Wednesday,12.0,0,Morning
1731,City,No Cars Available,2016-12-07 08:26:00,0,8.0,Wednesday,12.0,0,Morning
1736,City,No Cars Available,2016-12-07 08:26:00,0,8.0,Wednesday,12.0,0,Morning
1746,City,No Cars Available,2016-12-07 08:30:00,0,8.0,Wednesday,12.0,0,Morning
1737,City,No Cars Available,2016-12-07 08:30:00,0,8.0,Wednesday,12.0,0,Morning
1740,City,No Cars Available,2016-12-07 08:32:00,0,8.0,Wednesday,12.0,0,Morning
1752,City,No Cars Available,2016-12-07 08:36:00,0,8.0,Wednesday,12.0,0,Morning
1753,City,No Cars Available,2016-12-07 08:39:00,0,8.0,Wednesday,12.0,0,Morning
1750,City,No Cars Available,2016-12-07 08:43:00,0,8.0,Wednesday,12.0,0,Morning
1760,City,No Cars Available,2016-12-07 08:45:00,0,8.0,Wednesday,12.0,0,Morning
1761,Airport,No Cars Available,2016-12-07 08:48:00,0,8.0,Wednesday,12.0,0,Morning
1765,Airport,No Cars Available,2016-12-07 08:48:00,0,8.0,Wednesday,12.0,0,Morning
1768,City,No Cars Available,2016-12-07 08:53:00,0,8.0,Wednesday,12.0,0,Morning
1764,City,No Cars Available,2016-12-07 08:54:00,0,8.0,Wednesday,12.0,0,Morning
1779,Airport,No Cars Available,2016-12-07 08:55:00,0,8.0,Wednesday,12.0,0,Morning
1785,City,No Cars Available,2016-12-07 09:03:00,0,9.0,Wednesday,12.0,0,Morning
1783,City,No Cars Available,2016-12-07 09:06:00,0,9.0,Wednesday,12.0,0,Morning
1792,City,No Cars Available,2016-12-07 09:10:00,0,9.0,Wednesday,12.0,0,Morning
1799,City,No Cars Available,2016-12-07 09:11:00,0,9.0,Wednesday,12.0,0,Morning
1803,City,No Cars Available,2016-12-07 09:13:00,0,9.0,Wednesday,12.0,0,Morning
1806,City,No Cars Available,2016-12-07 09:15:00,0,9.0,Wednesday,12.0,0,Morning
1813,Airport,No Cars Available,2016-12-07 09:19:00,0,9.0,Wednesday,12.0,0,Morning
1823,City,No Cars Available,2016-12-07 09:31:00,0,9.0,Wednesday,12.0,0,Morning
1822,City,No Cars Available,2016-12-07 09:31:00,0,9.0,Wednesday,12.0,0,Morning
1824,City,No Cars Available,2016-12-07 09:31:00,0,9.0,Wednesday,12.0,0,Morning
1856,Airport,No Cars Available,2016-12-07 09:45:00,0,9.0,Wednesday,12.0,0,Morning
1847,City,No Cars Available,2016-12-07 09:45:00,0,9.0,Wednesday,12.0,0,Morning
1857,City,No Cars Available,2016-12-07 09:46:00,0,9.0,Wednesday,12.0,0,Morning
1855,City,No Cars Available,2016-12-07 09:50:00,0,9.0,Wednesday,12.0,0,Morning
1859,City,No Cars Available,2016-12-07 09:54:00,0,9.0,Wednesday,12.0,0,Morning
1862,Airport,No Cars Available,2016-12-07 09:56:00,0,9.0,Wednesday,12.0,0,Morning
1869,City,No Cars Available,2016-12-07 09:57:00,0,9.0,Wednesday,12.0,0,Morning
1878,City,No Cars Available,2016-12-07 10:01:00,0,10.0,Wednesday,12.0,0,Morning
1872,City,No Cars Available,2016-12-07 10:02:00,0,10.0,Wednesday,12.0,0,Morning
1879,City,No Cars Available,2016-12-07 10:02:00,0,10.0,Wednesday,12.0,0,Morning
1884,Airport,No Cars Available,2016-12-07 10:09:00,0,10.0,Wednesday,12.0,0,Morning
1892,Airport,No Cars Available,2016-12-07 10:22:00,0,10.0,Wednesday,12.0,0,Morning
1905,City,No Cars Available,2016-12-07 10:33:00,0,10.0,Wednesday,12.0,0,Morning
1904,City,No Cars Available,2016-12-07 10:35:00,0,10.0,Wednesday,12.0,0,Morning
1912,Airport,No Cars Available,2016-12-07 10:44:00,0,10.0,Wednesday,12.0,0,Morning
1913,Airport,No Cars Available,2016-12-07 10:47:00,0,10.0,Wednesday,12.0,0,Morning
1917,City,No Cars Available,2016-12-07 10:50:00,0,10.0,Wednesday,12.0,0,Morning
1922,Airport,No Cars Available,2016-12-07 11:03:00,0,11.0,Wednesday,12.0,0,Morning
1926,City,No Cars Available,2016-12-07 11:10:00,0,11.0,Wednesday,12.0,0,Morning
1936,City,No Cars Available,2016-12-07 11:17:00,0,11.0,Wednesday,12.0,0,Morning
1933,City,No Cars Available,2016-12-07 11:21:00,0,11.0,Wednesday,12.0,0,Morning
1943,City,No Cars Available,2016-12-07 11:22:00,0,11.0,Wednesday,12.0,0,Morning
1951,Airport,No Cars Available,2016-12-07 11:29:00,0,11.0,Wednesday,12.0,0,Morning
1944,City,No Cars Available,2016-12-07 11:30:00,0,11.0,Wednesday,12.0,0,Morning
1965,City,No Cars Available,2016-12-07 11:59:00,0,11.0,Wednesday,12.0,0,Morning
1964,City,No Cars Available,2016-12-07 12:02:00,0,12.0,Wednesday,12.0,0,Afternoon
1967,City,No Cars Available,2016-12-07 12:10:00,0,12.0,Wednesday,12.0,0,Afternoon
1970,Airport,No Cars Available,2016-12-07 12:14:00,0,12.0,Wednesday,12.0,0,Afternoon
1980,Airport,No Cars Available,2016-12-07 12:23:00,0,12.0,Wednesday,12.0,0,Afternoon
1987,City,No Cars Available,2016-12-07 12:31:00,0,12.0,Wednesday,12.0,0,Afternoon
1988,Airport,No Cars Available,2016-12-07 12:33:00,0,12.0,Wednesday,12.0,0,Afternoon
1990,City,No Cars Available,2016-12-07 12:40:00,0,12.0,Wednesday,12.0,0,Afternoon
1992,City,No Cars Available,2016-12-07 12:44:00,0,12.0,Wednesday,12.0,0,Afternoon
1998,City,No Cars Available,2016-12-07 12:57:00,0,12.0,Wednesday,12.0,0,Afternoon
2002,City,No Cars Available,2016-12-07 13:06:00,0,13.0,Wednesday,12.0,0,Afternoon
2004,Airport,No Cars Available,2016-12-07 13:20:00,0,13.0,Wednesday,12.0,0,Afternoon
2006,Airport,No Cars Available,2016-12-07 13:22:00,0,13.0,Wednesday,12.0,0,Afternoon
2005,Airport,No Cars Available,2016-12-07 13:22:00,0,13.0,Wednesday,12.0,0,Afternoon
2012,Airport,No Cars Available,2016-12-07 13:28:00,0,13.0,Wednesday,12.0,0,Afternoon
2015,City,No Cars Available,2016-12-07 13:39:00,0,13.0,Wednesday,12.0,0,Afternoon
2021,Airport,No Cars Available,2016-12-07 13:47:00,0,13.0,Wednesday,12.0,0,Afternoon
2023,Airport,No Cars Available,2016-12-07 13:53:00,0,13.0,Wednesday,12.0,0,Afternoon
2027,City,No Cars Available,2016-12-07 14:09:00,0,14.0,Wednesday,12.0,0,Afternoon
2028,City,No Cars Available,2016-12-07 14:13:00,0,14.0,Wednesday,12.0,0,Afternoon
2036,City,No Cars Available,2016-12-07 14:18:00,0,14.0,Wednesday,12.0,0,Afternoon
2038,City,No Cars Available,2016-12-07 14:26:00,0,14.0,Wednesday,12.0,0,Afternoon
2054,City,No Cars Available,2016-12-07 14:48:00,0,14.0,Wednesday,12.0,0,Afternoon
2051,City,No Cars Available,2016-12-07 14:48:00,0,14.0,Wednesday,12.0,0,Afternoon
2056,City,No Cars Available,2016-12-07 14:57:00,0,14.0,Wednesday,12.0,0,Afternoon
2059,City,No Cars Available,2016-12-07 14:59:00,0,14.0,Wednesday,12.0,0,Afternoon
2058,Airport,No Cars Available,2016-12-07 15:04:00,0,15.0,Wednesday,12.0,0,Afternoon
2063,City,No Cars Available,2016-12-07 15:08:00,0,15.0,Wednesday,12.0,0,Afternoon
2066,Airport,No Cars Available,2016-12-07 15:12:00,0,15.0,Wednesday,12.0,0,Afternoon
2071,City,No Cars Available,2016-12-07 15:19:00,0,15.0,Wednesday,12.0,0,Afternoon
2072,Airport,No Cars Available,2016-12-07 15:21:00,0,15.0,Wednesday,12.0,0,Afternoon
2081,Airport,No Cars Available,2016-12-07 15:37:00,0,15.0,Wednesday,12.0,0,Afternoon
2080,City,No Cars Available,2016-12-07 15:39:00,0,15.0,Wednesday,12.0,0,Afternoon
2091,City,No Cars Available,2016-12-07 15:53:00,0,15.0,Wednesday,12.0,0,Afternoon
2092,City,No Cars Available,2016-12-07 15:55:00,0,15.0,Wednesday,12.0,0,Afternoon
2093,City,No Cars Available,2016-12-07 15:56:00,0,15.0,Wednesday,12.0,0,Afternoon
2090,City,No Cars Available,2016-12-07 15:57:00,0,15.0,Wednesday,12.0,0,Afternoon
2100,City,No Cars Available,2016-12-07 16:08:00,0,16.0,Wednesday,12.0,0,Afternoon
2115,City,No Cars Available,2016-12-07 16:41:00,0,16.0,Wednesday,12.0,0,Afternoon
2121,City,No Cars Available,2016-12-07 16:48:00,0,16.0,Wednesday,12.0,0,Afternoon
2127,City,No Cars Available,2016-12-07 17:02:00,0,17.0,Wednesday,12.0,0,Evening
2132,Airport,No Cars Available,2016-12-07 17:06:00,0,17.0,Wednesday,12.0,0,Evening
2128,Airport,No Cars Available,2016-12-07 17:06:00,0,17.0,Wednesday,12.0,0,Evening
2140,City,No Cars Available,2016-12-07 17:09:00,0,17.0,Wednesday,12.0,0,Evening
2142,Airport,No Cars Available,2016-12-07 17:13:00,0,17.0,Wednesday,12.0,0,Evening
2133,Airport,No Cars Available,2016-12-07 17:16:00,0,17.0,Wednesday,12.0,0,Evening
2138,Airport,No Cars Available,2016-12-07 17:17:00,0,17.0,Wednesday,12.0,0,Evening
2139,City,No Cars Available,2016-12-07 17:17:00,0,17.0,Wednesday,12.0,0,Evening
2141,Airport,No Cars Available,2016-12-07 17:18:00,0,17.0,Wednesday,12.0,0,Evening
2149,Airport,No Cars Available,2016-12-07 17:18:00,0,17.0,Wednesday,12.0,0,Evening
2145,Airport,No Cars Available,2016-12-07 17:19:00,0,17.0,Wednesday,12.0,0,Evening
2153,City,No Cars Available,2016-12-07 17:19:00,0,17.0,Wednesday,12.0,0,Evening
2144,Airport,No Cars Available,2016-12-07 17:21:00,0,17.0,Wednesday,12.0,0,Evening
2137,Airport,No Cars Available,2016-12-07 17:22:00,0,17.0,Wednesday,12.0,0,Evening
2151,Airport,No Cars Available,2016-12-07 17:23:00,0,17.0,Wednesday,12.0,0,Evening
2155,Airport,No Cars Available,2016-12-07 17:23:00,0,17.0,Wednesday,12.0,0,Evening
2159,Airport,No Cars Available,2016-12-07 17:25:00,0,17.0,Wednesday,12.0,0,Evening
2154,Airport,No Cars Available,2016-12-07 17:26:00,0,17.0,Wednesday,12.0,0,Evening
2158,Airport,No Cars Available,2016-12-07 17:26:00,0,17.0,Wednesday,12.0,0,Evening
2156,Airport,No Cars Available,2016-12-07 17:27:00,0,17.0,Wednesday,12.0,0,Evening
2164,Airport,No Cars Available,2016-12-07 17:28:00,0,17.0,Wednesday,12.0,0,Evening
2161,Airport,No Cars Available,2016-12-07 17:29:00,0,17.0,Wednesday,12.0,0,Evening
2157,Airport,No Cars Available,2016-12-07 17:30:00,0,17.0,Wednesday,12.0,0,Evening
2170,Airport,No Cars Available,2016-12-07 17:35:00,0,17.0,Wednesday,12.0,0,Evening
2175,Airport,No Cars Available,2016-12-07 17:35:00,0,17.0,Wednesday,12.0,0,Evening
2174,Airport,No Cars Available,2016-12-07 17:36:00,0,17.0,Wednesday,12.0,0,Evening
2176,Airport,No Cars Available,2016-12-07 17:37:00,0,17.0,Wednesday,12.0,0,Evening
2171,Airport,No Cars Available,2016-12-07 17:38:00,0,17.0,Wednesday,12.0,0,Evening
2178,Airport,No Cars Available,2016-12-07 17:38:00,0,17.0,Wednesday,12.0,0,Evening
2183,Airport,No Cars Available,2016-12-07 17:40:00,0,17.0,Wednesday,12.0,0,Evening
2172,City,No Cars Available,2016-12-07 17:40:00,0,17.0,Wednesday,12.0,0,Evening
2177,City,No Cars Available,2016-12-07 17:41:00,0,17.0,Wednesday,12.0,0,Evening
2184,Airport,No Cars Available,2016-12-07 17:42:00,0,17.0,Wednesday,12.0,0,Evening
2186,City,No Cars Available,2016-12-07 17:43:00,0,17.0,Wednesday,12.0,0,Evening
2189,Airport,No Cars Available,2016-12-07 17:43:00,0,17.0,Wednesday,12.0,0,Evening
2185,Airport,No Cars Available,2016-12-07 17:43:00,0,17.0,Wednesday,12.0,0,Evening
2188,Airport,No Cars Available,2016-12-07 17:46:00,0,17.0,Wednesday,12.0,0,Evening
2196,Airport,No Cars Available,2016-12-07 17:46:00,0,17.0,Wednesday,12.0,0,Evening
2190,Airport,No Cars Available,2016-12-07 17:46:00,0,17.0,Wednesday,12.0,0,Evening
2191,Airport,No Cars Available,2016-12-07 17:46:00,0,17.0,Wednesday,12.0,0,Evening
2193,Airport,No Cars Available,2016-12-07 17:47:00,0,17.0,Wednesday,12.0,0,Evening
2199,Airport,No Cars Available,2016-12-07 17:47:00,0,17.0,Wednesday,12.0,0,Evening
2194,Airport,No Cars Available,2016-12-07 17:48:00,0,17.0,Wednesday,12.0,0,Evening
2201,Airport,No Cars Available,2016-12-07 17:49:00,0,17.0,Wednesday,12.0,0,Evening
2204,Airport,No Cars Available,2016-12-07 17:51:00,0,17.0,Wednesday,12.0,0,Evening
2198,Airport,No Cars Available,2016-12-07 17:51:00,0,17.0,Wednesday,12.0,0,Evening
2202,Airport,No Cars Available,2016-12-07 17:52:00,0,17.0,Wednesday,12.0,0,Evening
2205,Airport,No Cars Available,2016-12-07 17:54:00,0,17.0,Wednesday,12.0,0,Evening
2212,Airport,No Cars Available,2016-12-07 17:56:00,0,17.0,Wednesday,12.0,0,Evening
2213,Airport,No Cars Available,2016-12-07 17:58:00,0,17.0,Wednesday,12.0,0,Evening
2215,Airport,No Cars Available,2016-12-07 17:59:00,0,17.0,Wednesday,12.0,0,Evening
2219,Airport,No Cars Available,2016-12-07 18:00:00,0,18.0,Wednesday,12.0,0,Evening
2214,Airport,No Cars Available,2016-12-07 18:01:00,0,18.0,Wednesday,12.0,0,Evening
2216,Airport,No Cars Available,2016-12-07 18:02:00,0,18.0,Wednesday,12.0,0,Evening
2217,City,No Cars Available,2016-12-07 18:02:00,0,18.0,Wednesday,12.0,0,Evening
2210,Airport,No Cars Available,2016-12-07 18:03:00,0,18.0,Wednesday,12.0,0,Evening
2218,Airport,No Cars Available,2016-12-07 18:04:00,0,18.0,Wednesday,12.0,0,Evening
2228,Airport,No Cars Available,2016-12-07 18:06:00,0,18.0,Wednesday,12.0,0,Evening
2229,Airport,No Cars Available,2016-12-07 18:08:00,0,18.0,Wednesday,12.0,0,Evening
2226,Airport,No Cars Available,2016-12-07 18:08:00,0,18.0,Wednesday,12.0,0,Evening
2224,Airport,No Cars Available,2016-12-07 18:08:00,0,18.0,Wednesday,12.0,0,Evening
2221,Airport,No Cars Available,2016-12-07 18:09:00,0,18.0,Wednesday,12.0,0,Evening
2230,Airport,No Cars Available,2016-12-07 18:10:00,0,18.0,Wednesday,12.0,0,Evening
2225,Airport,No Cars Available,2016-12-07 18:11:00,0,18.0,Wednesday,12.0,0,Evening
2231,Airport,No Cars Available,2016-12-07 18:11:00,0,18.0,Wednesday,12.0,0,Evening
2220,Airport,No Cars Available,2016-12-07 18:12:00,0,18.0,Wednesday,12.0,0,Evening
2232,Airport,No Cars Available,2016-12-07 18:13:00,0,18.0,Wednesday,12.0,0,Evening
2239,Airport,No Cars Available,2016-12-07 18:14:00,0,18.0,Wednesday,12.0,0,Evening
2233,Airport,No Cars Available,2016-12-07 18:16:00,0,18.0,Wednesday,12.0,0,Evening
2243,Airport,No Cars Available,2016-12-07 18:16:00,0,18.0,Wednesday,12.0,0,Evening
2241,Airport,No Cars Available,2016-12-07 18:17:00,0,18.0,Wednesday,12.0,0,Evening
2238,Airport,No Cars Available,2016-12-07 18:20:00,0,18.0,Wednesday,12.0,0,Evening
2242,Airport,No Cars Available,2016-12-07 18:20:00,0,18.0,Wednesday,12.0,0,Evening
2255,Airport,No Cars Available,2016-12-07 18:21:00,0,18.0,Wednesday,12.0,0,Evening
2244,Airport,No Cars Available,2016-12-07 18:22:00,0,18.0,Wednesday,12.0,0,Evening
2247,Airport,No Cars Available,2016-12-07 18:24:00,0,18.0,Wednesday,12.0,0,Evening
2245,Airport,No Cars Available,2016-12-07 18:24:00,0,18.0,Wednesday,12.0,0,Evening
2258,Airport,No Cars Available,2016-12-07 18:25:00,0,18.0,Wednesday,12.0,0,Evening
2260,Airport,No Cars Available,2016-12-07 18:25:00,0,18.0,Wednesday,12.0,0,Evening
2254,Airport,No Cars Available,2016-12-07 18:25:00,0,18.0,Wednesday,12.0,0,Evening
2250,Airport,No Cars Available,2016-12-07 18:26:00,0,18.0,Wednesday,12.0,0,Evening
2263,Airport,No Cars Available,2016-12-07 18:27:00,0,18.0,Wednesday,12.0,0,Evening
2261,Airport,No Cars Available,2016-12-07 18:28:00,0,18.0,Wednesday,12.0,0,Evening
2246,Airport,No Cars Available,2016-12-07 18:30:00,0,18.0,Wednesday,12.0,0,Evening
2257,Airport,No Cars Available,2016-12-07 18:30:00,0,18.0,Wednesday,12.0,0,Evening
2271,City,No Cars Available,2016-12-07 18:32:00,0,18.0,Wednesday,12.0,0,Evening
2265,Airport,No Cars Available,2016-12-07 18:32:00,0,18.0,Wednesday,12.0,0,Evening
2264,Airport,No Cars Available,2016-12-07 18:32:00,0,18.0,Wednesday,12.0,0,Evening
2251,Airport,No Cars Available,2016-12-07 18:32:00,0,18.0,Wednesday,12.0,0,Evening
2269,Airport,No Cars Available,2016-12-07 18:33:00,0,18.0,Wednesday,12.0,0,Evening
2278,Airport,No Cars Available,2016-12-07 18:36:00,0,18.0,Wednesday,12.0,0,Evening
2273,Airport,No Cars Available,2016-12-07 18:36:00,0,18.0,Wednesday,12.0,0,Evening
2281,Airport,No Cars Available,2016-12-07 18:36:00,0,18.0,Wednesday,12.0,0,Evening
2272,Airport,No Cars Available,2016-12-07 18:39:00,0,18.0,Wednesday,12.0,0,Evening
2280,Airport,No Cars Available,2016-12-07 18:40:00,0,18.0,Wednesday,12.0,0,Evening
2287,Airport,No Cars Available,2016-12-07 18:40:00,0,18.0,Wednesday,12.0,0,Evening
2284,Airport,No Cars Available,2016-12-07 18:41:00,0,18.0,Wednesday,12.0,0,Evening
2286,Airport,No Cars Available,2016-12-07 18:41:00,0,18.0,Wednesday,12.0,0,Evening
2283,Airport,No Cars Available,2016-12-07 18:41:00,0,18.0,Wednesday,12.0,0,Evening
2289,Airport,No Cars Available,2016-12-07 18:41:00,0,18.0,Wednesday,12.0,0,Evening
2288,Airport,No Cars Available,2016-12-07 18:42:00,0,18.0,Wednesday,12.0,0,Evening
2291,Airport,No Cars Available,2016-12-07 18:46:00,0,18.0,Wednesday,12.0,0,Evening
2302,Airport,No Cars Available,2016-12-07 18:47:00,0,18.0,Wednesday,12.0,0,Evening
2290,Airport,No Cars Available,2016-12-07 18:48:00,0,18.0,Wednesday,12.0,0,Evening
2296,Airport,No Cars Available,2016-12-07 18:48:00,0,18.0,Wednesday,12.0,0,Evening
2299,Airport,No Cars Available,2016-12-07 18:49:00,0,18.0,Wednesday,12.0,0,Evening
2301,Airport,No Cars Available,2016-12-07 18:50:00,0,18.0,Wednesday,12.0,0,Evening
2293,Airport,No Cars Available,2016-12-07 18:50:00,0,18.0,Wednesday,12.0,0,Evening
2298,Airport,No Cars Available,2016-12-07 18:53:00,0,18.0,Wednesday,12.0,0,Evening
2303,Airport,No Cars Available,2016-12-07 18:53:00,0,18.0,Wednesday,12.0,0,Evening
2300,Airport,No Cars Available,2016-12-07 18:53:00,0,18.0,Wednesday,12.0,0,Evening
2297,Airport,No Cars Available,2016-12-07 18:54:00,0,18.0,Wednesday,12.0,0,Evening
2315,Airport,No Cars Available,2016-12-07 18:58:00,0,18.0,Wednesday,12.0,0,Evening
2312,Airport,No Cars Available,2016-12-07 18:58:00,0,18.0,Wednesday,12.0,0,Evening
2309,Airport,No Cars Available,2016-12-07 18:59:00,0,18.0,Wednesday,12.0,0,Evening
2304,Airport,No Cars Available,2016-12-07 18:59:00,0,18.0,Wednesday,12.0,0,Evening
2314,Airport,No Cars Available,2016-12-07 18:59:00,0,18.0,Wednesday,12.0,0,Evening
2308,Airport,No Cars Available,2016-12-07 19:02:00,0,19.0,Wednesday,12.0,0,Evening
2317,Airport,No Cars Available,2016-12-07 19:02:00,0,19.0,Wednesday,12.0,0,Evening
2313,Airport,No Cars Available,2016-12-07 19:03:00,0,19.0,Wednesday,12.0,0,Evening
2306,City,No Cars Available,2016-12-07 19:03:00,0,19.0,Wednesday,12.0,0,Evening
2316,Airport,No Cars Available,2016-12-07 19:04:00,0,19.0,Wednesday,12.0,0,Evening
2321,Airport,No Cars Available,2016-12-07 19:04:00,0,19.0,Wednesday,12.0,0,Evening
2318,Airport,No Cars Available,2016-12-07 19:04:00,0,19.0,Wednesday,12.0,0,Evening
2319,Airport,No Cars Available,2016-12-07 19:07:00,0,19.0,Wednesday,12.0,0,Evening
2320,Airport,No Cars Available,2016-12-07 19:07:00,0,19.0,Wednesday,12.0,0,Evening
2324,Airport,No Cars Available,2016-12-07 19:08:00,0,19.0,Wednesday,12.0,0,Evening
2322,Airport,No Cars Available,2016-12-07 19:09:00,0,19.0,Wednesday,12.0,0,Evening
2329,Airport,No Cars Available,2016-12-07 19:10:00,0,19.0,Wednesday,12.0,0,Evening
2325,Airport,No Cars Available,2016-12-07 19:10:00,0,19.0,Wednesday,12.0,0,Evening
2344,Airport,No Cars Available,2016-12-07 19:13:00,0,19.0,Wednesday,12.0,0,Evening
2334,Airport,No Cars Available,2016-12-07 19:14:00,0,19.0,Wednesday,12.0,0,Evening
2330,Airport,No Cars Available,2016-12-07 19:15:00,0,19.0,Wednesday,12.0,0,Evening
2337,Airport,No Cars Available,2016-12-07 19:15:00,0,19.0,Wednesday,12.0,0,Evening
2326,Airport,No Cars Available,2016-12-07 19:16:00,0,19.0,Wednesday,12.0,0,Evening
2341,Airport,No Cars Available,2016-12-07 19:17:00,0,19.0,Wednesday,12.0,0,Evening
2332,City,No Cars Available,2016-12-07 19:17:00,0,19.0,Wednesday,12.0,0,Evening
2338,Airport,No Cars Available,2016-12-07 19:17:00,0,19.0,Wednesday,12.0,0,Evening
2333,Airport,No Cars Available,2016-12-07 19:17:00,0,19.0,Wednesday,12.0,0,Evening
2336,Airport,No Cars Available,2016-12-07 19:18:00,0,19.0,Wednesday,12.0,0,Evening
2342,Airport,No Cars Available,2016-12-07 19:18:00,0,19.0,Wednesday,12.0,0,Evening
2343,Airport,No Cars Available,2016-12-07 19:19:00,0,19.0,Wednesday,12.0,0,Evening
2351,City,No Cars Available,2016-12-07 19:20:00,0,19.0,Wednesday,12.0,0,Evening
2345,Airport,No Cars Available,2016-12-07 19:20:00,0,19.0,Wednesday,12.0,0,Evening
2350,City,No Cars Available,2016-12-07 19:24:00,0,19.0,Wednesday,12.0,0,Evening
2352,Airport,No Cars Available,2016-12-07 19:26:00,0,19.0,Wednesday,12.0,0,Evening
2361,Airport,No Cars Available,2016-12-07 19:28:00,0,19.0,Wednesday,12.0,0,Evening
2364,Airport,No Cars Available,2016-12-07 19:29:00,0,19.0,Wednesday,12.0,0,Evening
2355,Airport,No Cars Available,2016-12-07 19:31:00,0,19.0,Wednesday,12.0,0,Evening
2357,Airport,No Cars Available,2016-12-07 19:31:00,0,19.0,Wednesday,12.0,0,Evening
2366,Airport,No Cars Available,2016-12-07 19:33:00,0,19.0,Wednesday,12.0,0,Evening
2367,Airport,No Cars Available,2016-12-07 19:35:00,0,19.0,Wednesday,12.0,0,Evening
2358,Airport,No Cars Available,2016-12-07 19:35:00,0,19.0,Wednesday,12.0,0,Evening
2362,Airport,No Cars Available,2016-12-07 19:36:00,0,19.0,Wednesday,12.0,0,Evening
2371,Airport,No Cars Available,2016-12-07 19:37:00,0,19.0,Wednesday,12.0,0,Evening
2369,City,No Cars Available,2016-12-07 19:37:00,0,19.0,Wednesday,12.0,0,Evening
2380,Airport,No Cars Available,2016-12-07 19:39:00,0,19.0,Wednesday,12.0,0,Evening
2377,Airport,No Cars Available,2016-12-07 19:40:00,0,19.0,Wednesday,12.0,0,Evening
2384,Airport,No Cars Available,2016-12-07 19:40:00,0,19.0,Wednesday,12.0,0,Evening
2374,Airport,No Cars Available,2016-12-07 19:41:00,0,19.0,Wednesday,12.0,0,Evening
2379,Airport,No Cars Available,2016-12-07 19:43:00,0,19.0,Wednesday,12.0,0,Evening
2376,City,No Cars Available,2016-12-07 19:43:00,0,19.0,Wednesday,12.0,0,Evening
2378,Airport,No Cars Available,2016-12-07 19:44:00,0,19.0,Wednesday,12.0,0,Evening
2388,Airport,No Cars Available,2016-12-07 19:46:00,0,19.0,Wednesday,12.0,0,Evening
2383,Airport,No Cars Available,2016-12-07 19:47:00,0,19.0,Wednesday,12.0,0,Evening
2385,Airport,No Cars Available,2016-12-07 19:47:00,0,19.0,Wednesday,12.0,0,Evening
2391,Airport,No Cars Available,2016-12-07 19:48:00,0,19.0,Wednesday,12.0,0,Evening
2386,Airport,No Cars Available,2016-12-07 19:51:00,0,19.0,Wednesday,12.0,0,Evening
2394,Airport,No Cars Available,2016-12-07 19:52:00,0,19.0,Wednesday,12.0,0,Evening
2402,Airport,No Cars Available,2016-12-07 19:53:00,0,19.0,Wednesday,12.0,0,Evening
2390,Airport,No Cars Available,2016-12-07 19:53:00,0,19.0,Wednesday,12.0,0,Evening
2401,Airport,No Cars Available,2016-12-07 19:55:00,0,19.0,Wednesday,12.0,0,Evening
2400,Airport,No Cars Available,2016-12-07 19:55:00,0,19.0,Wednesday,12.0,0,Evening
2403,Airport,No Cars Available,2016-12-07 19:55:00,0,19.0,Wednesday,12.0,0,Evening
2414,Airport,No Cars Available,2016-12-07 19:56:00,0,19.0,Wednesday,12.0,0,Evening
2393,Airport,No Cars Available,2016-12-07 19:58:00,0,19.0,Wednesday,12.0,0,Evening
2398,Airport,No Cars Available,2016-12-07 19:59:00,0,19.0,Wednesday,12.0,0,Evening
2408,Airport,No Cars Available,2016-12-07 20:01:00,0,20.0,Wednesday,12.0,0,Evening
2415,Airport,No Cars Available,2016-12-07 20:01:00,0,20.0,Wednesday,12.0,0,Evening
2421,Airport,No Cars Available,2016-12-07 20:07:00,0,20.0,Wednesday,12.0,0,Evening
2419,Airport,No Cars Available,2016-12-07 20:09:00,0,20.0,Wednesday,12.0,0,Evening
2409,Airport,No Cars Available,2016-12-07 20:10:00,0,20.0,Wednesday,12.0,0,Evening
2428,Airport,No Cars Available,2016-12-07 20:10:00,0,20.0,Wednesday,12.0,0,Evening
2426,Airport,No Cars Available,2016-12-07 20:10:00,0,20.0,Wednesday,12.0,0,Evening
2422,Airport,No Cars Available,2016-12-07 20:10:00,0,20.0,Wednesday,12.0,0,Evening
2427,Airport,No Cars Available,2016-12-07 20:12:00,0,20.0,Wednesday,12.0,0,Evening
2425,Airport,No Cars Available,2016-12-07 20:13:00,0,20.0,Wednesday,12.0,0,Evening
2429,Airport,No Cars Available,2016-12-07 20:17:00,0,20.0,Wednesday,12.0,0,Evening
2431,Airport,No Cars Available,2016-12-07 20:19:00,0,20.0,Wednesday,12.0,0,Evening
2439,Airport,No Cars Available,2016-12-07 20:19:00,0,20.0,Wednesday,12.0,0,Evening
2433,Airport,No Cars Available,2016-12-07 20:19:00,0,20.0,Wednesday,12.0,0,Evening
2450,Airport,No Cars Available,2016-12-07 20:20:00,0,20.0,Wednesday,12.0,0,Evening
2440,Airport,No Cars Available,2016-12-07 20:21:00,0,20.0,Wednesday,12.0,0,Evening
2442,Airport,No Cars Available,2016-12-07 20:22:00,0,20.0,Wednesday,12.0,0,Evening
2443,Airport,No Cars Available,2016-12-07 20:23:00,0,20.0,Wednesday,12.0,0,Evening
2446,Airport,No Cars Available,2016-12-07 20:25:00,0,20.0,Wednesday,12.0,0,Evening
2455,Airport,No Cars Available,2016-12-07 20:25:00,0,20.0,Wednesday,12.0,0,Evening
2453,Airport,No Cars Available,2016-12-07 20:25:00,0,20.0,Wednesday,12.0,0,Evening
2452,Airport,No Cars Available,2016-12-07 20:27:00,0,20.0,Wednesday,12.0,0,Evening
2454,Airport,No Cars Available,2016-12-07 20:28:00,0,20.0,Wednesday,12.0,0,Evening
2451,Airport,No Cars Available,2016-12-07 20:29:00,0,20.0,Wednesday,12.0,0,Evening
2438,Airport,No Cars Available,2016-12-07 20:29:00,0,20.0,Wednesday,12.0,0,Evening
2462,Airport,No Cars Available,2016-12-07 20:31:00,0,20.0,Wednesday,12.0,0,Evening
2468,Airport,No Cars Available,2016-12-07 20:31:00,0,20.0,Wednesday,12.0,0,Evening
2456,Airport,No Cars Available,2016-12-07 20:31:00,0,20.0,Wednesday,12.0,0,Evening
2471,Airport,No Cars Available,2016-12-07 20:35:00,0,20.0,Wednesday,12.0,0,Evening
2464,Airport,No Cars Available,2016-12-07 20:37:00,0,20.0,Wednesday,12.0,0,Evening
2477,Airport,No Cars Available,2016-12-07 20:38:00,0,20.0,Wednesday,12.0,0,Evening
2472,Airport,No Cars Available,2016-12-07 20:39:00,0,20.0,Wednesday,12.0,0,Evening
2470,Airport,No Cars Available,2016-12-07 20:40:00,0,20.0,Wednesday,12.0,0,Evening
2476,Airport,No Cars Available,2016-12-07 20:42:00,0,20.0,Wednesday,12.0,0,Evening
2475,Airport,No Cars Available,2016-12-07 20:44:00,0,20.0,Wednesday,12.0,0,Evening
2478,Airport,No Cars Available,2016-12-07 20:44:00,0,20.0,Wednesday,12.0,0,Evening
2493,Airport,No Cars Available,2016-12-07 20:48:00,0,20.0,Wednesday,12.0,0,Evening
2488,Airport,No Cars Available,2016-12-07 20:48:00,0,20.0,Wednesday,12.0,0,Evening
2495,Airport,No Cars Available,2016-12-07 20:49:00,0,20.0,Wednesday,12.0,0,Evening
2485,Airport,No Cars Available,2016-12-07 20:50:00,0,20.0,Wednesday,12.0,0,Evening
2489,Airport,No Cars Available,2016-12-07 20:50:00,0,20.0,Wednesday,12.0,0,Evening
2479,Airport,No Cars Available,2016-12-07 20:50:00,0,20.0,Wednesday,12.0,0,Evening
2487,Airport,No Cars Available,2016-12-07 20:51:00,0,20.0,Wednesday,12.0,0,Evening
2492,Airport,No Cars Available,2016-12-07 20:52:00,0,20.0,Wednesday,12.0,0,Evening
2500,Airport,No Cars Available,2016-12-07 20:54:00,0,20.0,Wednesday,12.0,0,Evening
2504,Airport,No Cars Available,2016-12-07 20:55:00,0,20.0,Wednesday,12.0,0,Evening
2503,Airport,No Cars Available,2016-12-07 20:55:00,0,20.0,Wednesday,12.0,0,Evening
2490,Airport,No Cars Available,2016-12-07 20:56:00,0,20.0,Wednesday,12.0,0,Evening
2502,Airport,No Cars Available,2016-12-07 20:56:00,0,20.0,Wednesday,12.0,0,Evening
2494,Airport,No Cars Available,2016-12-07 20:57:00,0,20.0,Wednesday,12.0,0,Evening
2501,Airport,No Cars Available,2016-12-07 20:59:00,0,20.0,Wednesday,12.0,0,Evening
2498,Airport,No Cars Available,2016-12-07 21:00:00,0,21.0,Wednesday,12.0,0,Late evening
2512,Airport,No Cars Available,2016-12-07 21:03:00,0,21.0,Wednesday,12.0,0,Late evening
2514,Airport,No Cars Available,2016-12-07 21:07:00,0,21.0,Wednesday,12.0,0,Late evening
2519,Airport,No Cars Available,2016-12-07 21:07:00,0,21.0,Wednesday,12.0,0,Late evening
2513,Airport,No Cars Available,2016-12-07 21:08:00,0,21.0,Wednesday,12.0,0,Late evening
2515,Airport,No Cars Available,2016-12-07 21:08:00,0,21.0,Wednesday,12.0,0,Late evening
2522,City,No Cars Available,2016-12-07 21:09:00,0,21.0,Wednesday,12.0,0,Late evening
2528,Airport,No Cars Available,2016-12-07 21:11:00,0,21.0,Wednesday,12.0,0,Late evening
2523,Airport,No Cars Available,2016-12-07 21:11:00,0,21.0,Wednesday,12.0,0,Late evening
2529,Airport,No Cars Available,2016-12-07 21:12:00,0,21.0,Wednesday,12.0,0,Late evening
2521,Airport,No Cars Available,2016-12-07 21:13:00,0,21.0,Wednesday,12.0,0,Late evening
2525,Airport,No Cars Available,2016-12-07 21:15:00,0,21.0,Wednesday,12.0,0,Late evening
2541,Airport,No Cars Available,2016-12-07 21:15:00,0,21.0,Wednesday,12.0,0,Late evening
2536,Airport,No Cars Available,2016-12-07 21:15:00,0,21.0,Wednesday,12.0,0,Late evening
2546,Airport,No Cars Available,2016-12-07 21:16:00,0,21.0,Wednesday,12.0,0,Late evening
2531,Airport,No Cars Available,2016-12-07 21:16:00,0,21.0,Wednesday,12.0,0,Late evening
2542,Airport,No Cars Available,2016-12-07 21:16:00,0,21.0,Wednesday,12.0,0,Late evening
2534,City,No Cars Available,2016-12-07 21:18:00,0,21.0,Wednesday,12.0,0,Late evening
2539,Airport,No Cars Available,2016-12-07 21:19:00,0,21.0,Wednesday,12.0,0,Late evening
2533,Airport,No Cars Available,2016-12-07 21:19:00,0,21.0,Wednesday,12.0,0,Late evening
2558,Airport,No Cars Available,2016-12-07 21:21:00,0,21.0,Wednesday,12.0,0,Late evening
2550,Airport,No Cars Available,2016-12-07 21:21:00,0,21.0,Wednesday,12.0,0,Late evening
2547,Airport,No Cars Available,2016-12-07 21:22:00,0,21.0,Wednesday,12.0,0,Late evening
2538,Airport,No Cars Available,2016-12-07 21:22:00,0,21.0,Wednesday,12.0,0,Late evening
2557,Airport,No Cars Available,2016-12-07 21:23:00,0,21.0,Wednesday,12.0,0,Late evening
2563,Airport,No Cars Available,2016-12-07 21:24:00,0,21.0,Wednesday,12.0,0,Late evening
2548,Airport,No Cars Available,2016-12-07 21:24:00,0,21.0,Wednesday,12.0,0,Late evening
2551,Airport,No Cars Available,2016-12-07 21:26:00,0,21.0,Wednesday,12.0,0,Late evening
2555,Airport,No Cars Available,2016-12-07 21:28:00,0,21.0,Wednesday,12.0,0,Late evening
2549,Airport,No Cars Available,2016-12-07 21:28:00,0,21.0,Wednesday,12.0,0,Late evening
2554,Airport,No Cars Available,2016-12-07 21:30:00,0,21.0,Wednesday,12.0,0,Late evening
2566,Airport,No Cars Available,2016-12-07 21:31:00,0,21.0,Wednesday,12.0,0,Late evening
2562,Airport,No Cars Available,2016-12-07 21:32:00,0,21.0,Wednesday,12.0,0,Late evening
2571,Airport,No Cars Available,2016-12-07 21:32:00,0,21.0,Wednesday,12.0,0,Late evening
2565,Airport,No Cars Available,2016-12-07 21:32:00,0,21.0,Wednesday,12.0,0,Late evening
2575,Airport,No Cars Available,2016-12-07 21:33:00,0,21.0,Wednesday,12.0,0,Late evening
2568,Airport,No Cars Available,2016-12-07 21:34:00,0,21.0,Wednesday,12.0,0,Late evening
2570,Airport,No Cars Available,2016-12-07 21:34:00,0,21.0,Wednesday,12.0,0,Late evening
2564,Airport,No Cars Available,2016-12-07 21:35:00,0,21.0,Wednesday,12.0,0,Late evening
2581,Airport,No Cars Available,2016-12-07 21:35:00,0,21.0,Wednesday,12.0,0,Late evening
2576,Airport,No Cars Available,2016-12-07 21:36:00,0,21.0,Wednesday,12.0,0,Late evening
2579,Airport,No Cars Available,2016-12-07 21:38:00,0,21.0,Wednesday,12.0,0,Late evening
2574,Airport,No Cars Available,2016-12-07 21:38:00,0,21.0,Wednesday,12.0,0,Late evening
2577,Airport,No Cars Available,2016-12-07 21:38:00,0,21.0,Wednesday,12.0,0,Late evening
2580,Airport,No Cars Available,2016-12-07 21:39:00,0,21.0,Wednesday,12.0,0,Late evening
2583,Airport,No Cars Available,2016-12-07 21:41:00,0,21.0,Wednesday,12.0,0,Late evening
2573,Airport,No Cars Available,2016-12-07 21:42:00,0,21.0,Wednesday,12.0,0,Late evening
2578,Airport,No Cars Available,2016-12-07 21:42:00,0,21.0,Wednesday,12.0,0,Late evening
2590,Airport,No Cars Available,2016-12-07 21:42:00,0,21.0,Wednesday,12.0,0,Late evening
2585,Airport,No Cars Available,2016-12-07 21:42:00,0,21.0,Wednesday,12.0,0,Late evening
2594,Airport,No Cars Available,2016-12-07 21:44:00,0,21.0,Wednesday,12.0,0,Late evening
2586,Airport,No Cars Available,2016-12-07 21:45:00,0,21.0,Wednesday,12.0,0,Late evening
2587,Airport,No Cars Available,2016-12-07 21:45:00,0,21.0,Wednesday,12.0,0,Late evening
2595,Airport,No Cars Available,2016-12-07 21:49:00,0,21.0,Wednesday,12.0,0,Late evening
2599,Airport,No Cars Available,2016-12-07 21:51:00,0,21.0,Wednesday,12.0,0,Late evening
2592,Airport,No Cars Available,2016-12-07 21:52:00,0,21.0,Wednesday,12.0,0,Late evening
2600,Airport,No Cars Available,2016-12-07 21:55:00,0,21.0,Wednesday,12.0,0,Late evening
2602,Airport,No Cars Available,2016-12-07 21:56:00,0,21.0,Wednesday,12.0,0,Late evening
2601,Airport,No Cars Available,2016-12-07 21:56:00,0,21.0,Wednesday,12.0,0,Late evening
2607,Airport,No Cars Available,2016-12-07 21:59:00,0,21.0,Wednesday,12.0,0,Late evening
2612,Airport,No Cars Available,2016-12-07 22:02:00,0,22.0,Wednesday,12.0,0,Late evening
2605,Airport,No Cars Available,2016-12-07 22:03:00,0,22.0,Wednesday,12.0,0,Late evening
2606,Airport,No Cars Available,2016-12-07 22:03:00,0,22.0,Wednesday,12.0,0,Late evening
2611,Airport,No Cars Available,2016-12-07 22:04:00,0,22.0,Wednesday,12.0,0,Late evening
2614,Airport,No Cars Available,2016-12-07 22:05:00,0,22.0,Wednesday,12.0,0,Late evening
2610,Airport,No Cars Available,2016-12-07 22:06:00,0,22.0,Wednesday,12.0,0,Late evening
2615,Airport,No Cars Available,2016-12-07 22:06:00,0,22.0,Wednesday,12.0,0,Late evening
2616,Airport,No Cars Available,2016-12-07 22:07:00,0,22.0,Wednesday,12.0,0,Late evening
2618,Airport,No Cars Available,2016-12-07 22:07:00,0,22.0,Wednesday,12.0,0,Late evening
2620,Airport,No Cars Available,2016-12-07 22:08:00,0,22.0,Wednesday,12.0,0,Late evening
2623,Airport,No Cars Available,2016-12-07 22:09:00,0,22.0,Wednesday,12.0,0,Late evening
2626,Airport,No Cars Available,2016-12-07 22:11:00,0,22.0,Wednesday,12.0,0,Late evening
2619,Airport,No Cars Available,2016-12-07 22:11:00,0,22.0,Wednesday,12.0,0,Late evening
2617,Airport,No Cars Available,2016-12-07 22:11:00,0,22.0,Wednesday,12.0,0,Late evening
2622,Airport,No Cars Available,2016-12-07 22:15:00,0,22.0,Wednesday,12.0,0,Late evening
2630,City,No Cars Available,2016-12-07 22:15:00,0,22.0,Wednesday,12.0,0,Late evening
2638,Airport,No Cars Available,2016-12-07 22:26:00,0,22.0,Wednesday,12.0,0,Late evening
2639,Airport,No Cars Available,2016-12-07 22:28:00,0,22.0,Wednesday,12.0,0,Late evening
2634,City,No Cars Available,2016-12-07 22:30:00,0,22.0,Wednesday,12.0,0,Late evening
2640,Airport,No Cars Available,2016-12-07 22:32:00,0,22.0,Wednesday,12.0,0,Late evening
2649,City,No Cars Available,2016-12-07 22:54:00,0,22.0,Wednesday,12.0,0,Late evening
2653,City,No Cars Available,2016-12-07 22:59:00,0,22.0,Wednesday,12.0,0,Late evening
2654,City,No Cars Available,2016-12-07 23:04:00,0,23.0,Wednesday,12.0,0,Late evening
2652,Airport,No Cars Available,2016-12-07 23:07:00,0,23.0,Wednesday,12.0,0,Late evening
2656,Airport,No Cars Available,2016-12-07 23:08:00,0,23.0,Wednesday,12.0,0,Late evening
2655,City,No Cars Available,2016-12-07 23:11:00,0,23.0,Wednesday,12.0,0,Late evening
2660,Airport,No Cars Available,2016-12-07 23:17:00,0,23.0,Wednesday,12.0,0,Late evening
2659,City,No Cars Available,2016-12-07 23:22:00,0,23.0,Wednesday,12.0,0,Late evening
2663,Airport,No Cars Available,2016-12-07 23:25:00,0,23.0,Wednesday,12.0,0,Late evening
2669,Airport,No Cars Available,2016-12-07 23:37:00,0,23.0,Wednesday,12.0,0,Late evening
2670,Airport,No Cars Available,2016-12-07 23:39:00,0,23.0,Wednesday,12.0,0,Late evening
2671,City,No Cars Available,2016-12-07 23:43:00,0,23.0,Wednesday,12.0,0,Late evening
2673,Airport,No Cars Available,2016-12-07 23:43:00,0,23.0,Wednesday,12.0,0,Late evening
2674,City,No Cars Available,2016-12-07 23:45:00,0,23.0,Wednesday,12.0,0,Late evening
2678,Airport,No Cars Available,2016-12-07 23:53:00,0,23.0,Wednesday,12.0,0,Late evening
4020,Airport,No Cars Available,,0,,,,0,
4022,City,No Cars Available,,0,,,,0,
4026,City,No Cars Available,,0,,,,0,
4025,City,No Cars Available,,0,,,,0,
2684,Airport,No Cars Available,,0,,,,0,
2685,City,No Cars Available,,0,,,,0,
2686,City,No Cars Available,,0,,,,0,
2688,City,No Cars Available,,0,,,,0,
2687,Airport,No Cars Available,,0,,,,0,
2690,Airport,No Cars Available,,0,,,,0,
2695,Airport,No Cars Available,,0,,,,0,
2693,Airport,No Cars Available,,0,,,,0,
2696,Airport,No Cars Available,,0,,,,0,
2694,Airport,No Cars Available,,0,,,,0,
2698,Airport,No Cars Available,,0,,,,0,
2697,City,No Cars Available,,0,,,,0,
2699,Airport,No Cars Available,,0,,,,0,
2700,City,No Cars Available,,0,,,,0,
2703,City,No Cars Available,,0,,,,0,
2705,Airport,No Cars Available,,0,,,,0,
2706,Airport,No Cars Available,,0,,,,0,
2710,Airport,No Cars Available,,0,,,,0,
2711,City,No Cars Available,,0,,,,0,
2712,Airport,No Cars Available,,0,,,,0,
2716,City,No Cars Available,,0,,,,0,
2715,Airport,No Cars Available,,0,,,,0,
2718,City,No Cars Available,,0,,,,0,
2720,City,No Cars Available,,0,,,,0,
2722,Airport,No Cars Available,,0,,,,0,
2721,Airport,No Cars Available,,0,,,,0,
2725,Airport,No Cars Available,,0,,,,0,
2726,City,No Cars Available,,0,,,,0,
2724,City,No Cars Available,,0,,,,0,
2734,City,No Cars Available,,0,,,,0,
2728,City,No Cars Available,,0,,,,0,
2730,City,No Cars Available,,0,,,,0,
2727,City,No Cars Available,,0,,,,0,
2735,Airport,No Cars Available,,0,,,,0,
2738,City,No Cars Available,,0,,,,0,
2739,Airport,No Cars Available,,0,,,,0,
2737,Airport,No Cars Available,,0,,,,0,
2741,Airport,No Cars Available,,0,,,,0,
2743,Airport,No Cars Available,,0,,,,0,
2744,City,No Cars Available,,0,,,,0,
2745,City,No Cars Available,,0,,,,0,
2748,Airport,No Cars Available,,0,,,,0,
2749,Airport,No Cars Available,,0,,,,0,
2753,City,No Cars Available,,0,,,,0,
2751,Airport,No Cars Available,,0,,,,0,
2754,Airport,No Cars Available,,0,,,,0,
2755,Airport,No Cars Available,,0,,,,0,
2756,Airport,No Cars Available,,0,,,,0,
2757,Airport,No Cars Available,,0,,,,0,
2760,City,No Cars Available,,0,,,,0,
2763,City,No Cars Available,,0,,,,0,
2765,Airport,No Cars Available,,0,,,,0,
2766,City,No Cars Available,,0,,,,0,
2770,Airport,No Cars Available,,0,,,,0,
2773,Airport,No Cars Available,,0,,,,0,
2776,City,No Cars Available,,0,,,,0,
2772,Airport,No Cars Available,,0,,,,0,
2775,Airport,No Cars Available,,0,,,,0,
2783,Airport,No Cars Available,,0,,,,0,
2790,City,No Cars Available,,0,,,,0,
2804,City,No Cars Available,,0,,,,0,
2807,City,No Cars Available,,0,,,,0,
2817,City,No Cars Available,,0,,,,0,
2812,City,No Cars Available,,0,,,,0,
2821,City,No Cars Available,,0,,,,0,
2843,City,No Cars Available,,0,,,,0,
2838,City,No Cars Available,,0,,,,0,
2850,Airport,No Cars Available,,0,,,,0,
2870,City,No Cars Available,,0,,,,0,
2868,City,No Cars Available,,0,,,,0,
2852,City,No Cars Available,,0,,,,0,
2874,City,No Cars Available,,0,,,,0,
2878,City,No Cars Available,,0,,,,0,
2892,City,No Cars Available,,0,,,,0,
2882,City,No Cars Available,,0,,,,0,
2893,City,No Cars Available,,0,,,,0,
2904,City,No Cars Available,,0,,,,0,
2915,City,No Cars Available,,0,,,,0,
2921,City,No Cars Available,,0,,,,0,
2925,City,No Cars Available,,0,,,,0,
2930,City,No Cars Available,,0,,,,0,
2949,City,No Cars Available,,0,,,,0,
2955,City,No Cars Available,,0,,,,0,
2954,City,No Cars Available,,0,,,,0,
2976,City,No Cars Available,,0,,,,0,
2967,City,No Cars Available,,0,,,,0,
2972,City,No Cars Available,,0,,,,0,
2980,City,No Cars Available,,0,,,,0,
2981,City,No Cars Available,,0,,,,0,
2984,City,No Cars Available,,0,,,,0,
2999,Airport,No Cars Available,,0,,,,0,
3003,City,No Cars Available,,0,,,,0,
3000,City,No Cars Available,,0,,,,0,
3007,City,No Cars Available,,0,,,,0,
3002,City,No Cars Available,,0,,,,0,
3011,City,No Cars Available,,0,,,,0,
3029,City,No Cars Available,,0,,,,0,
3047,City,No Cars Available,,0,,,,0,
3046,City,No Cars Available,,0,,,,0,
3056,City,No Cars Available,,0,,,,0,
3058,City,No Cars Available,,0,,,,0,
3071,City,No Cars Available,,0,,,,0,
3077,City,No Cars Available,,0,,,,0,
3078,City,No Cars Available,,0,,,,0,
3095,City,No Cars Available,,0,,,,0,
3091,City,No Cars Available,,0,,,,0,
3087,City,No Cars Available,,0,,,,0,
3093,City,No Cars Available,,0,,,,0,
3103,City,No Cars Available,,0,,,,0,
3102,City,No Cars Available,,0,,,,0,
3106,City,No Cars Available,,0,,,,0,
3105,City,No Cars Available,,0,,,,0,
3128,City,No Cars Available,,0,,,,0,
3116,City,No Cars Available,,0,,,,0,
3115,City,No Cars Available,,0,,,,0,
3121,City,No Cars Available,,0,,,,0,
3124,City,No Cars Available,,0,,,,0,
3127,City,No Cars Available,,0,,,,0,
3133,City,No Cars Available,,0,,,,0,
3136,City,No Cars Available,,0,,,,0,
3164,City,No Cars Available,,0,,,,0,
3165,City,No Cars Available,,0,,,,0,
3167,City,No Cars Available,,0,,,,0,
3178,City,No Cars Available,,0,,,,0,
3195,City,No Cars Available,,0,,,,0,
3204,City,No Cars Available,,0,,,,0,
3199,City,No Cars Available,,0,,,,0,
3219,City,No Cars Available,,0,,,,0,
3209,City,No Cars Available,,0,,,,0,
3225,City,No Cars Available,,0,,,,0,
3241,City,No Cars Available,,0,,,,0,
3234,City,No Cars Available,,0,,,,0,
3239,City,No Cars Available,,0,,,,0,
3252,City,No Cars Available,,0,,,,0,
3244,City,No Cars Available,,0,,,,0,
3246,City,No Cars Available,,0,,,,0,
3257,City,No Cars Available,,0,,,,0,
3251,City,No Cars Available,,0,,,,0,
3247,City,No Cars Available,,0,,,,0,
3259,City,No Cars Available,,0,,,,0,
3267,City,No Cars Available,,0,,,,0,
3269,Airport,No Cars Available,,0,,,,0,
3272,City,No Cars Available,,0,,,,0,
3278,City,No Cars Available,,0,,,,0,
3279,Airport,No Cars Available,,0,,,,0,
3284,Airport,No Cars Available,,0,,,,0,
3288,City,No Cars Available,,0,,,,0,
3290,City,No Cars Available,,0,,,,0,
3296,City,No Cars Available,,0,,,,0,
3308,City,No Cars Available,,0,,,,0,
3322,City,No Cars Available,,0,,,,0,
3325,Airport,No Cars Available,,0,,,,0,
3332,City,No Cars Available,,0,,,,0,
3331,City,No Cars Available,,0,,,,0,
3335,City,No Cars Available,,0,,,,0,
3345,Airport,No Cars Available,,0,,,,0,
3350,City,No Cars Available,,0,,,,0,
3349,Airport,No Cars Available,,0,,,,0,
3361,City,No Cars Available,,0,,,,0,
3356,Airport,No Cars Available,,0,,,,0,
3364,Airport,No Cars Available,,0,,,,0,
3368,City,No Cars Available,,0,,,,0,
3371,City,No Cars Available,,0,,,,0,
3373,City,No Cars Available,,0,,,,0,
3374,City,No Cars Available,,0,,,,0,
3376,Airport,No Cars Available,,0,,,,0,
3386,Airport,No Cars Available,,0,,,,0,
3389,City,No Cars Available,,0,,,,0,
3390,Airport,No Cars Available,,0,,,,0,
3401,City,No Cars Available,,0,,,,0,
3402,Airport,No Cars Available,,0,,,,0,
3398,City,No Cars Available,,0,,,,0,
3406,Airport,No Cars Available,,0,,,,0,
3410,Airport,No Cars Available,,0,,,,0,
3409,City,No Cars Available,,0,,,,0,
3417,City,No Cars Available,,0,,,,0,
3426,City,No Cars Available,,0,,,,0,
3435,City,No Cars Available,,0,,,,0,
3439,City,No Cars Available,,0,,,,0,
3442,City,No Cars Available,,0,,,,0,
3443,City,No Cars Available,,0,,,,0,
3447,City,No Cars Available,,0,,,,0,
3463,Airport,No Cars Available,,0,,,,0,
3464,Airport,No Cars Available,,0,,,,0,
3473,Airport,No Cars Available,,0,,,,0,
3470,Airport,No Cars Available,,0,,,,0,
3474,Airport,No Cars Available,,0,,,,0,
3467,Airport,No Cars Available,,0,,,,0,
3481,Airport,No Cars Available,,0,,,,0,
3479,Airport,No Cars Available,,0,,,,0,
3487,Airport,No Cars Available,,0,,,,0,
3476,Airport,No Cars Available,,0,,,,0,
3484,City,No Cars Available,,0,,,,0,
3491,Airport,No Cars Available,,0,,,,0,
3488,Airport,No Cars Available,,0,,,,0,
3490,Airport,No Cars Available,,0,,,,0,
3493,Airport,No Cars Available,,0,,,,0,
3492,Airport,No Cars Available,,0,,,,0,
3480,Airport,No Cars Available,,0,,,,0,
3489,Airport,No Cars Available,,0,,,,0,
3502,Airport,No Cars Available,,0,,,,0,
3494,Airport,No Cars Available,,0,,,,0,
3501,Airport,No Cars Available,,0,,,,0,
3503,Airport,No Cars Available,,0,,,,0,
3509,Airport,No Cars Available,,0,,,,0,
3504,Airport,No Cars Available,,0,,,,0,
3512,Airport,No Cars Available,,0,,,,0,
3519,Airport,No Cars Available,,0,,,,0,
3516,Airport,No Cars Available,,0,,,,0,
3513,Airport,No Cars Available,,0,,,,0,
3515,Airport,No Cars Available,,0,,,,0,
3521,Airport,No Cars Available,,0,,,,0,
3527,Airport,No Cars Available,,0,,,,0,
3526,Airport,No Cars Available,,0,,,,0,
3522,Airport,No Cars Available,,0,,,,0,
3536,Airport,No Cars Available,,0,,,,0,
3534,Airport,No Cars Available,,0,,,,0,
3537,Airport,No Cars Available,,0,,,,0,
3533,Airport,No Cars Available,,0,,,,0,
3535,Airport,No Cars Available,,0,,,,0,
3532,Airport,No Cars Available,,0,,,,0,
3547,Airport,No Cars Available,,0,,,,0,
3531,Airport,No Cars Available,,0,,,,0,
3538,Airport,No Cars Available,,0,,,,0,
3543,Airport,No Cars Available,,0,,,,0,
3539,Airport,No Cars Available,,0,,,,0,
3542,Airport,No Cars Available,,0,,,,0,
3553,Airport,No Cars Available,,0,,,,0,
3562,Airport,No Cars Available,,0,,,,0,
3550,Airport,No Cars Available,,0,,,,0,
3551,Airport,No Cars Available,,0,,,,0,
3557,Airport,No Cars Available,,0,,,,0,
3560,Airport,No Cars Available,,0,,,,0,
3566,Airport,No Cars Available,,0,,,,0,
3567,Airport,No Cars Available,,0,,,,0,
3554,Airport,No Cars Available,,0,,,,0,
3556,Airport,No Cars Available,,0,,,,0,
3563,Airport,No Cars Available,,0,,,,0,
3569,Airport,No Cars Available,,0,,,,0,
3571,Airport,No Cars Available,,0,,,,0,
3574,Airport,No Cars Available,,0,,,,0,
3568,Airport,No Cars Available,,0,,,,0,
3576,Airport,No Cars Available,,0,,,,0,
3570,Airport,No Cars Available,,0,,,,0,
3578,Airport,No Cars Available,,0,,,,0,
3579,Airport,No Cars Available,,0,,,,0,
3582,Airport,No Cars Available,,0,,,,0,
3589,Airport,No Cars Available,,0,,,,0,
3580,Airport,No Cars Available,,0,,,,0,
3575,Airport,No Cars Available,,0,,,,0,
3573,City,No Cars Available,,0,,,,0,
3592,Airport,No Cars Available,,0,,,,0,
3587,Airport,No Cars Available,,0,,,,0,
3586,Airport,No Cars Available,,0,,,,0,
3581,Airport,No Cars Available,,0,,,,0,
3588,Airport,No Cars Available,,0,,,,0,
3591,Airport,No Cars Available,,0,,,,0,
3595,Airport,No Cars Available,,0,,,,0,
3597,Airport,No Cars Available,,0,,,,0,
3599,Airport,No Cars Available,,0,,,,0,
3596,Airport,No Cars Available,,0,,,,0,
3604,Airport,No Cars Available,,0,,,,0,
3603,Airport,No Cars Available,,0,,,,0,
3605,Airport,No Cars Available,,0,,,,0,
3600,Airport,No Cars Available,,0,,,,0,
3607,Airport,No Cars Available,,0,,,,0,
3608,Airport,No Cars Available,,0,,,,0,
3611,Airport,No Cars Available,,0,,,,0,
3609,City,No Cars Available,,0,,,,0,
3610,Airport,No Cars Available,,0,,,,0,
3616,Airport,No Cars Available,,0,,,,0,
3606,Airport,No Cars Available,,0,,,,0,
3614,City,No Cars Available,,0,,,,0,
3618,Airport,No Cars Available,,0,,,,0,
3612,Airport,No Cars Available,,0,,,,0,
3623,Airport,No Cars Available,,0,,,,0,
3619,Airport,No Cars Available,,0,,,,0,
3627,Airport,No Cars Available,,0,,,,0,
3635,Airport,No Cars Available,,0,,,,0,
3629,Airport,No Cars Available,,0,,,,0,
3626,Airport,No Cars Available,,0,,,,0,
3633,City,No Cars Available,,0,,,,0,
3637,Airport,No Cars Available,,0,,,,0,
3639,Airport,No Cars Available,,0,,,,0,
3628,Airport,No Cars Available,,0,,,,0,
3642,Airport,No Cars Available,,0,,,,0,
3636,Airport,No Cars Available,,0,,,,0,
3647,Airport,No Cars Available,,0,,,,0,
3655,Airport,No Cars Available,,0,,,,0,
3643,Airport,No Cars Available,,0,,,,0,
3654,Airport,No Cars Available,,0,,,,0,
3652,Airport,No Cars Available,,0,,,,0,
3650,Airport,No Cars Available,,0,,,,0,
3665,Airport,No Cars Available,,0,,,,0,
3663,Airport,No Cars Available,,0,,,,0,
3664,Airport,No Cars Available,,0,,,,0,
3659,Airport,No Cars Available,,0,,,,0,
3677,Airport,No Cars Available,,0,,,,0,
3670,Airport,No Cars Available,,0,,,,0,
3669,Airport,No Cars Available,,0,,,,0,
3675,Airport,No Cars Available,,0,,,,0,
3682,Airport,No Cars Available,,0,,,,0,
3674,Airport,No Cars Available,,0,,,,0,
3678,Airport,No Cars Available,,0,,,,0,
3673,Airport,No Cars Available,,0,,,,0,
3687,Airport,No Cars Available,,0,,,,0,
3683,Airport,No Cars Available,,0,,,,0,
3685,Airport,No Cars Available,,0,,,,0,
3684,Airport,No Cars Available,,0,,,,0,
3692,Airport,No Cars Available,,0,,,,0,
3680,Airport,No Cars Available,,0,,,,0,
3689,Airport,No Cars Available,,0,,,,0,
3696,Airport,No Cars Available,,0,,,,0,
3693,Airport,No Cars Available,,0,,,,0,
3695,Airport,No Cars Available,,0,,,,0,
3709,Airport,No Cars Available,,0,,,,0,
3708,Airport,No Cars Available,,0,,,,0,
3699,Airport,No Cars Available,,0,,,,0,
3691,Airport,No Cars Available,,0,,,,0,
3705,Airport,No Cars Available,,0,,,,0,
3707,Airport,No Cars Available,,0,,,,0,
3706,Airport,No Cars Available,,0,,,,0,
3702,Airport,No Cars Available,,0,,,,0,
3700,Airport,No Cars Available,,0,,,,0,
3712,Airport,No Cars Available,,0,,,,0,
3698,Airport,No Cars Available,,0,,,,0,
3710,Airport,No Cars Available,,0,,,,0,
3714,Airport,No Cars Available,,0,,,,0,
3720,Airport,No Cars Available,,0,,,,0,
3719,Airport,No Cars Available,,0,,,,0,
3717,Airport,No Cars Available,,0,,,,0,
3715,Airport,No Cars Available,,0,,,,0,
3713,Airport,No Cars Available,,0,,,,0,
3716,Airport,No Cars Available,,0,,,,0,
3726,Airport,No Cars Available,,0,,,,0,
3724,Airport,No Cars Available,,0,,,,0,
3721,Airport,No Cars Available,,0,,,,0,
3729,Airport,No Cars Available,,0,,,,0,
3731,Airport,No Cars Available,,0,,,,0,
3733,Airport,No Cars Available,,0,,,,0,
3730,Airport,No Cars Available,,0,,,,0,
3735,Airport,No Cars Available,,0,,,,0,
3734,Airport,No Cars Available,,0,,,,0,
3737,Airport,No Cars Available,,0,,,,0,
3736,Airport,No Cars Available,,0,,,,0,
3746,Airport,No Cars Available,,0,,,,0,
3747,Airport,No Cars Available,,0,,,,0,
3751,Airport,No Cars Available,,0,,,,0,
3750,Airport,No Cars Available,,0,,,,0,
3752,Airport,No Cars Available,,0,,,,0,
3754,Airport,No Cars Available,,0,,,,0,
3749,Airport,No Cars Available,,0,,,,0,
3757,Airport,No Cars Available,,0,,,,0,
3765,Airport,No Cars Available,,0,,,,0,
3756,Airport,No Cars Available,,0,,,,0,
3764,Airport,No Cars Available,,0,,,,0,
3770,Airport,No Cars Available,,0,,,,0,
3778,Airport,No Cars Available,,0,,,,0,
3772,Airport,No Cars Available,,0,,,,0,
3760,Airport,No Cars Available,,0,,,,0,
3779,Airport,No Cars Available,,0,,,,0,
3773,Airport,No Cars Available,,0,,,,0,
3769,Airport,No Cars Available,,0,,,,0,
3781,Airport,No Cars Available,,0,,,,0,
3785,City,No Cars Available,,0,,,,0,
3776,Airport,No Cars Available,,0,,,,0,
3775,Airport,No Cars Available,,0,,,,0,
3783,Airport,No Cars Available,,0,,,,0,
3784,Airport,No Cars Available,,0,,,,0,
3787,Airport,No Cars Available,,0,,,,0,
3791,Airport,No Cars Available,,0,,,,0,
3796,Airport,No Cars Available,,0,,,,0,
3790,Airport,No Cars Available,,0,,,,0,
3792,Airport,No Cars Available,,0,,,,0,
3793,Airport,No Cars Available,,0,,,,0,
3797,Airport,No Cars Available,,0,,,,0,
3800,Airport,No Cars Available,,0,,,,0,
3803,Airport,No Cars Available,,0,,,,0,
3799,City,No Cars Available,,0,,,,0,
3802,Airport,No Cars Available,,0,,,,0,
3811,Airport,No Cars Available,,0,,,,0,
3805,Airport,No Cars Available,,0,,,,0,
3815,Airport,No Cars Available,,0,,,,0,
3812,City,No Cars Available,,0,,,,0,
3816,Airport,No Cars Available,,0,,,,0,
3821,Airport,No Cars Available,,0,,,,0,
3814,Airport,No Cars Available,,0,,,,0,
3829,Airport,No Cars Available,,0,,,,0,
3825,Airport,No Cars Available,,0,,,,0,
3833,Airport,No Cars Available,,0,,,,0,
3823,Airport,No Cars Available,,0,,,,0,
3828,City,No Cars Available,,0,,,,0,
3836,Airport,No Cars Available,,0,,,,0,
3824,Airport,No Cars Available,,0,,,,0,
3832,Airport,No Cars Available,,0,,,,0,
3846,Airport,No Cars Available,,0,,,,0,
3837,Airport,No Cars Available,,0,,,,0,
3835,Airport,No Cars Available,,0,,,,0,
3838,Airport,No Cars Available,,0,,,,0,
3844,Airport,No Cars Available,,0,,,,0,
3845,Airport,No Cars Available,,0,,,,0,
3842,Airport,No Cars Available,,0,,,,0,
3853,Airport,No Cars Available,,0,,,,0,
3848,Airport,No Cars Available,,0,,,,0,
3860,Airport,No Cars Available,,0,,,,0,
3855,Airport,No Cars Available,,0,,,,0,
3862,City,No Cars Available,,0,,,,0,
3854,Airport,No Cars Available,,0,,,,0,
3851,Airport,No Cars Available,,0,,,,0,
3858,Airport,No Cars Available,,0,,,,0,
3869,Airport,No Cars Available,,0,,,,0,
3864,Airport,No Cars Available,,0,,,,0,
3861,Airport,No Cars Available,,0,,,,0,
3873,Airport,No Cars Available,,0,,,,0,
3868,Airport,No Cars Available,,0,,,,0,
3870,Airport,No Cars Available,,0,,,,0,
3871,Airport,No Cars Available,,0,,,,0,
3884,Airport,No Cars Available,,0,,,,0,
3878,Airport,No Cars Available,,0,,,,0,
3894,Airport,No Cars Available,,0,,,,0,
3885,Airport,No Cars Available,,0,,,,0,
3877,Airport,No Cars Available,,0,,,,0,
3886,Airport,No Cars Available,,0,,,,0,
3874,Airport,No Cars Available,,0,,,,0,
3893,Airport,No Cars Available,,0,,,,0,
3891,Airport,No Cars Available,,0,,,,0,
3888,Airport,No Cars Available,,0,,,,0,
3876,Airport,No Cars Available,,0,,,,0,
3875,Airport,No Cars Available,,0,,,,0,
3898,Airport,No Cars Available,,0,,,,0,
3895,Airport,No Cars Available,,0,,,,0,
3900,Airport,No Cars Available,,0,,,,0,
3904,Airport,No Cars Available,,0,,,,0,
3892,Airport,No Cars Available,,0,,,,0,
3899,Airport,No Cars Available,,0,,,,0,
3910,Airport,No Cars Available,,0,,,,0,
3901,Airport,No Cars Available,,0,,,,0,
3902,Airport,No Cars Available,,0,,,,0,
3903,Airport,No Cars Available,,0,,,,0,
3906,Airport,No Cars Available,,0,,,,0,
3907,Airport,No Cars Available,,0,,,,0,
3918,City,No Cars Available,,0,,,,0,
3912,Airport,No Cars Available,,0,,,,0,
3928,City,No Cars Available,,0,,,,0,
3911,Airport,No Cars Available,,0,,,,0,
3923,City,No Cars Available,,0,,,,0,
3922,City,No Cars Available,,0,,,,0,
3931,Airport,No Cars Available,,0,,,,0,
3930,City,No Cars Available,,0,,,,0,
3921,City,No Cars Available,,0,,,,0,
3926,Airport,No Cars Available,,0,,,,0,
3919,Airport,No Cars Available,,0,,,,0,
3933,Airport,No Cars Available,,0,,,,0,
3937,City,No Cars Available,,0,,,,0,
3929,Airport,No Cars Available,,0,,,,0,
3941,City,No Cars Available,,0,,,,0,
3936,City,No Cars Available,,0,,,,0,
3946,Airport,No Cars Available,,0,,,,0,
3938,City,No Cars Available,,0,,,,0,
3949,City,No Cars Available,,0,,,,0,
3958,Airport,No Cars Available,,0,,,,0,
3951,Airport,No Cars Available,,0,,,,0,
3962,City,No Cars Available,,0,,,,0,
3961,City,No Cars Available,,0,,,,0,
3963,Airport,No Cars Available,,0,,,,0,
3967,City,No Cars Available,,0,,,,0,
3968,Airport,No Cars Available,,0,,,,0,
3971,City,No Cars Available,,0,,,,0,
3972,City,No Cars Available,,0,,,,0,
3975,City,No Cars Available,,0,,,,0,
3976,City,No Cars Available,,0,,,,0,
3980,City,No Cars Available,,0,,,,0,
3984,Airport,No Cars Available,,0,,,,0,
3986,Airport,No Cars Available,,0,,,,0,
3988,City,No Cars Available,,0,,,,0,
3995,City,No Cars Available,,0,,,,0,
3998,Airport,No Cars Available,,0,,,,0,
4001,City,No Cars Available,,0,,,,0,
4006,City,No Cars Available,,0,,,,0,
4000,City,No Cars Available,,0,,,,0,
4017,City,No Cars Available,,0,,,,0,
4010,Airport,No Cars Available,,0,,,,0,
4015,City,No Cars Available,,0,,,,0,
4013,City,No Cars Available,,0,,,,0,
4014,City,No Cars Available,,0,,,,0,
4016,City,No Cars Available,,0,,,,0,
4028,City,No Cars Available,,0,,,,0,
4029,City,No Cars Available,,0,,,,0,
4032,City,No Cars Available,,0,,,,0,
4033,Airport,No Cars Available,,0,,,,0,
4034,City,No Cars Available,,0,,,,0,
4035,Airport,No Cars Available,,0,,,,0,
4036,Airport,No Cars Available,,0,,,,0,
4038,Airport,No Cars Available,,0,,,,0,
4042,Airport,No Cars Available,,0,,,,0,
4044,Airport,No Cars Available,,0,,,,0,
4046,City,No Cars Available,,0,,,,0,
4047,City,No Cars Available,,0,,,,0,
4048,Airport,No Cars Available,,0,,,,0,
4050,City,No Cars Available,,0,,,,0,
4053,Airport,No Cars Available,,0,,,,0,
4052,City,No Cars Available,,0,,,,0,
4055,City,No Cars Available,,0,,,,0,
4054,City,No Cars Available,,0,,,,0,
4056,City,No Cars Available,,0,,,,0,
4058,Airport,No Cars Available,,0,,,,0,
4057,City,No Cars Available,,0,,,,0,
4061,City,No Cars Available,,0,,,,0,
4059,City,No Cars Available,,0,,,,0,
4063,City,No Cars Available,,0,,,,0,
4062,Airport,No Cars Available,,0,,,,0,
4064,City,No Cars Available,,0,,,,0,
4068,Airport,No Cars Available,,0,,,,0,
4067,City,No Cars Available,,0,,,,0,
4069,City,No Cars Available,,0,,,,0,
4071,City,No Cars Available,,0,,,,0,
4070,City,No Cars Available,,0,,,,0,
4072,City,No Cars Available,,0,,,,0,
4076,Airport,No Cars Available,,0,,,,0,
4074,City,No Cars Available,,0,,,,0,
4080,Airport,No Cars Available,,0,,,,0,
4083,City,No Cars Available,,0,,,,0,
4086,City,No Cars Available,,0,,,,0,
4089,City,No Cars Available,,0,,,,0,
4088,City,No Cars Available,,0,,,,0,
4090,Airport,No Cars Available,,0,,,,0,
4095,Airport,No Cars Available,,0,,,,0,
4096,City,No Cars Available,,0,,,,0,
4099,City,No Cars Available,,0,,,,0,
4100,Airport,No Cars Available,,0,,,,0,
4101,City,No Cars Available,,0,,,,0,
4104,Airport,No Cars Available,,0,,,,0,
4102,Airport,No Cars Available,,0,,,,0,
4103,Airport,No Cars Available,,0,,,,0,
4106,City,No Cars Available,,0,,,,0,
4107,City,No Cars Available,,0,,,,0,
4110,Airport,No Cars Available,,0,,,,0,
4113,City,No Cars Available,,0,,,,0,
4109,City,No Cars Available,,0,,,,0,
4112,Airport,No Cars Available,,0,,,,0,
4111,City,No Cars Available,,0,,,,0,
4115,City,No Cars Available,,0,,,,0,
4116,Airport,No Cars Available,,0,,,,0,
4120,City,No Cars Available,,0,,,,0,
4123,City,No Cars Available,,0,,,,0,
4131,City,No Cars Available,,0,,,,0,
4124,City,No Cars Available,,0,,,,0,
4127,City,No Cars Available,,0,,,,0,
4132,City,No Cars Available,,0,,,,0,
4139,City,No Cars Available,,0,,,,0,
4135,Airport,No Cars Available,,0,,,,0,
4138,City,No Cars Available,,0,,,,0,
4142,City,No Cars Available,,0,,,,0,
4152,City,No Cars Available,,0,,,,0,
4149,City,No Cars Available,,0,,,,0,
4159,Airport,No Cars Available,,0,,,,0,
4172,City,No Cars Available,,0,,,,0,
4190,City,No Cars Available,,0,,,,0,
4193,City,No Cars Available,,0,,,,0,
4181,City,No Cars Available,,0,,,,0,
4191,City,No Cars Available,,0,,,,0,
4200,City,No Cars Available,,0,,,,0,
4208,City,No Cars Available,,0,,,,0,
4219,City,No Cars Available,,0,,,,0,
4220,City,No Cars Available,,0,,,,0,
4217,City,No Cars Available,,0,,,,0,
4237,City,No Cars Available,,0,,,,0,
4228,City,No Cars Available,,0,,,,0,
4240,City,No Cars Available,,0,,,,0,
4229,City,No Cars Available,,0,,,,0,
4246,City,No Cars Available,,0,,,,0,
4244,City,No Cars Available,,0,,,,0,
4241,City,No Cars Available,,0,,,,0,
4247,City,No Cars Available,,0,,,,0,
4256,City,No Cars Available,,0,,,,0,
4259,City,No Cars Available,,0,,,,0,
4265,City,No Cars Available,,0,,,,0,
4261,City,No Cars Available,,0,,,,0,
4262,City,No Cars Available,,0,,,,0,
4267,City,No Cars Available,,0,,,,0,
4269,City,No Cars Available,,0,,,,0,
4275,City,No Cars Available,,0,,,,0,
4279,City,No Cars Available,,0,,,,0,
4282,City,No Cars Available,,0,,,,0,
4283,City,No Cars Available,,0,,,,0,
4289,City,No Cars Available,,0,,,,0,
4291,City,No Cars Available,,0,,,,0,
4292,City,No Cars Available,,0,,,,0,
4295,City,No Cars Available,,0,,,,0,
4306,City,No Cars Available,,0,,,,0,
4309,Airport,No Cars Available,,0,,,,0,
4317,City,No Cars Available,,0,,,,0,
4318,City,No Cars Available,,0,,,,0,
4307,City,No Cars Available,,0,,,,0,
4320,City,No Cars Available,,0,,,,0,
4324,City,No Cars Available,,0,,,,0,
4333,City,No Cars Available,,0,,,,0,
4344,City,No Cars Available,,0,,,,0,
4334,City,No Cars Available,,0,,,,0,
4347,City,No Cars Available,,0,,,,0,
4352,City,No Cars Available,,0,,,,0,
4348,City,No Cars Available,,0,,,,0,
4353,City,No Cars Available,,0,,,,0,
4362,City,No Cars Available,,0,,,,0,
4367,City,No Cars Available,,0,,,,0,
4373,City,No Cars Available,,0,,,,0,
4382,City,No Cars Available,,0,,,,0,
4393,City,No Cars Available,,0,,,,0,
4394,City,No Cars Available,,0,,,,0,
4405,City,No Cars Available,,0,,,,0,
4407,City,No Cars Available,,0,,,,0,
4412,City,No Cars Available,,0,,,,0,
4424,City,No Cars Available,,0,,,,0,
4437,City,No Cars Available,,0,,,,0,
4436,City,No Cars Available,,0,,,,0,
4432,City,No Cars Available,,0,,,,0,
4429,City,No Cars Available,,0,,,,0,
4449,City,No Cars Available,,0,,,,0,
4453,City,No Cars Available,,0,,,,0,
4460,City,No Cars Available,,0,,,,0,
4474,City,No Cars Available,,0,,,,0,
4466,City,No Cars Available,,0,,,,0,
4473,City,No Cars Available,,0,,,,0,
4477,City,No Cars Available,,0,,,,0,
4493,City,No Cars Available,,0,,,,0,
4494,City,No Cars Available,,0,,,,0,
4490,City,No Cars Available,,0,,,,0,
4508,City,No Cars Available,,0,,,,0,
4495,City,No Cars Available,,0,,,,0,
4513,City,No Cars Available,,0,,,,0,
4502,City,No Cars Available,,0,,,,0,
4528,City,No Cars Available,,0,,,,0,
4526,City,No Cars Available,,0,,,,0,
4522,Airport,No Cars Available,,0,,,,0,
4537,City,No Cars Available,,0,,,,0,
4541,City,No Cars Available,,0,,,,0,
4550,City,No Cars Available,,0,,,,0,
4554,City,No Cars Available,,0,,,,0,
4551,City,No Cars Available,,0,,,,0,
4553,Airport,No Cars Available,,0,,,,0,
4565,City,No Cars Available,,0,,,,0,
4549,Airport,No Cars Available,,0,,,,0,
4548,City,No Cars Available,,0,,,,0,
4555,City,No Cars Available,,0,,,,0,
4559,City,No Cars Available,,0,,,,0,
4564,City,No Cars Available,,0,,,,0,
4587,City,No Cars Available,,0,,,,0,
4584,City,No Cars Available,,0,,,,0,
4585,City,No Cars Available,,0,,,,0,
4583,City,No Cars Available,,0,,,,0,
4582,City,No Cars Available,,0,,,,0,
4589,City,No Cars Available,,0,,,,0,
4596,City,No Cars Available,,0,,,,0,
4595,City,No Cars Available,,0,,,,0,
4591,City,No Cars Available,,0,,,,0,
4597,City,No Cars Available,,0,,,,0,
4598,City,No Cars Available,,0,,,,0,
4590,City,No Cars Available,,0,,,,0,
4606,Airport,No Cars Available,,0,,,,0,
4608,Airport,No Cars Available,,0,,,,0,
4604,City,No Cars Available,,0,,,,0,
4613,City,No Cars Available,,0,,,,0,
4616,City,No Cars Available,,0,,,,0,
4622,Airport,No Cars Available,,0,,,,0,
4617,City,No Cars Available,,0,,,,0,
4619,Airport,No Cars Available,,0,,,,0,
4629,City,No Cars Available,,0,,,,0,
4633,City,No Cars Available,,0,,,,0,
4634,City,No Cars Available,,0,,,,0,
4636,City,No Cars Available,,0,,,,0,
4640,Airport,No Cars Available,,0,,,,0,
4647,City,No Cars Available,,0,,,,0,
4650,Airport,No Cars Available,,0,,,,0,
4662,Airport,No Cars Available,,0,,,,0,
4660,City,No Cars Available,,0,,,,0,
4666,Airport,No Cars Available,,0,,,,0,
4670,Airport,No Cars Available,,0,,,,0,
4675,City,No Cars Available,,0,,,,0,
4676,Airport,No Cars Available,,0,,,,0,
4682,Airport,No Cars Available,,0,,,,0,
4678,City,No Cars Available,,0,,,,0,
4688,Airport,No Cars Available,,0,,,,0,
4692,City,No Cars Available,,0,,,,0,
4689,City,No Cars Available,,0,,,,0,
4697,City,No Cars Available,,0,,,,0,
4705,Airport,No Cars Available,,0,,,,0,
4707,City,No Cars Available,,0,,,,0,
4704,City,No Cars Available,,0,,,,0,
4708,City,No Cars Available,,0,,,,0,
4703,Airport,No Cars Available,,0,,,,0,
4725,Airport,No Cars Available,,0,,,,0,
4734,Airport,No Cars Available,,0,,,,0,
4742,Airport,No Cars Available,,0,,,,0,
4744,Airport,No Cars Available,,0,,,,0,
4746,City,No Cars Available,,0,,,,0,
4749,Airport,No Cars Available,,0,,,,0,
4764,City,No Cars Available,,0,,,,0,
4763,City,No Cars Available,,0,,,,0,
4772,City,No Cars Available,,0,,,,0,
4778,City,No Cars Available,,0,,,,0,
4781,Airport,No Cars Available,,0,,,,0,
4782,Airport,No Cars Available,,0,,,,0,
4785,City,No Cars Available,,0,,,,0,
4789,City,No Cars Available,,0,,,,0,
4793,City,No Cars Available,,0,,,,0,
4794,City,No Cars Available,,0,,,,0,
4804,City,No Cars Available,,0,,,,0,
4806,City,No Cars Available,,0,,,,0,
4808,Airport,No Cars Available,,0,,,,0,
4809,Airport,No Cars Available,,0,,,,0,
4816,Airport,No Cars Available,,0,,,,0,
4807,Airport,No Cars Available,,0,,,,0,
4817,Airport,No Cars Available,,0,,,,0,
4819,Airport,No Cars Available,,0,,,,0,
4811,Airport,No Cars Available,,0,,,,0,
4818,Airport,No Cars Available,,0,,,,0,
4836,Airport,No Cars Available,,0,,,,0,
4821,Airport,No Cars Available,,0,,,,0,
4826,Airport,No Cars Available,,0,,,,0,
4824,Airport,No Cars Available,,0,,,,0,
4820,Airport,No Cars Available,,0,,,,0,
4827,Airport,No Cars Available,,0,,,,0,
4832,Airport,No Cars Available,,0,,,,0,
4838,Airport,No Cars Available,,0,,,,0,
4840,Airport,No Cars Available,,0,,,,0,
4835,Airport,No Cars Available,,0,,,,0,
4841,Airport,No Cars Available,,0,,,,0,
4843,Airport,No Cars Available,,0,,,,0,
4839,Airport,No Cars Available,,0,,,,0,
4844,Airport,No Cars Available,,0,,,,0,
4833,Airport,No Cars Available,,0,,,,0,
4837,Airport,No Cars Available,,0,,,,0,
4853,Airport,No Cars Available,,0,,,,0,
4852,City,No Cars Available,,0,,,,0,
4856,Airport,No Cars Available,,0,,,,0,
4855,Airport,No Cars Available,,0,,,,0,
4861,Airport,No Cars Available,,0,,,,0,
4846,Airport,No Cars Available,,0,,,,0,
4864,Airport,No Cars Available,,0,,,,0,
4842,Airport,No Cars Available,,0,,,,0,
4851,Airport,No Cars Available,,0,,,,0,
4845,Airport,No Cars Available,,0,,,,0,
4860,Airport,No Cars Available,,0,,,,0,
4871,Airport,No Cars Available,,0,,,,0,
4870,Airport,No Cars Available,,0,,,,0,
4873,Airport,No Cars Available,,0,,,,0,
4868,Airport,No Cars Available,,0,,,,0,
4874,Airport,No Cars Available,,0,,,,0,
4867,Airport,No Cars Available,,0,,,,0,
4878,Airport,No Cars Available,,0,,,,0,
4872,Airport,No Cars Available,,0,,,,0,
4877,Airport,No Cars Available,,0,,,,0,
4888,Airport,No Cars Available,,0,,,,0,
4882,Airport,No Cars Available,,0,,,,0,
4891,Airport,No Cars Available,,0,,,,0,
4881,Airport,No Cars Available,,0,,,,0,
4883,Airport,No Cars Available,,0,,,,0,
4887,Airport,No Cars Available,,0,,,,0,
4896,Airport,No Cars Available,,0,,,,0,
4893,Airport,No Cars Available,,0,,,,0,
4897,Airport,No Cars Available,,0,,,,0,
4910,Airport,No Cars Available,,0,,,,0,
4900,Airport,No Cars Available,,0,,,,0,
4894,Airport,No Cars Available,,0,,,,0,
4895,Airport,No Cars Available,,0,,,,0,
4914,Airport,No Cars Available,,0,,,,0,
4907,Airport,No Cars Available,,0,,,,0,
4903,Airport,No Cars Available,,0,,,,0,
4913,Airport,No Cars Available,,0,,,,0,
4912,Airport,No Cars Available,,0,,,,0,
4917,Airport,No Cars Available,,0,,,,0,
4918,Airport,No Cars Available,,0,,,,0,
4923,Airport,No Cars Available,,0,,,,0,
4916,Airport,No Cars Available,,0,,,,0,
4924,Airport,No Cars Available,,0,,,,0,
4920,Airport,No Cars Available,,0,,,,0,
4922,Airport,No Cars Available,,0,,,,0,
4927,Airport,No Cars Available,,0,,,,0,
4925,Airport,No Cars Available,,0,,,,0,
4934,Airport,No Cars Available,,0,,,,0,
4930,Airport,No Cars Available,,0,,,,0,
4935,Airport,No Cars Available,,0,,,,0,
4946,Airport,No Cars Available,,0,,,,0,
4942,Airport,No Cars Available,,0,,,,0,
4939,Airport,No Cars Available,,0,,,,0,
4945,Airport,No Cars Available,,0,,,,0,
4952,Airport,No Cars Available,,0,,,,0,
4956,Airport,No Cars Available,,0,,,,0,
4947,Airport,No Cars Available,,0,,,,0,
4955,Airport,No Cars Available,,0,,,,0,
4959,Airport,No Cars Available,,0,,,,0,
4962,Airport,No Cars Available,,0,,,,0,
4961,Airport,No Cars Available,,0,,,,0,
4957,Airport,No Cars Available,,0,,,,0,
4960,Airport,No Cars Available,,0,,,,0,
4953,Airport,No Cars Available,,0,,,,0,
4951,Airport,No Cars Available,,0,,,,0,
4967,Airport,No Cars Available,,0,,,,0,
4954,Airport,No Cars Available,,0,,,,0,
4965,Airport,No Cars Available,,0,,,,0,
4972,Airport,No Cars Available,,0,,,,0,
4983,City,No Cars Available,,0,,,,0,
4989,Airport,No Cars Available,,0,,,,0,
4973,Airport,No Cars Available,,0,,,,0,
4980,Airport,No Cars Available,,0,,,,0,
4982,Airport,No Cars Available,,0,,,,0,
4970,Airport,No Cars Available,,0,,,,0,
4984,Airport,No Cars Available,,0,,,,0,
4990,Airport,No Cars Available,,0,,,,0,
4985,Airport,No Cars Available,,0,,,,0,
4992,Airport,No Cars Available,,0,,,,0,
4991,Airport,No Cars Available,,0,,,,0,
4979,Airport,No Cars Available,,0,,,,0,
4994,Airport,No Cars Available,,0,,,,0,
4993,Airport,No Cars Available,,0,,,,0,
4988,Airport,No Cars Available,,0,,,,0,
4995,Airport,No Cars Available,,0,,,,0,
5000,Airport,No Cars Available,,0,,,,0,
5002,Airport,No Cars Available,,0,,,,0,
5004,Airport,No Cars Available,,0,,,,0,
5006,Airport,No Cars Available,,0,,,,0,
5007,Airport,No Cars Available,,0,,,,0,
5003,Airport,No Cars Available,,0,,,,0,
5009,Airport,No Cars Available,,0,,,,0,
4999,Airport,No Cars Available,,0,,,,0,
5008,Airport,No Cars Available,,0,,,,0,
5011,Airport,No Cars Available,,0,,,,0,
5014,City,No Cars Available,,0,,,,0,
5015,Airport,No Cars Available,,0,,,,0,
5005,Airport,No Cars Available,,0,,,,0,
5010,Airport,No Cars Available,,0,,,,0,
5026,Airport,No Cars Available,,0,,,,0,
5022,Airport,No Cars Available,,0,,,,0,
5016,Airport,No Cars Available,,0,,,,0,
5021,Airport,No Cars Available,,0,,,,0,
5020,Airport,No Cars Available,,0,,,,0,
5018,Airport,No Cars Available,,0,,,,0,
5037,Airport,No Cars Available,,0,,,,0,
5027,Airport,No Cars Available,,0,,,,0,
5030,Airport,No Cars Available,,0,,,,0,
5034,Airport,No Cars Available,,0,,,,0,
5028,Airport,No Cars Available,,0,,,,0,
5036,Airport,No Cars Available,,0,,,,0,
5048,Airport,No Cars Available,,0,,,,0,
5035,Airport,No Cars Available,,0,,,,0,
5040,Airport,No Cars Available,,0,,,,0,
5043,Airport,No Cars Available,,0,,,,0,
5059,Airport,No Cars Available,,0,,,,0,
5047,Airport,No Cars Available,,0,,,,0,
5045,Airport,No Cars Available,,0,,,,0,
5055,Airport,No Cars Available,,0,,,,0,
5044,Airport,No Cars Available,,0,,,,0,
5062,Airport,No Cars Available,,0,,,,0,
5057,Airport,No Cars Available,,0,,,,0,
5049,Airport,No Cars Available,,0,,,,0,
5054,Airport,No Cars Available,,0,,,,0,
5052,Airport,No Cars Available,,0,,,,0,
5046,Airport,No Cars Available,,0,,,,0,
5058,Airport,No Cars Available,,0,,,,0,
5053,Airport,No Cars Available,,0,,,,0,
5063,Airport,No Cars Available,,0,,,,0,
5068,Airport,No Cars Available,,0,,,,0,
5065,Airport,No Cars Available,,0,,,,0,
5069,Airport,No Cars Available,,0,,,,0,
5067,Airport,No Cars Available,,0,,,,0,
5074,Airport,No Cars Available,,0,,,,0,
5073,Airport,No Cars Available,,0,,,,0,
5072,Airport,No Cars Available,,0,,,,0,
5078,Airport,No Cars Available,,0,,,,0,
5083,Airport,No Cars Available,,0,,,,0,
5080,Airport,No Cars Available,,0,,,,0,
5085,Airport,No Cars Available,,0,,,,0,
5077,Airport,No Cars Available,,0,,,,0,
5084,Airport,No Cars Available,,0,,,,0,
5090,Airport,No Cars Available,,0,,,,0,
5092,Airport,No Cars Available,,0,,,,0,
5082,Airport,No Cars Available,,0,,,,0,
5091,Airport,No Cars Available,,0,,,,0,
5087,Airport,No Cars Available,,0,,,,0,
5093,Airport,No Cars Available,,0,,,,0,
5081,Airport,No Cars Available,,0,,,,0,
5102,Airport,No Cars Available,,0,,,,0,
5114,Airport,No Cars Available,,0,,,,0,
5094,Airport,No Cars Available,,0,,,,0,
5103,Airport,No Cars Available,,0,,,,0,
5101,City,No Cars Available,,0,,,,0,
5107,City,No Cars Available,,0,,,,0,
5119,Airport,No Cars Available,,0,,,,0,
5104,Airport,No Cars Available,,0,,,,0,
5109,Airport,No Cars Available,,0,,,,0,
5112,Airport,No Cars Available,,0,,,,0,
5117,Airport,No Cars Available,,0,,,,0,
5099,Airport,No Cars Available,,0,,,,0,
5118,City,No Cars Available,,0,,,,0,
5106,Airport,No Cars Available,,0,,,,0,
5110,Airport,No Cars Available,,0,,,,0,
5111,Airport,No Cars Available,,0,,,,0,
5120,Airport,No Cars Available,,0,,,,0,
5121,Airport,No Cars Available,,0,,,,0,
5123,Airport,No Cars Available,,0,,,,0,
5124,Airport,No Cars Available,,0,,,,0,
5127,Airport,No Cars Available,,0,,,,0,
5126,Airport,No Cars Available,,0,,,,0,
5125,Airport,No Cars Available,,0,,,,0,
5113,City,No Cars Available,,0,,,,0,
5130,Airport,No Cars Available,,0,,,,0,
5129,Airport,No Cars Available,,0,,,,0,
5138,Airport,No Cars Available,,0,,,,0,
5128,Airport,No Cars Available,,0,,,,0,
5131,City,No Cars Available,,0,,,,0,
5134,Airport,No Cars Available,,0,,,,0,
5137,Airport,No Cars Available,,0,,,,0,
5143,Airport,No Cars Available,,0,,,,0,
5140,Airport,No Cars Available,,0,,,,0,
5139,Airport,No Cars Available,,0,,,,0,
5135,Airport,No Cars Available,,0,,,,0,
5146,Airport,No Cars Available,,0,,,,0,
5148,Airport,No Cars Available,,0,,,,0,
5151,Airport,No Cars Available,,0,,,,0,
5136,Airport,No Cars Available,,0,,,,0,
5147,Airport,No Cars Available,,0,,,,0,
5159,Airport,No Cars Available,,0,,,,0,
5152,Airport,No Cars Available,,0,,,,0,
5162,Airport,No Cars Available,,0,,,,0,
5161,Airport,No Cars Available,,0,,,,0,
5150,Airport,No Cars Available,,0,,,,0,
5156,Airport,No Cars Available,,0,,,,0,
5155,Airport,No Cars Available,,0,,,,0,
5158,Airport,No Cars Available,,0,,,,0,
5170,Airport,No Cars Available,,0,,,,0,
5165,Airport,No Cars Available,,0,,,,0,
5169,Airport,No Cars Available,,0,,,,0,
5157,Airport,No Cars Available,,0,,,,0,
5177,Airport,No Cars Available,,0,,,,0,
5167,Airport,No Cars Available,,0,,,,0,
5173,Airport,No Cars Available,,0,,,,0,
5168,Airport,No Cars Available,,0,,,,0,
5166,Airport,No Cars Available,,0,,,,0,
5183,Airport,No Cars Available,,0,,,,0,
5178,Airport,No Cars Available,,0,,,,0,
5180,Airport,No Cars Available,,0,,,,0,
5179,Airport,No Cars Available,,0,,,,0,
5172,Airport,No Cars Available,,0,,,,0,
5182,Airport,No Cars Available,,0,,,,0,
5181,Airport,No Cars Available,,0,,,,0,
5187,Airport,No Cars Available,,0,,,,0,
5189,Airport,No Cars Available,,0,,,,0,
5186,Airport,No Cars Available,,0,,,,0,
5191,City,No Cars Available,,0,,,,0,
5188,Airport,No Cars Available,,0,,,,0,
5196,Airport,No Cars Available,,0,,,,0,
5190,Airport,No Cars Available,,0,,,,0,
5201,Airport,No Cars Available,,0,,,,0,
5197,Airport,No Cars Available,,0,,,,0,
5195,Airport,No Cars Available,,0,,,,0,
5192,Airport,No Cars Available,,0,,,,0,
5211,Airport,No Cars Available,,0,,,,0,
5204,City,No Cars Available,,0,,,,0,
5203,Airport,No Cars Available,,0,,,,0,
5206,Airport,No Cars Available,,0,,,,0,
5212,Airport,No Cars Available,,0,,,,0,
5218,Airport,No Cars Available,,0,,,,0,
5205,Airport,No Cars Available,,0,,,,0,
5215,Airport,No Cars Available,,0,,,,0,
5213,Airport,No Cars Available,,0,,,,0,
5229,Airport,No Cars Available,,0,,,,0,
5223,Airport,No Cars Available,,0,,,,0,
5220,Airport,No Cars Available,,0,,,,0,
5222,Airport,No Cars Available,,0,,,,0,
5226,Airport,No Cars Available,,0,,,,0,
5238,Airport,No Cars Available,,0,,,,0,
5236,Airport,No Cars Available,,0,,,,0,
5231,Airport,No Cars Available,,0,,,,0,
5230,Airport,No Cars Available,,0,,,,0,
5237,Airport,No Cars Available,,0,,,,0,
5232,Airport,No Cars Available,,0,,,,0,
5240,Airport,No Cars Available,,0,,,,0,
5233,City,No Cars Available,,0,,,,0,
5239,Airport,No Cars Available,,0,,,,0,
5242,Airport,No Cars Available,,0,,,,0,
5246,Airport,No Cars Available,,0,,,,0,
5228,Airport,No Cars Available,,0,,,,0,
5249,Airport,No Cars Available,,0,,,,0,
5245,Airport,No Cars Available,,0,,,,0,
5257,Airport,No Cars Available,,0,,,,0,
5247,Airport,No Cars Available,,0,,,,0,
5244,Airport,No Cars Available,,0,,,,0,
5252,Airport,No Cars Available,,0,,,,0,
5250,Airport,No Cars Available,,0,,,,0,
5253,Airport,No Cars Available,,0,,,,0,
5256,Airport,No Cars Available,,0,,,,0,
5261,Airport,No Cars Available,,0,,,,0,
5260,Airport,No Cars Available,,0,,,,0,
5258,Airport,No Cars Available,,0,,,,0,
5267,Airport,No Cars Available,,0,,,,0,
5262,Airport,No Cars Available,,0,,,,0,
5259,Airport,No Cars Available,,0,,,,0,
5265,Airport,No Cars Available,,0,,,,0,
5280,Airport,No Cars Available,,0,,,,0,
5279,Airport,No Cars Available,,0,,,,0,
5264,Airport,No Cars Available,,0,,,,0,
5281,Airport,No Cars Available,,0,,,,0,
5269,Airport,No Cars Available,,0,,,,0,
5277,Airport,No Cars Available,,0,,,,0,
5282,Airport,No Cars Available,,0,,,,0,
5278,Airport,No Cars Available,,0,,,,0,
5283,Airport,No Cars Available,,0,,,,0,
5274,Airport,No Cars Available,,0,,,,0,
5301,Airport,No Cars Available,,0,,,,0,
5296,Airport,No Cars Available,,0,,,,0,
5299,Airport,No Cars Available,,0,,,,0,
5293,Airport,No Cars Available,,0,,,,0,
5292,Airport,No Cars Available,,0,,,,0,
5302,Airport,No Cars Available,,0,,,,0,
5303,Airport,No Cars Available,,0,,,,0,
5298,Airport,No Cars Available,,0,,,,0,
5304,Airport,No Cars Available,,0,,,,0,
5305,Airport,No Cars Available,,0,,,,0,
5308,Airport,No Cars Available,,0,,,,0,
5309,Airport,No Cars Available,,0,,,,0,
5312,Airport,No Cars Available,,0,,,,0,
5311,Airport,No Cars Available,,0,,,,0,
5306,Airport,No Cars Available,,0,,,,0,
5307,Airport,No Cars Available,,0,,,,0,
5310,Airport,No Cars Available,,0,,,,0,
5315,Airport,No Cars Available,,0,,,,0,
5314,Airport,No Cars Available,,0,,,,0,
5322,Airport,No Cars Available,,0,,,,0,
5316,Airport,No Cars Available,,0,,,,0,
5319,Airport,No Cars Available,,0,,,,0,
5317,Airport,No Cars Available,,0,,,,0,
5323,Airport,No Cars Available,,0,,,,0,
5320,Airport,No Cars Available,,0,,,,0,
5324,Airport,No Cars Available,,0,,,,0,
5329,Airport,No Cars Available,,0,,,,0,
5330,Airport,No Cars Available,,0,,,,0,
5331,Airport,No Cars Available,,0,,,,0,
5333,Airport,No Cars Available,,0,,,,0,
5332,City,No Cars Available,,0,,,,0,
5334,City,No Cars Available,,0,,,,0,
5339,City,No Cars Available,,0,,,,0,
5343,City,No Cars Available,,0,,,,0,
5346,Airport,No Cars Available,,0,,,,0,
5353,Airport,No Cars Available,,0,,,,0,
5351,City,No Cars Available,,0,,,,0,
5356,Airport,No Cars Available,,0,,,,0,
5355,City,No Cars Available,,0,,,,0,
5363,Airport,No Cars Available,,0,,,,0,
5362,Airport,No Cars Available,,0,,,,0,
5361,Airport,No Cars Available,,0,,,,0,
5365,City,No Cars Available,,0,,,,0,
5372,City,No Cars Available,,0,,,,0,
5369,Airport,No Cars Available,,0,,,,0,
5371,Airport,No Cars Available,,0,,,,0,
5375,Airport,No Cars Available,,0,,,,0,
5376,City,No Cars Available,,0,,,,0,
5378,Airport,No Cars Available,,0,,,,0,
6765,Airport,No Cars Available,,0,,,,0,
5388,Airport,No Cars Available,,0,,,,0,
5387,City,No Cars Available,,0,,,,0,
5389,Airport,No Cars Available,,0,,,,0,
5386,City,No Cars Available,,0,,,,0,
5390,Airport,No Cars Available,,0,,,,0,
5391,City,No Cars Available,,0,,,,0,
5393,Airport,No Cars Available,,0,,,,0,
5397,City,No Cars Available,,0,,,,0,
5395,Airport,No Cars Available,,0,,,,0,
5398,City,No Cars Available,,0,,,,0,
5401,City,No Cars Available,,0,,,,0,
5403,Airport,No Cars Available,,0,,,,0,
5405,Airport,No Cars Available,,0,,,,0,
5406,City,No Cars Available,,0,,,,0,
5407,Airport,No Cars Available,,0,,,,0,
5408,City,No Cars Available,,0,,,,0,
5411,Airport,No Cars Available,,0,,,,0,
5412,Airport,No Cars Available,,0,,,,0,
5413,Airport,No Cars Available,,0,,,,0,
5414,Airport,No Cars Available,,0,,,,0,
5415,City,No Cars Available,,0,,,,0,
5416,City,No Cars Available,,0,,,,0,
5417,Airport,No Cars Available,,0,,,,0,
5420,Airport,No Cars Available,,0,,,,0,
5427,City,No Cars Available,,0,,,,0,
5426,Airport,No Cars Available,,0,,,,0,
5429,Airport,No Cars Available,,0,,,,0,
5433,City,No Cars Available,,0,,,,0,
5432,Airport,No Cars Available,,0,,,,0,
5438,City,No Cars Available,,0,,,,0,
5436,City,No Cars Available,,0,,,,0,
5443,City,No Cars Available,,0,,,,0,
5441,City,No Cars Available,,0,,,,0,
5445,Airport,No Cars Available,,0,,,,0,
5442,Airport,No Cars Available,,0,,,,0,
5439,City,No Cars Available,,0,,,,0,
5449,City,No Cars Available,,0,,,,0,
5447,City,No Cars Available,,0,,,,0,
5450,City,No Cars Available,,0,,,,0,
5451,Airport,No Cars Available,,0,,,,0,
5446,City,No Cars Available,,0,,,,0,
5452,Airport,No Cars Available,,0,,,,0,
5456,Airport,No Cars Available,,0,,,,0,
5454,Airport,No Cars Available,,0,,,,0,
5458,Airport,No Cars Available,,0,,,,0,
5459,Airport,No Cars Available,,0,,,,0,
5461,Airport,No Cars Available,,0,,,,0,
5462,Airport,No Cars Available,,0,,,,0,
5463,Airport,No Cars Available,,0,,,,0,
5464,City,No Cars Available,,0,,,,0,
5465,Airport,No Cars Available,,0,,,,0,
5466,Airport,No Cars Available,,0,,,,0,
5468,City,No Cars Available,,0,,,,0,
5467,City,No Cars Available,,0,,,,0,
5490,City,No Cars Available,,0,,,,0,
5483,Airport,No Cars Available,,0,,,,0,
5482,City,No Cars Available,,0,,,,0,
5485,Airport,No Cars Available,,0,,,,0,
5491,City,No Cars Available,,0,,,,0,
5492,City,No Cars Available,,0,,,,0,
5504,City,No Cars Available,,0,,,,0,
5507,City,No Cars Available,,0,,,,0,
5509,City,No Cars Available,,0,,,,0,
5516,City,No Cars Available,,0,,,,0,
5527,City,No Cars Available,,0,,,,0,
5530,City,No Cars Available,,0,,,,0,
5528,City,No Cars Available,,0,,,,0,
5523,City,No Cars Available,,0,,,,0,
5532,City,No Cars Available,,0,,,,0,
5539,City,No Cars Available,,0,,,,0,
5542,City,No Cars Available,,0,,,,0,
5541,City,No Cars Available,,0,,,,0,
5546,City,No Cars Available,,0,,,,0,
5550,City,No Cars Available,,0,,,,0,
5561,City,No Cars Available,,0,,,,0,
5562,Airport,No Cars Available,,0,,,,0,
5563,City,No Cars Available,,0,,,,0,
5567,City,No Cars Available,,0,,,,0,
5571,City,No Cars Available,,0,,,,0,
5589,City,No Cars Available,,0,,,,0,
5574,City,No Cars Available,,0,,,,0,
5579,City,No Cars Available,,0,,,,0,
5588,City,No Cars Available,,0,,,,0,
5593,City,No Cars Available,,0,,,,0,
5599,City,No Cars Available,,0,,,,0,
5601,Airport,No Cars Available,,0,,,,0,
5595,City,No Cars Available,,0,,,,0,
5602,City,No Cars Available,,0,,,,0,
5592,City,No Cars Available,,0,,,,0,
5610,City,No Cars Available,,0,,,,0,
5607,City,No Cars Available,,0,,,,0,
5616,City,No Cars Available,,0,,,,0,
5611,City,No Cars Available,,0,,,,0,
5624,City,No Cars Available,,0,,,,0,
5625,City,No Cars Available,,0,,,,0,
5620,City,No Cars Available,,0,,,,0,
5633,City,No Cars Available,,0,,,,0,
5670,City,No Cars Available,,0,,,,0,
5657,City,No Cars Available,,0,,,,0,
5669,City,No Cars Available,,0,,,,0,
5658,City,No Cars Available,,0,,,,0,
5667,City,No Cars Available,,0,,,,0,
5680,City,No Cars Available,,0,,,,0,
5684,City,No Cars Available,,0,,,,0,
5695,City,No Cars Available,,0,,,,0,
5692,Airport,No Cars Available,,0,,,,0,
5693,City,No Cars Available,,0,,,,0,
5722,City,No Cars Available,,0,,,,0,
5712,City,No Cars Available,,0,,,,0,
5721,City,No Cars Available,,0,,,,0,
5727,City,No Cars Available,,0,,,,0,
5725,City,No Cars Available,,0,,,,0,
5726,City,No Cars Available,,0,,,,0,
5739,City,No Cars Available,,0,,,,0,
5744,City,No Cars Available,,0,,,,0,
5745,City,No Cars Available,,0,,,,0,
5747,City,No Cars Available,,0,,,,0,
5743,City,No Cars Available,,0,,,,0,
5758,City,No Cars Available,,0,,,,0,
5770,Airport,No Cars Available,,0,,,,0,
5762,City,No Cars Available,,0,,,,0,
5773,City,No Cars Available,,0,,,,0,
5776,City,No Cars Available,,0,,,,0,
5777,City,No Cars Available,,0,,,,0,
5779,City,No Cars Available,,0,,,,0,
5797,City,No Cars Available,,0,,,,0,
5803,City,No Cars Available,,0,,,,0,
5796,City,No Cars Available,,0,,,,0,
5804,City,No Cars Available,,0,,,,0,
5813,City,No Cars Available,,0,,,,0,
5810,City,No Cars Available,,0,,,,0,
5818,City,No Cars Available,,0,,,,0,
5819,City,No Cars Available,,0,,,,0,
5837,City,No Cars Available,,0,,,,0,
5829,City,No Cars Available,,0,,,,0,
5845,City,No Cars Available,,0,,,,0,
5841,City,No Cars Available,,0,,,,0,
5852,City,No Cars Available,,0,,,,0,
5840,City,No Cars Available,,0,,,,0,
5859,City,No Cars Available,,0,,,,0,
5858,City,No Cars Available,,0,,,,0,
5863,City,No Cars Available,,0,,,,0,
5882,City,No Cars Available,,0,,,,0,
5885,City,No Cars Available,,0,,,,0,
5881,City,No Cars Available,,0,,,,0,
5889,City,No Cars Available,,0,,,,0,
5909,City,No Cars Available,,0,,,,0,
5922,City,No Cars Available,,0,,,,0,
5931,City,No Cars Available,,0,,,,0,
5930,City,No Cars Available,,0,,,,0,
5934,Airport,No Cars Available,,0,,,,0,
5939,City,No Cars Available,,0,,,,0,
5937,City,No Cars Available,,0,,,,0,
5941,City,No Cars Available,,0,,,,0,
5946,City,No Cars Available,,0,,,,0,
5943,City,No Cars Available,,0,,,,0,
5954,City,No Cars Available,,0,,,,0,
5951,City,No Cars Available,,0,,,,0,
5959,City,No Cars Available,,0,,,,0,
5969,City,No Cars Available,,0,,,,0,
5965,City,No Cars Available,,0,,,,0,
5963,City,No Cars Available,,0,,,,0,
5968,City,No Cars Available,,0,,,,0,
5974,City,No Cars Available,,0,,,,0,
5975,City,No Cars Available,,0,,,,0,
5982,City,No Cars Available,,0,,,,0,
5985,City,No Cars Available,,0,,,,0,
5984,City,No Cars Available,,0,,,,0,
5995,City,No Cars Available,,0,,,,0,
5991,City,No Cars Available,,0,,,,0,
5997,City,No Cars Available,,0,,,,0,
5993,City,No Cars Available,,0,,,,0,
5999,City,No Cars Available,,0,,,,0,
5998,Airport,No Cars Available,,0,,,,0,
6005,City,No Cars Available,,0,,,,0,
6008,City,No Cars Available,,0,,,,0,
6011,City,No Cars Available,,0,,,,0,
6015,City,No Cars Available,,0,,,,0,
6012,Airport,No Cars Available,,0,,,,0,
6018,City,No Cars Available,,0,,,,0,
6019,City,No Cars Available,,0,,,,0,
6023,City,No Cars Available,,0,,,,0,
6025,City,No Cars Available,,0,,,,0,
6022,City,No Cars Available,,0,,,,0,
6029,City,No Cars Available,,0,,,,0,
6028,Airport,No Cars Available,,0,,,,0,
6034,City,No Cars Available,,0,,,,0,
6036,City,No Cars Available,,0,,,,0,
6040,City,No Cars Available,,0,,,,0,
6041,Airport,No Cars Available,,0,,,,0,
6038,City,No Cars Available,,0,,,,0,
6043,City,No Cars Available,,0,,,,0,
6044,City,No Cars Available,,0,,,,0,
6047,City,No Cars Available,,0,,,,0,
6048,City,No Cars Available,,0,,,,0,
6051,City,No Cars Available,,0,,,,0,
6052,City,No Cars Available,,0,,,,0,
6054,City,No Cars Available,,0,,,,0,
6053,City,No Cars Available,,0,,,,0,
6061,City,No Cars Available,,0,,,,0,
6059,Airport,No Cars Available,,0,,,,0,
6060,City,No Cars Available,,0,,,,0,
6065,City,No Cars Available,,0,,,,0,
6068,City,No Cars Available,,0,,,,0,
6071,City,No Cars Available,,0,,,,0,
6070,City,No Cars Available,,0,,,,0,
6072,City,No Cars Available,,0,,,,0,
6069,City,No Cars Available,,0,,,,0,
6077,City,No Cars Available,,0,,,,0,
6075,City,No Cars Available,,0,,,,0,
6078,City,No Cars Available,,0,,,,0,
6084,City,No Cars Available,,0,,,,0,
6085,City,No Cars Available,,0,,,,0,
6083,City,No Cars Available,,0,,,,0,
6094,City,No Cars Available,,0,,,,0,
6097,City,No Cars Available,,0,,,,0,
6092,Airport,No Cars Available,,0,,,,0,
6096,City,No Cars Available,,0,,,,0,
6095,City,No Cars Available,,0,,,,0,
6099,City,No Cars Available,,0,,,,0,
6109,City,No Cars Available,,0,,,,0,
6105,City,No Cars Available,,0,,,,0,
6110,City,No Cars Available,,0,,,,0,
6104,City,No Cars Available,,0,,,,0,
6115,Airport,No Cars Available,,0,,,,0,
6119,City,No Cars Available,,0,,,,0,
6121,City,No Cars Available,,0,,,,0,
6126,City,No Cars Available,,0,,,,0,
6123,City,No Cars Available,,0,,,,0,
6125,City,No Cars Available,,0,,,,0,
6127,City,No Cars Available,,0,,,,0,
6130,City,No Cars Available,,0,,,,0,
6128,City,No Cars Available,,0,,,,0,
6135,City,No Cars Available,,0,,,,0,
6134,City,No Cars Available,,0,,,,0,
6136,City,No Cars Available,,0,,,,0,
6137,Airport,No Cars Available,,0,,,,0,
6138,City,No Cars Available,,0,,,,0,
6143,City,No Cars Available,,0,,,,0,
6144,City,No Cars Available,,0,,,,0,
6149,City,No Cars Available,,0,,,,0,
6146,Airport,No Cars Available,,0,,,,0,
6148,City,No Cars Available,,0,,,,0,
6155,City,No Cars Available,,0,,,,0,
6151,City,No Cars Available,,0,,,,0,
6154,City,No Cars Available,,0,,,,0,
6156,City,No Cars Available,,0,,,,0,
6162,City,No Cars Available,,0,,,,0,
6163,City,No Cars Available,,0,,,,0,
6161,City,No Cars Available,,0,,,,0,
6168,City,No Cars Available,,0,,,,0,
6169,City,No Cars Available,,0,,,,0,
6164,City,No Cars Available,,0,,,,0,
6165,City,No Cars Available,,0,,,,0,
6170,City,No Cars Available,,0,,,,0,
6166,City,No Cars Available,,0,,,,0,
6172,City,No Cars Available,,0,,,,0,
6171,City,No Cars Available,,0,,,,0,
6174,City,No Cars Available,,0,,,,0,
6177,City,No Cars Available,,0,,,,0,
6181,Airport,No Cars Available,,0,,,,0,
6178,City,No Cars Available,,0,,,,0,
6186,Airport,No Cars Available,,0,,,,0,
6184,Airport,No Cars Available,,0,,,,0,
6185,Airport,No Cars Available,,0,,,,0,
6195,City,No Cars Available,,0,,,,0,
6194,Airport,No Cars Available,,0,,,,0,
6183,Airport,No Cars Available,,0,,,,0,
6201,Airport,No Cars Available,,0,,,,0,
6188,Airport,No Cars Available,,0,,,,0,
6189,Airport,No Cars Available,,0,,,,0,
6206,Airport,No Cars Available,,0,,,,0,
6202,Airport,No Cars Available,,0,,,,0,
6200,Airport,No Cars Available,,0,,,,0,
6204,Airport,No Cars Available,,0,,,,0,
6207,Airport,No Cars Available,,0,,,,0,
6212,Airport,No Cars Available,,0,,,,0,
6222,Airport,No Cars Available,,0,,,,0,
6225,Airport,No Cars Available,,0,,,,0,
6218,Airport,No Cars Available,,0,,,,0,
6210,Airport,No Cars Available,,0,,,,0,
6215,Airport,No Cars Available,,0,,,,0,
6224,City,No Cars Available,,0,,,,0,
6220,Airport,No Cars Available,,0,,,,0,
6216,Airport,No Cars Available,,0,,,,0,
6223,Airport,No Cars Available,,0,,,,0,
6211,Airport,No Cars Available,,0,,,,0,
6219,Airport,No Cars Available,,0,,,,0,
6227,City,No Cars Available,,0,,,,0,
6238,Airport,No Cars Available,,0,,,,0,
6230,Airport,No Cars Available,,0,,,,0,
6244,Airport,No Cars Available,,0,,,,0,
6233,Airport,No Cars Available,,0,,,,0,
6240,Airport,No Cars Available,,0,,,,0,
6236,Airport,No Cars Available,,0,,,,0,
6234,Airport,No Cars Available,,0,,,,0,
6239,Airport,No Cars Available,,0,,,,0,
6241,Airport,No Cars Available,,0,,,,0,
6246,Airport,No Cars Available,,0,,,,0,
6255,Airport,No Cars Available,,0,,,,0,
6256,Airport,No Cars Available,,0,,,,0,
6251,Airport,No Cars Available,,0,,,,0,
6263,Airport,No Cars Available,,0,,,,0,
6258,Airport,No Cars Available,,0,,,,0,
6243,Airport,No Cars Available,,0,,,,0,
6259,Airport,No Cars Available,,0,,,,0,
6260,Airport,No Cars Available,,0,,,,0,
6268,Airport,No Cars Available,,0,,,,0,
6247,Airport,No Cars Available,,0,,,,0,
6269,Airport,No Cars Available,,0,,,,0,
6265,Airport,No Cars Available,,0,,,,0,
6266,Airport,No Cars Available,,0,,,,0,
6277,Airport,No Cars Available,,0,,,,0,
6282,Airport,No Cars Available,,0,,,,0,
6272,Airport,No Cars Available,,0,,,,0,
6275,Airport,No Cars Available,,0,,,,0,
6280,Airport,No Cars Available,,0,,,,0,
6283,Airport,No Cars Available,,0,,,,0,
6279,Airport,No Cars Available,,0,,,,0,
6264,Airport,No Cars Available,,0,,,,0,
6290,Airport,No Cars Available,,0,,,,0,
6276,Airport,No Cars Available,,0,,,,0,
6294,Airport,No Cars Available,,0,,,,0,
6285,Airport,No Cars Available,,0,,,,0,
6296,Airport,No Cars Available,,0,,,,0,
6287,Airport,No Cars Available,,0,,,,0,
6286,City,No Cars Available,,0,,,,0,
6289,Airport,No Cars Available,,0,,,,0,
6291,Airport,No Cars Available,,0,,,,0,
6293,Airport,No Cars Available,,0,,,,0,
6298,Airport,No Cars Available,,0,,,,0,
6295,Airport,No Cars Available,,0,,,,0,
6292,Airport,No Cars Available,,0,,,,0,
6312,Airport,No Cars Available,,0,,,,0,
6305,Airport,No Cars Available,,0,,,,0,
6307,City,No Cars Available,,0,,,,0,
6306,Airport,No Cars Available,,0,,,,0,
6315,Airport,No Cars Available,,0,,,,0,
6313,Airport,No Cars Available,,0,,,,0,
6308,Airport,No Cars Available,,0,,,,0,
6319,City,No Cars Available,,0,,,,0,
6320,Airport,No Cars Available,,0,,,,0,
6325,Airport,No Cars Available,,0,,,,0,
6311,City,No Cars Available,,0,,,,0,
6318,Airport,No Cars Available,,0,,,,0,
6322,Airport,No Cars Available,,0,,,,0,
6324,Airport,No Cars Available,,0,,,,0,
6327,Airport,No Cars Available,,0,,,,0,
6328,Airport,No Cars Available,,0,,,,0,
6330,Airport,No Cars Available,,0,,,,0,
6331,Airport,No Cars Available,,0,,,,0,
6337,Airport,No Cars Available,,0,,,,0,
6339,Airport,No Cars Available,,0,,,,0,
6342,Airport,No Cars Available,,0,,,,0,
6326,Airport,No Cars Available,,0,,,,0,
6340,Airport,No Cars Available,,0,,,,0,
6336,Airport,No Cars Available,,0,,,,0,
6332,Airport,No Cars Available,,0,,,,0,
6341,Airport,No Cars Available,,0,,,,0,
6347,Airport,No Cars Available,,0,,,,0,
6344,Airport,No Cars Available,,0,,,,0,
6349,City,No Cars Available,,0,,,,0,
6351,Airport,No Cars Available,,0,,,,0,
6356,Airport,No Cars Available,,0,,,,0,
6355,Airport,No Cars Available,,0,,,,0,
6358,Airport,No Cars Available,,0,,,,0,
6359,Airport,No Cars Available,,0,,,,0,
6357,Airport,No Cars Available,,0,,,,0,
6352,Airport,No Cars Available,,0,,,,0,
6360,Airport,No Cars Available,,0,,,,0,
6373,Airport,No Cars Available,,0,,,,0,
6361,Airport,No Cars Available,,0,,,,0,
6368,Airport,No Cars Available,,0,,,,0,
6365,Airport,No Cars Available,,0,,,,0,
6371,Airport,No Cars Available,,0,,,,0,
6366,Airport,No Cars Available,,0,,,,0,
6370,Airport,No Cars Available,,0,,,,0,
6378,Airport,No Cars Available,,0,,,,0,
6369,Airport,No Cars Available,,0,,,,0,
6381,Airport,No Cars Available,,0,,,,0,
6388,City,No Cars Available,,0,,,,0,
6391,Airport,No Cars Available,,0,,,,0,
6389,Airport,No Cars Available,,0,,,,0,
6394,Airport,No Cars Available,,0,,,,0,
6395,Airport,No Cars Available,,0,,,,0,
6396,Airport,No Cars Available,,0,,,,0,
6387,Airport,No Cars Available,,0,,,,0,
6383,Airport,No Cars Available,,0,,,,0,
6386,Airport,No Cars Available,,0,,,,0,
6406,Airport,No Cars Available,,0,,,,0,
6407,City,No Cars Available,,0,,,,0,
6405,Airport,No Cars Available,,0,,,,0,
6408,Airport,No Cars Available,,0,,,,0,
6410,Airport,No Cars Available,,0,,,,0,
6412,Airport,No Cars Available,,0,,,,0,
6421,Airport,No Cars Available,,0,,,,0,
6411,Airport,No Cars Available,,0,,,,0,
6409,City,No Cars Available,,0,,,,0,
6414,Airport,No Cars Available,,0,,,,0,
6422,Airport,No Cars Available,,0,,,,0,
6415,Airport,No Cars Available,,0,,,,0,
6420,Airport,No Cars Available,,0,,,,0,
6424,Airport,No Cars Available,,0,,,,0,
6423,Airport,No Cars Available,,0,,,,0,
6426,Airport,No Cars Available,,0,,,,0,
6428,Airport,No Cars Available,,0,,,,0,
6440,Airport,No Cars Available,,0,,,,0,
6431,Airport,No Cars Available,,0,,,,0,
6436,Airport,No Cars Available,,0,,,,0,
6427,Airport,No Cars Available,,0,,,,0,
6443,Airport,No Cars Available,,0,,,,0,
6439,Airport,No Cars Available,,0,,,,0,
6441,Airport,No Cars Available,,0,,,,0,
6444,Airport,No Cars Available,,0,,,,0,
6447,Airport,No Cars Available,,0,,,,0,
6442,Airport,No Cars Available,,0,,,,0,
6449,Airport,No Cars Available,,0,,,,0,
6456,Airport,No Cars Available,,0,,,,0,
6454,Airport,No Cars Available,,0,,,,0,
6455,Airport,No Cars Available,,0,,,,0,
6459,Airport,No Cars Available,,0,,,,0,
6463,Airport,No Cars Available,,0,,,,0,
6473,Airport,No Cars Available,,0,,,,0,
6464,Airport,No Cars Available,,0,,,,0,
6468,Airport,No Cars Available,,0,,,,0,
6458,Airport,No Cars Available,,0,,,,0,
6469,City,No Cars Available,,0,,,,0,
6465,Airport,No Cars Available,,0,,,,0,
6467,Airport,No Cars Available,,0,,,,0,
6466,Airport,No Cars Available,,0,,,,0,
6474,Airport,No Cars Available,,0,,,,0,
6476,Airport,No Cars Available,,0,,,,0,
6481,Airport,No Cars Available,,0,,,,0,
6472,Airport,No Cars Available,,0,,,,0,
6480,Airport,No Cars Available,,0,,,,0,
6479,Airport,No Cars Available,,0,,,,0,
6482,Airport,No Cars Available,,0,,,,0,
6485,Airport,No Cars Available,,0,,,,0,
6483,Airport,No Cars Available,,0,,,,0,
6493,Airport,No Cars Available,,0,,,,0,
6494,Airport,No Cars Available,,0,,,,0,
6489,Airport,No Cars Available,,0,,,,0,
6495,Airport,No Cars Available,,0,,,,0,
6504,Airport,No Cars Available,,0,,,,0,
6498,Airport,No Cars Available,,0,,,,0,
6500,Airport,No Cars Available,,0,,,,0,
6512,Airport,No Cars Available,,0,,,,0,
6511,Airport,No Cars Available,,0,,,,0,
6502,Airport,No Cars Available,,0,,,,0,
6506,Airport,No Cars Available,,0,,,,0,
6507,Airport,No Cars Available,,0,,,,0,
6510,Airport,No Cars Available,,0,,,,0,
6501,Airport,No Cars Available,,0,,,,0,
6513,Airport,No Cars Available,,0,,,,0,
6517,Airport,No Cars Available,,0,,,,0,
6516,Airport,No Cars Available,,0,,,,0,
6518,Airport,No Cars Available,,0,,,,0,
6514,Airport,No Cars Available,,0,,,,0,
6515,Airport,No Cars Available,,0,,,,0,
6521,Airport,No Cars Available,,0,,,,0,
6522,City,No Cars Available,,0,,,,0,
6524,Airport,No Cars Available,,0,,,,0,
6529,Airport,No Cars Available,,0,,,,0,
6532,Airport,No Cars Available,,0,,,,0,
6520,Airport,No Cars Available,,0,,,,0,
6525,Airport,No Cars Available,,0,,,,0,
6536,Airport,No Cars Available,,0,,,,0,
6526,Airport,No Cars Available,,0,,,,0,
6535,Airport,No Cars Available,,0,,,,0,
6528,Airport,No Cars Available,,0,,,,0,
6523,Airport,No Cars Available,,0,,,,0,
6545,Airport,No Cars Available,,0,,,,0,
6544,Airport,No Cars Available,,0,,,,0,
6534,Airport,No Cars Available,,0,,,,0,
6542,City,No Cars Available,,0,,,,0,
6539,Airport,No Cars Available,,0,,,,0,
6547,Airport,No Cars Available,,0,,,,0,
6546,Airport,No Cars Available,,0,,,,0,
6549,Airport,No Cars Available,,0,,,,0,
6550,Airport,No Cars Available,,0,,,,0,
6555,Airport,No Cars Available,,0,,,,0,
6553,Airport,No Cars Available,,0,,,,0,
6564,Airport,No Cars Available,,0,,,,0,
6552,Airport,No Cars Available,,0,,,,0,
6565,Airport,No Cars Available,,0,,,,0,
6570,Airport,No Cars Available,,0,,,,0,
6567,Airport,No Cars Available,,0,,,,0,
6566,Airport,No Cars Available,,0,,,,0,
6569,Airport,No Cars Available,,0,,,,0,
6579,Airport,No Cars Available,,0,,,,0,
6574,Airport,No Cars Available,,0,,,,0,
6578,Airport,No Cars Available,,0,,,,0,
6576,Airport,No Cars Available,,0,,,,0,
6581,Airport,No Cars Available,,0,,,,0,
6586,Airport,No Cars Available,,0,,,,0,
6583,Airport,No Cars Available,,0,,,,0,
6585,City,No Cars Available,,0,,,,0,
6580,Airport,No Cars Available,,0,,,,0,
6588,Airport,No Cars Available,,0,,,,0,
6584,Airport,No Cars Available,,0,,,,0,
6593,Airport,No Cars Available,,0,,,,0,
6589,Airport,No Cars Available,,0,,,,0,
6595,Airport,No Cars Available,,0,,,,0,
6591,City,No Cars Available,,0,,,,0,
6599,Airport,No Cars Available,,0,,,,0,
6592,Airport,No Cars Available,,0,,,,0,
6594,Airport,No Cars Available,,0,,,,0,
6601,Airport,No Cars Available,,0,,,,0,
6603,Airport,No Cars Available,,0,,,,0,
6598,Airport,No Cars Available,,0,,,,0,
6600,Airport,No Cars Available,,0,,,,0,
6607,City,No Cars Available,,0,,,,0,
6602,Airport,No Cars Available,,0,,,,0,
6606,Airport,No Cars Available,,0,,,,0,
6605,Airport,No Cars Available,,0,,,,0,
6611,Airport,No Cars Available,,0,,,,0,
6626,Airport,No Cars Available,,0,,,,0,
6627,Airport,No Cars Available,,0,,,,0,
6618,Airport,No Cars Available,,0,,,,0,
6625,Airport,No Cars Available,,0,,,,0,
6629,Airport,No Cars Available,,0,,,,0,
6628,Airport,No Cars Available,,0,,,,0,
6624,Airport,No Cars Available,,0,,,,0,
6632,Airport,No Cars Available,,0,,,,0,
6637,Airport,No Cars Available,,0,,,,0,
6640,Airport,No Cars Available,,0,,,,0,
6641,Airport,No Cars Available,,0,,,,0,
6631,Airport,No Cars Available,,0,,,,0,
6652,Airport,No Cars Available,,0,,,,0,
6639,Airport,No Cars Available,,0,,,,0,
6636,Airport,No Cars Available,,0,,,,0,
6646,Airport,No Cars Available,,0,,,,0,
6650,Airport,No Cars Available,,0,,,,0,
6644,Airport,No Cars Available,,0,,,,0,
6655,Airport,No Cars Available,,0,,,,0,
6666,Airport,No Cars Available,,0,,,,0,
6662,City,No Cars Available,,0,,,,0,
6668,Airport,No Cars Available,,0,,,,0,
6670,Airport,No Cars Available,,0,,,,0,
6667,Airport,No Cars Available,,0,,,,0,
6654,Airport,No Cars Available,,0,,,,0,
6664,City,No Cars Available,,0,,,,0,
6665,Airport,No Cars Available,,0,,,,0,
6671,Airport,No Cars Available,,0,,,,0,
6672,City,No Cars Available,,0,,,,0,
6678,Airport,No Cars Available,,0,,,,0,
6673,Airport,No Cars Available,,0,,,,0,
6680,Airport,No Cars Available,,0,,,,0,
6687,Airport,No Cars Available,,0,,,,0,
6683,City,No Cars Available,,0,,,,0,
6686,Airport,No Cars Available,,0,,,,0,
6688,Airport,No Cars Available,,0,,,,0,
6689,Airport,No Cars Available,,0,,,,0,
6693,City,No Cars Available,,0,,,,0,
6696,City,No Cars Available,,0,,,,0,
6697,Airport,No Cars Available,,0,,,,0,
6709,Airport,No Cars Available,,0,,,,0,
6706,Airport,No Cars Available,,0,,,,0,
6708,City,No Cars Available,,0,,,,0,
6713,City,No Cars Available,,0,,,,0,
6715,City,No Cars Available,,0,,,,0,
6716,City,No Cars Available,,0,,,,0,
6718,Airport,No Cars Available,,0,,,,0,
6720,City,No Cars Available,,0,,,,0,
6722,Airport,No Cars Available,,0,,,,0,
6725,Airport,No Cars Available,,0,,,,0,
6728,City,No Cars Available,,0,,,,0,
6730,Airport,No Cars Available,,0,,,,0,
6732,Airport,No Cars Available,,0,,,,0,
6737,Airport,No Cars Available,,0,,,,0,
6744,Airport,No Cars Available,,0,,,,0,
6740,City,No Cars Available,,0,,,,0,
6746,City,No Cars Available,,0,,,,0,
6739,City,No Cars Available,,0,,,,0,
6745,City,No Cars Available,,0,,,,0,
6752,Airport,No Cars Available,,0,,,,0,
6751,City,No Cars Available,,0,,,,0,
6754,City,No Cars Available,,0,,,,0,
6753,Airport,No Cars Available,,0,,,,0,
